bond_lot,bond_slot,bond_x_true,bond_y_true,dt_job,dt_x_true,dt_y_true,core_wafer,core_lot,core_slot,core_lot_at_dt,core_slot_at_dt,core_x_true,core_y_true
BS-2601-001,01,11,9,DT-EQP-01_20260511T0000_T01,1,3,WF.010120,CL-2601-001,20,CL-2601-001,20,5,0
BS-2601-001,01,11,8,DT-EQP-01_20260511T0000_T01,1,4,WF.010120,CL-2601-001,20,CL-2601-001,20,11,9
BS-2601-001,01,11,7,DT-EQP-01_20260511T0000_T01,1,5,WF.010120,CL-2601-001,20,CL-2601-001,20,3,3
BS-2601-001,01,11,4,DT-EQP-01_20260511T0000_T01,1,8,WF.010120,CL-2601-001,20,CL-2601-001,20,5,11
BS-2601-001,01,10,7,DT-EQP-01_20260511T0000_T01,2,5,WF.010120,CL-2601-001,20,CL-2601-001,20,3,2
BS-2601-001,01,10,6,DT-EQP-01_20260511T0000_T01,2,6,WF.010120,CL-2601-001,20,CL-2601-001,20,5,10
BS-2601-001,01,10,5,DT-EQP-01_20260511T0000_T01,2,7,WF.010120,CL-2601-001,20,CL-2601-001,20,5,4
BS-2601-001,01,9,11,DT-EQP-01_20260511T0000_T01,3,1,WF.010120,CL-2601-001,20,CL-2601-001,20,0,7
BS-2601-001,01,9,7,DT-EQP-01_20260511T0000_T01,3,5,WF.010120,CL-2601-001,20,CL-2601-001,20,9,7
BS-2601-001,01,9,5,DT-EQP-01_20260511T0000_T01,3,7,WF.010120,CL-2601-001,20,CL-2601-001,20,7,5
BS-2601-001,01,8,11,DT-EQP-01_20260511T0000_T01,4,1,WF.010120,CL-2601-001,20,CL-2601-001,20,8,4
BS-2601-001,01,8,6,DT-EQP-01_20260511T0000_T01,4,6,WF.010120,CL-2601-001,20,CL-2601-001,20,11,3
BS-2601-001,01,8,1,DT-EQP-01_20260511T0000_T01,4,11,WF.010120,CL-2601-001,20,CL-2601-001,20,5,7
BS-2601-001,01,7,11,DT-EQP-01_20260511T0000_T01,5,1,WF.010120,CL-2601-001,20,CL-2601-001,20,8,10
BS-2601-001,01,7,8,DT-EQP-01_20260511T0000_T01,5,4,WF.010120,CL-2601-001,20,CL-2601-001,20,7,11
BS-2601-001,01,7,6,DT-EQP-01_20260511T0000_T01,5,6,WF.010120,CL-2601-001,20,CL-2601-001,20,6,8
BS-2601-001,01,7,4,DT-EQP-01_20260511T0000_T01,5,8,WF.010120,CL-2601-001,20,CL-2601-001,20,2,2
BS-2601-001,01,7,3,DT-EQP-01_20260511T0000_T01,5,9,WF.010120,CL-2601-001,20,CL-2601-001,20,6,2
BS-2601-001,01,7,2,DT-EQP-01_20260511T0000_T01,5,10,WF.010120,CL-2601-001,20,CL-2601-001,20,4,10
BS-2601-001,01,6,7,DT-EQP-01_20260511T0000_T01,6,5,WF.010120,CL-2601-001,20,CL-2601-001,20,6,10
BS-2601-001,01,6,5,DT-EQP-01_20260511T0000_T01,6,7,WF.010120,CL-2601-001,20,CL-2601-001,20,8,6
BS-2601-001,01,5,11,DT-EQP-01_20260511T0000_T01,7,1,WF.010120,CL-2601-001,20,CL-2601-001,20,4,3
BS-2601-001,01,5,9,DT-EQP-01_20260511T0000_T01,7,3,WF.010120,CL-2601-001,20,CL-2601-001,20,7,9
BS-2601-001,01,5,8,DT-EQP-01_20260511T0000_T01,7,4,WF.010120,CL-2601-001,20,CL-2601-001,20,11,8
BS-2601-001,01,5,6,DT-EQP-01_20260511T0000_T01,7,6,WF.010120,CL-2601-001,20,CL-2601-001,20,6,9
BS-2601-001,01,5,3,DT-EQP-01_20260511T0000_T01,7,9,WF.010120,CL-2601-001,20,CL-2601-001,20,7,10
BS-2601-001,01,5,2,DT-EQP-01_20260511T0000_T01,7,10,WF.010120,CL-2601-001,20,CL-2601-001,20,5,12
BS-2601-001,01,4,6,DT-EQP-01_20260511T0000_T01,8,6,WF.010120,CL-2601-001,20,CL-2601-001,20,0,5
BS-2601-001,01,4,2,DT-EQP-01_20260511T0000_T01,8,10,WF.010120,CL-2601-001,20,CL-2601-001,20,5,2
BS-2601-001,01,4,1,DT-EQP-01_20260511T0000_T01,8,11,WF.010120,CL-2601-001,20,CL-2601-001,20,6,0
BS-2601-001,01,3,9,DT-EQP-01_20260511T0000_T01,9,3,WF.010120,CL-2601-001,20,CL-2601-001,20,9,2
BS-2601-001,01,3,7,DT-EQP-01_20260511T0000_T01,9,5,WF.010120,CL-2601-001,20,CL-2601-001,20,10,9
BS-2601-001,01,3,5,DT-EQP-01_20260511T0000_T01,9,7,WF.010120,CL-2601-001,20,CL-2601-001,20,5,5
BS-2601-001,01,3,3,DT-EQP-01_20260511T0000_T01,9,9,WF.010120,CL-2601-001,20,CL-2601-001,20,3,9
BS-2601-001,01,3,1,DT-EQP-01_20260511T0000_T01,9,11,WF.010120,CL-2601-001,20,CL-2601-001,20,7,12
BS-2601-001,01,2,8,DT-EQP-01_20260511T0000_T01,10,4,WF.010120,CL-2601-001,20,CL-2601-001,20,2,8
BS-2601-001,01,2,7,DT-EQP-01_20260511T0000_T01,10,5,WF.010120,CL-2601-001,20,CL-2601-001,20,6,4
BS-2601-001,01,2,6,DT-EQP-01_20260511T0000_T01,10,6,WF.010120,CL-2601-001,20,CL-2601-001,20,7,2
BS-2601-001,01,2,5,DT-EQP-01_20260511T0000_T01,10,7,WF.010120,CL-2601-001,20,CL-2601-001,20,8,2
BS-2601-001,01,2,4,DT-EQP-01_20260511T0000_T01,10,8,WF.010120,CL-2601-001,20,CL-2601-001,20,2,10
BS-2601-001,01,1,9,DT-EQP-01_20260511T0000_T01,11,3,WF.010120,CL-2601-001,20,CL-2601-001,20,3,5
BS-2601-001,01,1,8,DT-EQP-01_20260511T0000_T01,11,4,WF.010120,CL-2601-001,20,CL-2601-001,20,1,3
BS-2601-001,01,1,7,DT-EQP-01_20260511T0000_T01,11,5,WF.010120,CL-2601-001,20,CL-2601-001,20,7,0
BS-2601-001,01,1,3,DT-EQP-01_20260511T0000_T01,11,9,WF.010120,CL-2601-001,20,CL-2601-001,20,1,5
BS-2601-001,02,12,7,DT-EQP-01_20260511T0000_T02,0,5,WF.010201,CL-2601-002,01,CL-2601-002-A4,01,10,4
BS-2601-001,02,12,6,DT-EQP-01_20260511T0000_T02,0,6,WF.010201,CL-2601-002,01,CL-2601-002-A4,01,9,10
BS-2601-001,02,12,5,DT-EQP-01_20260511T0000_T02,0,7,WF.010201,CL-2601-002,01,CL-2601-002-A4,01,11,4
BS-2601-001,02,11,8,DT-EQP-01_20260511T0000_T02,1,4,WF.010515,CL-2601-005,15,CL-2601-005-A5,15,12,5
BS-2601-001,02,11,6,DT-EQP-01_20260511T0000_T02,1,6,WF.010515,CL-2601-005,15,CL-2601-005-A5,15,7,10
BS-2601-001,02,11,5,DT-EQP-01_20260511T0000_T02,1,7,WF.010517,CL-2601-005,17,CL-2601-005-A5,17,4,6
BS-2601-001,02,10,6,DT-EQP-01_20260511T0000_T02,2,6,WF.010201,CL-2601-002,01,CL-2601-002-A4,01,3,2
BS-2601-001,02,10,2,DT-EQP-01_20260511T0000_T02,2,10,WF.010515,CL-2601-005,15,CL-2601-005-A5,15,7,4
BS-2601-001,02,9,11,DT-EQP-01_20260511T0000_T02,3,1,WF.010517,CL-2601-005,17,CL-2601-005-A5,17,3,8
BS-2601-001,02,9,4,DT-EQP-01_20260511T0000_T02,3,8,WF.010515,CL-2601-005,15,CL-2601-005-A5,15,7,1
BS-2601-001,02,9,3,DT-EQP-01_20260511T0000_T02,3,9,WF.010517,CL-2601-005,17,CL-2601-005-A5,17,2,3
BS-2601-001,02,9,2,DT-EQP-01_20260511T0000_T02,3,10,WF.010201,CL-2601-002,01,CL-2601-002-A4,01,1,9
BS-2601-001,02,8,11,DT-EQP-01_20260511T0000_T02,4,1,WF.010201,CL-2601-002,01,CL-2601-002-A4,01,7,5
BS-2601-001,02,8,4,DT-EQP-01_20260511T0000_T02,4,8,WF.010201,CL-2601-002,01,CL-2601-002-A4,01,8,10
BS-2601-001,02,8,2,DT-EQP-01_20260511T0000_T02,4,10,WF.010515,CL-2601-005,15,CL-2601-005-A5,15,5,3
BS-2601-001,02,7,9,DT-EQP-01_20260511T0000_T02,5,3,WF.010201,CL-2601-002,01,CL-2601-002-A4,01,2,8
BS-2601-001,02,7,6,DT-EQP-01_20260511T0000_T02,5,6,WF.010201,CL-2601-002,01,CL-2601-002-A4,01,5,10
BS-2601-001,02,7,5,DT-EQP-01_20260511T0000_T02,5,7,WF.010517,CL-2601-005,17,CL-2601-005-A5,17,7,4
BS-2601-001,02,7,0,DT-EQP-01_20260511T0000_T02,5,12,WF.010515,CL-2601-005,15,CL-2601-005-A5,15,4,11
BS-2601-001,02,6,11,DT-EQP-01_20260511T0000_T02,6,1,WF.010515,CL-2601-005,15,CL-2601-005-A5,15,5,11
BS-2601-001,02,6,10,DT-EQP-01_20260511T0000_T02,6,2,WF.010517,CL-2601-005,17,CL-2601-005-A5,17,7,7
BS-2601-001,02,6,9,DT-EQP-01_20260511T0000_T02,6,3,WF.010201,CL-2601-002,01,CL-2601-002-A4,01,2,6
BS-2601-001,02,6,3,DT-EQP-01_20260511T0000_T02,6,9,WF.010201,CL-2601-002,01,CL-2601-002-A4,01,6,6
BS-2601-001,02,6,0,DT-EQP-01_20260511T0000_T02,6,12,WF.010201,CL-2601-002,01,CL-2601-002-A4,01,9,1
BS-2601-001,02,5,11,DT-EQP-01_20260511T0000_T02,7,1,WF.010517,CL-2601-005,17,CL-2601-005-A5,17,11,5
BS-2601-001,02,5,9,DT-EQP-01_20260511T0000_T02,7,3,WF.010515,CL-2601-005,15,CL-2601-005-A5,15,8,3
BS-2601-001,02,5,6,DT-EQP-01_20260511T0000_T02,7,6,WF.010517,CL-2601-005,17,CL-2601-005-A5,17,9,6
BS-2601-001,02,5,4,DT-EQP-01_20260511T0000_T02,7,8,WF.010517,CL-2601-005,17,CL-2601-005-A5,17,6,8
BS-2601-001,02,5,1,DT-EQP-01_20260511T0000_T02,7,11,WF.010201,CL-2601-002,01,CL-2601-002-A4,01,9,11
BS-2601-001,02,4,11,DT-EQP-01_20260511T0000_T02,8,1,WF.010515,CL-2601-005,15,CL-2601-005-A5,15,2,8
BS-2601-001,02,4,8,DT-EQP-01_20260511T0000_T02,8,4,WF.010517,CL-2601-005,17,CL-2601-005-A5,17,3,3
BS-2601-001,02,4,4,DT-EQP-01_20260511T0000_T02,8,8,WF.010201,CL-2601-002,01,CL-2601-002-A4,01,4,7
BS-2601-001,02,4,2,DT-EQP-01_20260511T0000_T02,8,10,WF.010515,CL-2601-005,15,CL-2601-005-A5,15,0,6
BS-2601-001,02,3,10,DT-EQP-01_20260511T0000_T02,9,2,WF.010201,CL-2601-002,01,CL-2601-002-A4,01,9,5
BS-2601-001,02,3,6,DT-EQP-01_20260511T0000_T02,9,6,WF.010201,CL-2601-002,01,CL-2601-002-A4,01,11,3
BS-2601-001,02,3,3,DT-EQP-01_20260511T0000_T02,9,9,WF.010201,CL-2601-002,01,CL-2601-002-A4,01,7,12
BS-2601-001,02,2,10,DT-EQP-01_20260511T0000_T02,10,2,WF.010517,CL-2601-005,17,CL-2601-005-A5,17,7,2
BS-2601-001,02,2,7,DT-EQP-01_20260511T0000_T02,10,5,WF.010517,CL-2601-005,17,CL-2601-005-A5,17,9,11
BS-2601-001,02,2,4,DT-EQP-01_20260511T0000_T02,10,8,WF.010201,CL-2601-002,01,CL-2601-002-A4,01,9,3
BS-2601-001,02,2,2,DT-EQP-01_20260511T0000_T02,10,10,WF.010201,CL-2601-002,01,CL-2601-002-A4,01,10,6
BS-2601-001,02,1,6,DT-EQP-01_20260511T0000_T02,11,6,WF.010515,CL-2601-005,15,CL-2601-005-A5,15,3,8
BS-2601-001,02,1,3,DT-EQP-01_20260511T0000_T02,11,9,WF.010515,CL-2601-005,15,CL-2601-005-A5,15,11,6
BS-2601-001,03,12,7,DT-EQP-01_20260511T0000_T03,0,5,WF.010103,CL-2601-001,03,CL-2601-001,03,5,12
BS-2601-001,03,12,6,DT-EQP-01_20260511T0000_T03,0,6,WF.010103,CL-2601-001,03,CL-2601-001,03,6,12
BS-2601-001,03,11,8,DT-EQP-01_20260511T0000_T03,1,4,WF.010103,CL-2601-001,03,CL-2601-001,03,10,2
BS-2601-001,03,11,6,DT-EQP-01_20260511T0000_T03,1,6,WF.010103,CL-2601-001,03,CL-2601-001,03,5,8
BS-2601-001,03,11,5,DT-EQP-01_20260511T0000_T03,1,7,WF.010103,CL-2601-001,03,CL-2601-001,03,3,11
BS-2601-001,03,11,4,DT-EQP-01_20260511T0000_T03,1,8,WF.010103,CL-2601-001,03,CL-2601-001,03,4,9
BS-2601-001,03,10,8,DT-EQP-01_20260511T0000_T03,2,4,WF.010103,CL-2601-001,03,CL-2601-001,03,4,5
BS-2601-001,03,10,3,DT-EQP-01_20260511T0000_T03,2,9,WF.010103,CL-2601-001,03,CL-2601-001,03,10,3
BS-2601-001,03,9,11,DT-EQP-01_20260511T0000_T03,3,1,WF.010103,CL-2601-001,03,CL-2601-001,03,9,10
BS-2601-001,03,9,6,DT-EQP-01_20260511T0000_T03,3,6,WF.010103,CL-2601-001,03,CL-2601-001,03,5,10
BS-2601-001,03,9,5,DT-EQP-01_20260511T0000_T03,3,7,WF.010103,CL-2601-001,03,CL-2601-001,03,12,7
BS-2601-001,03,8,9,DT-EQP-01_20260511T0000_T03,4,3,WF.010103,CL-2601-001,03,CL-2601-001,03,9,11
BS-2601-001,03,8,6,DT-EQP-01_20260511T0000_T03,4,6,WF.010103,CL-2601-001,03,CL-2601-001,03,1,5
BS-2601-001,03,8,1,DT-EQP-01_20260511T0000_T03,4,11,WF.010103,CL-2601-001,03,CL-2601-001,03,5,9
BS-2601-001,03,7,11,DT-EQP-01_20260511T0000_T03,5,1,WF.010103,CL-2601-001,03,CL-2601-001,03,8,3
BS-2601-001,03,7,10,DT-EQP-01_20260511T0000_T03,5,2,WF.010103,CL-2601-001,03,CL-2601-001,03,3,6
BS-2601-001,03,7,9,DT-EQP-01_20260511T0000_T03,5,3,WF.010103,CL-2601-001,03,CL-2601-001,03,5,1
BS-2601-001,03,7,8,DT-EQP-01_20260511T0000_T03,5,4,WF.010103,CL-2601-001,03,CL-2601-001,03,8,8
BS-2601-001,03,7,7,DT-EQP-01_20260511T0000_T03,5,5,WF.010103,CL-2601-001,03,CL-2601-001,03,9,9
BS-2601-001,03,7,5,DT-EQP-01_20260511T0000_T03,5,7,WF.010103,CL-2601-001,03,CL-2601-001,03,4,8
BS-2601-001,03,7,0,DT-EQP-01_20260511T0000_T03,5,12,WF.010103,CL-2601-001,03,CL-2601-001,03,11,7
BS-2601-001,03,6,11,DT-EQP-01_20260511T0000_T03,6,1,WF.010103,CL-2601-001,03,CL-2601-001,03,7,9
BS-2601-001,03,6,10,DT-EQP-01_20260511T0000_T03,6,2,WF.010103,CL-2601-001,03,CL-2601-001,03,7,8
BS-2601-001,03,6,3,DT-EQP-01_20260511T0000_T03,6,9,WF.010103,CL-2601-001,03,CL-2601-001,03,0,7
BS-2601-001,03,5,12,DT-EQP-01_20260511T0000_T03,7,0,WF.010103,CL-2601-001,03,CL-2601-001,03,0,6
BS-2601-001,03,5,9,DT-EQP-01_20260511T0000_T03,7,3,WF.010103,CL-2601-001,03,CL-2601-001,03,8,6
BS-2601-001,03,5,8,DT-EQP-01_20260511T0000_T03,7,4,WF.010103,CL-2601-001,03,CL-2601-001,03,7,5
BS-2601-001,03,5,7,DT-EQP-01_20260511T0000_T03,7,5,WF.010103,CL-2601-001,03,CL-2601-001,03,9,5
BS-2601-001,03,5,6,DT-EQP-01_20260511T0000_T03,7,6,WF.010103,CL-2601-001,03,CL-2601-001,03,10,5
BS-2601-001,03,5,3,DT-EQP-01_20260511T0000_T03,7,9,WF.010103,CL-2601-001,03,CL-2601-001,03,6,6
BS-2601-001,03,5,2,DT-EQP-01_20260511T0000_T03,7,10,WF.010103,CL-2601-001,03,CL-2601-001,03,7,10
BS-2601-001,03,5,1,DT-EQP-01_20260511T0000_T03,7,11,WF.010103,CL-2601-001,03,CL-2601-001,03,2,7
BS-2601-001,03,4,10,DT-EQP-01_20260511T0000_T03,8,2,WF.010103,CL-2601-001,03,CL-2601-001,03,1,9
BS-2601-001,03,4,9,DT-EQP-01_20260511T0000_T03,8,3,WF.010103,CL-2601-001,03,CL-2601-001,03,7,6
BS-2601-001,03,4,7,DT-EQP-01_20260511T0000_T03,8,5,WF.010103,CL-2601-001,03,CL-2601-001,03,2,4
BS-2601-001,03,4,6,DT-EQP-01_20260511T0000_T03,8,6,WF.010103,CL-2601-001,03,CL-2601-001,03,7,11
BS-2601-001,03,4,3,DT-EQP-01_20260511T0000_T03,8,9,WF.010103,CL-2601-001,03,CL-2601-001,03,1,8
BS-2601-001,03,4,2,DT-EQP-01_20260511T0000_T03,8,10,WF.010103,CL-2601-001,03,CL-2601-001,03,2,10
BS-2601-001,03,3,9,DT-EQP-01_20260511T0000_T03,9,3,WF.010103,CL-2601-001,03,CL-2601-001,03,8,1
BS-2601-001,03,3,8,DT-EQP-01_20260511T0000_T03,9,4,WF.010103,CL-2601-001,03,CL-2601-001,03,3,8
BS-2601-001,03,3,7,DT-EQP-01_20260511T0000_T03,9,5,WF.010103,CL-2601-001,03,CL-2601-001,03,11,4
BS-2601-001,03,3,2,DT-EQP-01_20260511T0000_T03,9,10,WF.010103,CL-2601-001,03,CL-2601-001,03,5,0
BS-2601-001,03,2,9,DT-EQP-01_20260511T0000_T03,10,3,WF.010103,CL-2601-001,03,CL-2601-001,03,2,8
BS-2601-001,03,2,8,DT-EQP-01_20260511T0000_T03,10,4,WF.010103,CL-2601-001,03,CL-2601-001,03,6,5
BS-2601-001,03,2,6,DT-EQP-01_20260511T0000_T03,10,6,WF.010103,CL-2601-001,03,CL-2601-001,03,5,5
BS-2601-001,03,2,2,DT-EQP-01_20260511T0000_T03,10,10,WF.010103,CL-2601-001,03,CL-2601-001,03,12,6
BS-2601-001,03,1,6,DT-EQP-01_20260511T0000_T03,11,6,WF.010103,CL-2601-001,03,CL-2601-001,03,10,7
BS-2601-001,03,1,3,DT-EQP-01_20260511T0000_T03,11,9,WF.010103,CL-2601-001,03,CL-2601-001,03,3,2
BS-2601-001,04,11,7,DT-EQP-01_20260511T0000_T04,1,5,WF.010825,CL-2601-008,25,CL-2601-008,25,9,7
BS-2601-001,04,10,8,DT-EQP-01_20260511T0000_T04,2,4,WF.010825,CL-2601-008,25,CL-2601-008,25,10,5
BS-2601-001,04,10,5,DT-EQP-01_20260511T0000_T04,2,7,WF.010825,CL-2601-008,25,CL-2601-008,25,9,10
BS-2601-001,04,10,3,DT-EQP-01_20260511T0000_T04,2,9,WF.010825,CL-2601-008,25,CL-2601-008,25,6,6
BS-2601-001,04,9,11,DT-EQP-01_20260511T0000_T04,3,1,WF.010825,CL-2601-008,25,CL-2601-008,25,5,2
BS-2601-001,04,9,5,DT-EQP-01_20260511T0000_T04,3,7,WF.010825,CL-2601-008,25,CL-2601-008,25,7,7
BS-2601-001,04,9,3,DT-EQP-01_20260511T0000_T04,3,9,WF.010825,CL-2601-008,25,CL-2601-008,25,8,5
BS-2601-001,04,8,11,DT-EQP-01_20260511T0000_T04,4,1,WF.010825,CL-2601-008,25,CL-2601-008,25,5,12
BS-2601-001,04,8,6,DT-EQP-01_20260511T0000_T04,4,6,WF.010825,CL-2601-008,25,CL-2601-008,25,6,3
BS-2601-001,04,7,11,DT-EQP-01_20260511T0000_T04,5,1,WF.010825,CL-2601-008,25,CL-2601-008,25,6,2
BS-2601-001,04,7,10,DT-EQP-01_20260511T0000_T04,5,2,WF.010825,CL-2601-008,25,CL-2601-008,25,4,6
BS-2601-001,04,7,9,DT-EQP-01_20260511T0000_T04,5,3,WF.010825,CL-2601-008,25,CL-2601-008,25,1,9
BS-2601-001,04,7,7,DT-EQP-01_20260511T0000_T04,5,5,WF.010825,CL-2601-008,25,CL-2601-008,25,7,5
BS-2601-001,04,7,6,DT-EQP-01_20260511T0000_T04,5,6,WF.010825,CL-2601-008,25,CL-2601-008,25,8,9
BS-2601-001,04,7,5,DT-EQP-01_20260511T0000_T04,5,7,WF.010825,CL-2601-008,25,CL-2601-008,25,9,1
BS-2601-001,04,7,3,DT-EQP-01_20260511T0000_T04,5,9,WF.010825,CL-2601-008,25,CL-2601-008,25,12,5
BS-2601-001,04,7,2,DT-EQP-01_20260511T0000_T04,5,10,WF.010825,CL-2601-008,25,CL-2601-008,25,8,4
BS-2601-001,04,6,8,DT-EQP-01_20260511T0000_T04,6,4,WF.010825,CL-2601-008,25,CL-2601-008,25,8,3
BS-2601-001,04,6,4,DT-EQP-01_20260511T0000_T04,6,8,WF.010825,CL-2601-008,25,CL-2601-008,25,8,6
BS-2601-001,04,6,3,DT-EQP-01_20260511T0000_T04,6,9,WF.010825,CL-2601-008,25,CL-2601-008,25,11,9
BS-2601-001,04,5,12,DT-EQP-01_20260511T0000_T04,7,0,WF.010825,CL-2601-008,25,CL-2601-008,25,4,10
BS-2601-001,04,5,11,DT-EQP-01_20260511T0000_T04,7,1,WF.010825,CL-2601-008,25,CL-2601-008,25,12,7
BS-2601-001,04,5,10,DT-EQP-01_20260511T0000_T04,7,2,WF.010825,CL-2601-008,25,CL-2601-008,25,9,2
BS-2601-001,04,5,9,DT-EQP-01_20260511T0000_T04,7,3,WF.010825,CL-2601-008,25,CL-2601-008,25,4,8
BS-2601-001,04,5,6,DT-EQP-01_20260511T0000_T04,7,6,WF.010825,CL-2601-008,25,CL-2601-008,25,2,9
BS-2601-001,04,4,10,DT-EQP-01_20260511T0000_T04,8,2,WF.010825,CL-2601-008,25,CL-2601-008,25,4,4
BS-2601-001,04,4,5,DT-EQP-01_20260511T0000_T04,8,7,WF.010825,CL-2601-008,25,CL-2601-008,25,9,4
BS-2601-001,04,4,4,DT-EQP-01_20260511T0000_T04,8,8,WF.010825,CL-2601-008,25,CL-2601-008,25,5,4
BS-2601-001,04,3,11,DT-EQP-01_20260511T0000_T04,9,1,WF.010825,CL-2601-008,25,CL-2601-008,25,6,4
BS-2601-001,04,3,10,DT-EQP-01_20260511T0000_T04,9,2,WF.010825,CL-2601-008,25,CL-2601-008,25,3,9
BS-2601-001,04,3,5,DT-EQP-01_20260511T0000_T04,9,7,WF.010825,CL-2601-008,25,CL-2601-008,25,6,1
BS-2601-001,04,3,3,DT-EQP-01_20260511T0000_T04,9,9,WF.010825,CL-2601-008,25,CL-2601-008,25,0,5
BS-2601-001,04,2,10,DT-EQP-01_20260511T0000_T04,10,2,WF.010825,CL-2601-008,25,CL-2601-008,25,8,11
BS-2601-001,04,2,8,DT-EQP-01_20260511T0000_T04,10,4,WF.010825,CL-2601-008,25,CL-2601-008,25,6,11
BS-2601-001,04,2,7,DT-EQP-01_20260511T0000_T04,10,5,WF.010825,CL-2601-008,25,CL-2601-008,25,3,3
BS-2601-001,04,2,4,DT-EQP-01_20260511T0000_T04,10,8,WF.010825,CL-2601-008,25,CL-2601-008,25,4,9
BS-2601-001,04,2,3,DT-EQP-01_20260511T0000_T04,10,9,WF.010825,CL-2601-008,25,CL-2601-008,25,5,11
BS-2601-001,04,2,2,DT-EQP-01_20260511T0000_T04,10,10,WF.010825,CL-2601-008,25,CL-2601-008,25,5,7
BS-2601-001,04,1,8,DT-EQP-01_20260511T0000_T04,11,4,WF.010825,CL-2601-008,25,CL-2601-008,25,10,4
BS-2601-001,04,1,7,DT-EQP-01_20260511T0000_T04,11,5,WF.010825,CL-2601-008,25,CL-2601-008,25,7,9
BS-2601-001,04,1,4,DT-EQP-01_20260511T0000_T04,11,8,WF.010825,CL-2601-008,25,CL-2601-008,25,8,10
BS-2601-001,04,0,6,DT-EQP-01_20260511T0000_T04,12,6,WF.010825,CL-2601-008,25,CL-2601-008,25,7,4
BS-2601-001,05,12,7,DT-EQP-01_20260511T0000_T05,0,5,WF.010714,CL-2601-007,14,CL-2601-007-A2-A6-A8,14,3,7
BS-2601-001,05,12,6,DT-EQP-01_20260511T0000_T05,0,6,WF.010817,CL-2601-008,17,CL-2601-008,17,5,1
BS-2601-001,05,11,7,DT-EQP-01_20260511T0000_T05,1,5,WF.010817,CL-2601-008,17,CL-2601-008,17,9,3
BS-2601-001,05,11,4,DT-EQP-01_20260511T0000_T05,1,8,WF.010817,CL-2601-008,17,CL-2601-008,17,1,9
BS-2601-001,05,10,10,DT-EQP-01_20260511T0000_T05,2,2,WF.010714,CL-2601-007,14,CL-2601-007-A2-A6-A8,14,4,9
BS-2601-001,05,10,6,DT-EQP-01_20260511T0000_T05,2,6,WF.010714,CL-2601-007,14,CL-2601-007-A2-A6-A8,14,5,3
BS-2601-001,05,10,5,DT-EQP-01_20260511T0000_T05,2,7,WF.010714,CL-2601-007,14,CL-2601-007-A2-A6-A8,14,10,2
BS-2601-001,05,10,3,DT-EQP-01_20260511T0000_T05,2,9,WF.010714,CL-2601-007,14,CL-2601-007-A2-A6-A8,14,1,3
BS-2601-001,05,9,9,DT-EQP-01_20260511T0000_T05,3,3,WF.010620,CL-2601-006,20,CL-2601-006-A1,20,6,10
BS-2601-001,05,9,7,DT-EQP-01_20260511T0000_T05,3,5,WF.010817,CL-2601-008,17,CL-2601-008,17,7,4
BS-2601-001,05,9,3,DT-EQP-01_20260511T0000_T05,3,9,WF.010817,CL-2601-008,17,CL-2601-008,17,9,8
BS-2601-001,05,8,10,DT-EQP-01_20260511T0000_T05,4,2,WF.010817,CL-2601-008,17,CL-2601-008,17,1,4
BS-2601-001,05,8,7,DT-EQP-01_20260511T0000_T05,4,5,WF.010714,CL-2601-007,14,CL-2601-007-A2-A6-A8,14,6,1
BS-2601-001,05,8,6,DT-EQP-01_20260511T0000_T05,4,6,WF.010817,CL-2601-008,17,CL-2601-008,17,4,9
BS-2601-001,05,8,5,DT-EQP-01_20260511T0000_T05,4,7,WF.010817,CL-2601-008,17,CL-2601-008,17,2,3
BS-2601-001,05,8,4,DT-EQP-01_20260511T0000_T05,4,8,WF.010620,CL-2601-006,20,CL-2601-006-A1,20,7,2
BS-2601-001,05,7,9,DT-EQP-01_20260511T0000_T05,5,3,WF.010817,CL-2601-008,17,CL-2601-008,17,8,8
BS-2601-001,05,7,6,DT-EQP-01_20260511T0000_T05,5,6,WF.010620,CL-2601-006,20,CL-2601-006-A1,20,10,2
BS-2601-001,05,7,5,DT-EQP-01_20260511T0000_T05,5,7,WF.010620,CL-2601-006,20,CL-2601-006-A1,20,4,10
BS-2601-001,05,7,4,DT-EQP-01_20260511T0000_T05,5,8,WF.010817,CL-2601-008,17,CL-2601-008,17,8,4
BS-2601-001,05,7,1,DT-EQP-01_20260511T0000_T05,5,11,WF.010620,CL-2601-006,20,CL-2601-006-A1,20,7,9
BS-2601-001,05,7,0,DT-EQP-01_20260511T0000_T05,5,12,WF.010817,CL-2601-008,17,CL-2601-008,17,0,6
BS-2601-001,05,6,11,DT-EQP-01_20260511T0000_T05,6,1,WF.010714,CL-2601-007,14,CL-2601-007-A2-A6-A8,14,12,6
BS-2601-001,05,6,10,DT-EQP-01_20260511T0000_T05,6,2,WF.010620,CL-2601-006,20,CL-2601-006-A1,20,10,6
BS-2601-001,05,6,9,DT-EQP-01_20260511T0000_T05,6,3,WF.010620,CL-2601-006,20,CL-2601-006-A1,20,4,6
BS-2601-001,05,6,7,DT-EQP-01_20260511T0000_T05,6,5,WF.010620,CL-2601-006,20,CL-2601-006-A1,20,3,5
BS-2601-001,05,6,6,DT-EQP-01_20260511T0000_T05,6,6,WF.010817,CL-2601-008,17,CL-2601-008,17,9,1
BS-2601-001,05,6,5,DT-EQP-01_20260511T0000_T05,6,7,WF.010817,CL-2601-008,17,CL-2601-008,17,0,7
BS-2601-001,05,6,4,DT-EQP-01_20260511T0000_T05,6,8,WF.010620,CL-2601-006,20,CL-2601-006-A1,20,2,5
BS-2601-001,05,6,0,DT-EQP-01_20260511T0000_T05,6,12,WF.010620,CL-2601-006,20,CL-2601-006-A1,20,2,6
BS-2601-001,05,5,12,DT-EQP-01_20260511T0000_T05,7,0,WF.010714,CL-2601-007,14,CL-2601-007-A2-A6-A8,14,7,9
BS-2601-001,05,5,10,DT-EQP-01_20260511T0000_T05,7,2,WF.010817,CL-2601-008,17,CL-2601-008,17,5,12
BS-2601-001,05,5,6,DT-EQP-01_20260511T0000_T05,7,6,WF.010817,CL-2601-008,17,CL-2601-008,17,11,6
BS-2601-001,05,5,2,DT-EQP-01_20260511T0000_T05,7,10,WF.010714,CL-2601-007,14,CL-2601-007-A2-A6-A8,14,9,7
BS-2601-001,05,4,7,DT-EQP-01_20260511T0000_T05,8,5,WF.010817,CL-2601-008,17,CL-2601-008,17,5,2
BS-2601-001,05,4,5,DT-EQP-01_20260511T0000_T05,8,7,WF.010817,CL-2601-008,17,CL-2601-008,17,7,8
BS-2601-001,05,4,3,DT-EQP-01_20260511T0000_T05,8,9,WF.010714,CL-2601-007,14,CL-2601-007-A2-A6-A8,14,4,2
BS-2601-001,05,4,1,DT-EQP-01_20260511T0000_T05,8,11,WF.010817,CL-2601-008,17,CL-2601-008,17,3,4
BS-2601-001,05,3,11,DT-EQP-01_20260511T0000_T05,9,1,WF.010714,CL-2601-007,14,CL-2601-007-A2-A6-A8,14,1,5
BS-2601-001,05,3,10,DT-EQP-01_20260511T0000_T05,9,2,WF.010714,CL-2601-007,14,CL-2601-007-A2-A6-A8,14,2,2
BS-2601-001,05,3,8,DT-EQP-01_20260511T0000_T05,9,4,WF.010817,CL-2601-008,17,CL-2601-008,17,4,5
BS-2601-001,05,3,3,DT-EQP-01_20260511T0000_T05,9,9,WF.010714,CL-2601-007,14,CL-2601-007-A2-A6-A8,14,4,8
BS-2601-001,05,3,2,DT-EQP-01_20260511T0000_T05,9,10,WF.010620,CL-2601-006,20,CL-2601-006-A1,20,1,6
BS-2601-001,05,2,9,DT-EQP-01_20260511T0000_T05,10,3,WF.010620,CL-2601-006,20,CL-2601-006-A1,20,4,1
BS-2601-001,05,2,3,DT-EQP-01_20260511T0000_T05,10,9,WF.010817,CL-2601-008,17,CL-2601-008,17,6,12
BS-2601-001,05,2,2,DT-EQP-01_20260511T0000_T05,10,10,WF.010620,CL-2601-006,20,CL-2601-006-A1,20,9,9
BS-2601-001,05,1,6,DT-EQP-01_20260511T0000_T05,11,6,WF.010714,CL-2601-007,14,CL-2601-007-A2-A6-A8,14,8,3
BS-2601-001,05,1,4,DT-EQP-01_20260511T0000_T05,11,8,WF.010620,CL-2601-006,20,CL-2601-006-A1,20,5,11
BS-2601-001,05,0,7,DT-EQP-01_20260511T0000_T05,12,5,WF.010817,CL-2601-008,17,CL-2601-008,17,8,10
BS-2601-001,06,12,6,DT-EQP-01_20260511T0000_T06,0,6,WF.010624,CL-2601-006,24,CL-2601-006,24,9,5
BS-2601-001,06,11,9,DT-EQP-01_20260511T0000_T06,1,3,WF.010624,CL-2601-006,24,CL-2601-006,24,8,9
BS-2601-001,06,11,7,DT-EQP-01_20260511T0000_T06,1,5,WF.010720,CL-2601-007,20,CL-2601-007-A2-A3,20,9,6
BS-2601-001,06,11,6,DT-EQP-01_20260511T0000_T06,1,6,WF.010704,CL-2601-007,04,CL-2601-007-A2-A6-A8,04,8,6
BS-2601-001,06,10,6,DT-EQP-01_20260511T0000_T06,2,6,WF.010720,CL-2601-007,20,CL-2601-007-A2-A3,20,9,3
BS-2601-001,06,10,2,DT-EQP-01_20260511T0000_T06,2,10,WF.010720,CL-2601-007,20,CL-2601-007-A2-A3,20,9,2
BS-2601-001,06,9,11,DT-EQP-01_20260511T0000_T06,3,1,WF.010624,CL-2601-006,24,CL-2601-006,24,7,10
BS-2601-001,06,9,10,DT-EQP-01_20260511T0000_T06,3,2,WF.010704,CL-2601-007,04,CL-2601-007-A2-A6-A8,04,4,7
BS-2601-001,06,9,5,DT-EQP-01_20260511T0000_T06,3,7,WF.010704,CL-2601-007,04,CL-2601-007-A2-A6-A8,04,6,4
BS-2601-001,06,9,2,DT-EQP-01_20260511T0000_T06,3,10,WF.010624,CL-2601-006,24,CL-2601-006,24,4,1
BS-2601-001,06,8,11,DT-EQP-01_20260511T0000_T06,4,1,WF.010720,CL-2601-007,20,CL-2601-007-A2-A3,20,5,8
BS-2601-001,06,8,7,DT-EQP-01_20260511T0000_T06,4,5,WF.010704,CL-2601-007,04,CL-2601-007-A2-A6-A8,04,9,5
BS-2601-001,06,7,7,DT-EQP-01_20260511T0000_T06,5,5,WF.010720,CL-2601-007,20,CL-2601-007-A2-A3,20,5,0
BS-2601-001,06,7,5,DT-EQP-01_20260511T0000_T06,5,7,WF.010720,CL-2601-007,20,CL-2601-007-A2-A3,20,2,2
BS-2601-001,06,7,4,DT-EQP-01_20260511T0000_T06,5,8,WF.010720,CL-2601-007,20,CL-2601-007-A2-A3,20,9,7
BS-2601-001,06,7,1,DT-EQP-01_20260511T0000_T06,5,11,WF.010624,CL-2601-006,24,CL-2601-006,24,1,7
BS-2601-001,06,7,0,DT-EQP-01_20260511T0000_T06,5,12,WF.010720,CL-2601-007,20,CL-2601-007-A2-A3,20,9,5
BS-2601-001,06,6,11,DT-EQP-01_20260511T0000_T06,6,1,WF.010624,CL-2601-006,24,CL-2601-006,24,4,2
BS-2601-001,06,6,8,DT-EQP-01_20260511T0000_T06,6,4,WF.010624,CL-2601-006,24,CL-2601-006,24,12,7
BS-2601-001,06,5,10,DT-EQP-01_20260511T0000_T06,7,2,WF.010720,CL-2601-007,20,CL-2601-007-A2-A3,20,4,4
BS-2601-001,06,5,8,DT-EQP-01_20260511T0000_T06,7,4,WF.010704,CL-2601-007,04,CL-2601-007-A2-A6-A8,04,10,4
BS-2601-001,06,5,5,DT-EQP-01_20260511T0000_T06,7,7,WF.010720,CL-2601-007,20,CL-2601-007-A2-A3,20,6,4
BS-2601-001,06,5,1,DT-EQP-01_20260511T0000_T06,7,11,WF.010720,CL-2601-007,20,CL-2601-007-A2-A3,20,3,1
BS-2601-001,06,4,9,DT-EQP-01_20260511T0000_T06,8,3,WF.010704,CL-2601-007,04,CL-2601-007-A2-A6-A8,04,1,8
BS-2601-001,06,4,5,DT-EQP-01_20260511T0000_T06,8,7,WF.010624,CL-2601-006,24,CL-2601-006,24,8,3
BS-2601-001,06,4,4,DT-EQP-01_20260511T0000_T06,8,8,WF.010704,CL-2601-007,04,CL-2601-007-A2-A6-A8,04,3,4
BS-2601-001,06,3,8,DT-EQP-01_20260511T0000_T06,9,4,WF.010704,CL-2601-007,04,CL-2601-007-A2-A6-A8,04,7,8
BS-2601-001,06,3,4,DT-EQP-01_20260511T0000_T06,9,8,WF.010624,CL-2601-006,24,CL-2601-006,24,7,11
BS-2601-001,06,3,1,DT-EQP-01_20260511T0000_T06,9,11,WF.010624,CL-2601-006,24,CL-2601-006,24,9,2
BS-2601-001,06,2,9,DT-EQP-01_20260511T0000_T06,10,3,WF.010720,CL-2601-007,20,CL-2601-007-A2-A3,20,10,10
BS-2601-001,06,2,6,DT-EQP-01_20260511T0000_T06,10,6,WF.010624,CL-2601-006,24,CL-2601-006,24,2,8
BS-2601-001,06,2,4,DT-EQP-01_20260511T0000_T06,10,8,WF.010624,CL-2601-006,24,CL-2601-006,24,8,1
BS-2601-001,06,2,2,DT-EQP-01_20260511T0000_T06,10,10,WF.010704,CL-2601-007,04,CL-2601-007-A2-A6-A8,04,3,10
BS-2601-001,06,1,8,DT-EQP-01_20260511T0000_T06,11,4,WF.010720,CL-2601-007,20,CL-2601-007-A2-A3,20,8,6
BS-2601-001,06,1,6,DT-EQP-01_20260511T0000_T06,11,6,WF.010720,CL-2601-007,20,CL-2601-007-A2-A3,20,5,1
BS-2601-001,06,1,3,DT-EQP-01_20260511T0000_T06,11,9,WF.010720,CL-2601-007,20,CL-2601-007-A2-A3,20,3,10
BS-2601-001,06,0,7,DT-EQP-01_20260511T0000_T06,12,5,WF.010704,CL-2601-007,04,CL-2601-007-A2-A6-A8,04,3,5
BS-2601-001,06,0,5,DT-EQP-01_20260511T0000_T06,12,7,WF.010720,CL-2601-007,20,CL-2601-007-A2-A3,20,0,7
BS-2601-001,07,12,6,DT-EQP-01_20260511T0000_T07,0,6,WF.010413,CL-2601-004,13,CL-2601-004,13,6,12
BS-2601-001,07,11,6,DT-EQP-01_20260511T0000_T07,1,6,WF.010413,CL-2601-004,13,CL-2601-004,13,6,10
BS-2601-001,07,11,5,DT-EQP-01_20260511T0000_T07,1,7,WF.010413,CL-2601-004,13,CL-2601-004,13,7,10
BS-2601-001,07,11,4,DT-EQP-01_20260511T0000_T07,1,8,WF.010111,CL-2601-001,11,CL-2601-001,11,3,1
BS-2601-001,07,11,3,DT-EQP-01_20260511T0000_T07,1,9,WF.010111,CL-2601-001,11,CL-2601-001,11,8,11
BS-2601-001,07,10,10,DT-EQP-01_20260511T0000_T07,2,2,WF.010413,CL-2601-004,13,CL-2601-004,13,2,2
BS-2601-001,07,10,9,DT-EQP-01_20260511T0000_T07,2,3,WF.010111,CL-2601-001,11,CL-2601-001,11,8,6
BS-2601-001,07,10,8,DT-EQP-01_20260511T0000_T07,2,4,WF.010111,CL-2601-001,11,CL-2601-001,11,5,10
BS-2601-001,07,10,5,DT-EQP-01_20260511T0000_T07,2,7,WF.010413,CL-2601-004,13,CL-2601-004,13,7,7
BS-2601-001,07,10,4,DT-EQP-01_20260511T0000_T07,2,8,WF.010111,CL-2601-001,11,CL-2601-001,11,7,8
BS-2601-001,07,10,3,DT-EQP-01_20260511T0000_T07,2,9,WF.010111,CL-2601-001,11,CL-2601-001,11,3,9
BS-2601-001,07,10,2,DT-EQP-01_20260511T0000_T07,2,10,WF.010111,CL-2601-001,11,CL-2601-001,11,5,5
BS-2601-001,07,9,6,DT-EQP-01_20260511T0000_T07,3,6,WF.010413,CL-2601-004,13,CL-2601-004,13,8,5
BS-2601-001,07,9,1,DT-EQP-01_20260511T0000_T07,3,11,WF.010111,CL-2601-001,11,CL-2601-001,11,5,9
BS-2601-001,07,8,7,DT-EQP-01_20260511T0000_T07,4,5,WF.010111,CL-2601-001,11,CL-2601-001,11,10,4
BS-2601-001,07,8,4,DT-EQP-01_20260511T0000_T07,4,8,WF.010111,CL-2601-001,11,CL-2601-001,11,10,7
BS-2601-001,07,8,3,DT-EQP-01_20260511T0000_T07,4,9,WF.010111,CL-2601-001,11,CL-2601-001,11,1,8
BS-2601-001,07,7,10,DT-EQP-01_20260511T0000_T07,5,2,WF.010111,CL-2601-001,11,CL-2601-001,11,9,6
BS-2601-001,07,7,2,DT-EQP-01_20260511T0000_T07,5,10,WF.010413,CL-2601-004,13,CL-2601-004,13,6,0
BS-2601-001,07,7,0,DT-EQP-01_20260511T0000_T07,5,12,WF.010111,CL-2601-001,11,CL-2601-001,11,9,9
BS-2601-001,07,6,6,DT-EQP-01_20260511T0000_T07,6,6,WF.010413,CL-2601-004,13,CL-2601-004,13,10,3
BS-2601-001,07,6,5,DT-EQP-01_20260511T0000_T07,6,7,WF.010413,CL-2601-004,13,CL-2601-004,13,7,11
BS-2601-001,07,6,4,DT-EQP-01_20260511T0000_T07,6,8,WF.010111,CL-2601-001,11,CL-2601-001,11,3,11
BS-2601-001,07,6,2,DT-EQP-01_20260511T0000_T07,6,10,WF.010413,CL-2601-004,13,CL-2601-004,13,7,4
BS-2601-001,07,6,1,DT-EQP-01_20260511T0000_T07,6,11,WF.010413,CL-2601-004,13,CL-2601-004,13,5,10
BS-2601-001,07,5,10,DT-EQP-01_20260511T0000_T07,7,2,WF.010111,CL-2601-001,11,CL-2601-001,11,3,3
BS-2601-001,07,5,8,DT-EQP-01_20260511T0000_T07,7,4,WF.010413,CL-2601-004,13,CL-2601-004,13,8,10
BS-2601-001,07,5,5,DT-EQP-01_20260511T0000_T07,7,7,WF.010413,CL-2601-004,13,CL-2601-004,13,0,5
BS-2601-001,07,5,3,DT-EQP-01_20260511T0000_T07,7,9,WF.010413,CL-2601-004,13,CL-2601-004,13,6,11
BS-2601-001,07,5,2,DT-EQP-01_20260511T0000_T07,7,10,WF.010413,CL-2601-004,13,CL-2601-004,13,4,4
BS-2601-001,07,4,11,DT-EQP-01_20260511T0000_T07,8,1,WF.010111,CL-2601-001,11,CL-2601-001,11,10,8
BS-2601-001,07,4,6,DT-EQP-01_20260511T0000_T07,8,6,WF.010413,CL-2601-004,13,CL-2601-004,13,6,9
BS-2601-001,07,4,5,DT-EQP-01_20260511T0000_T07,8,7,WF.010413,CL-2601-004,13,CL-2601-004,13,11,9
BS-2601-001,07,4,4,DT-EQP-01_20260511T0000_T07,8,8,WF.010111,CL-2601-001,11,CL-2601-001,11,1,9
BS-2601-001,07,3,9,DT-EQP-01_20260511T0000_T07,9,3,WF.010111,CL-2601-001,11,CL-2601-001,11,4,6
BS-2601-001,07,3,8,DT-EQP-01_20260511T0000_T07,9,4,WF.010111,CL-2601-001,11,CL-2601-001,11,10,3
BS-2601-001,07,3,2,DT-EQP-01_20260511T0000_T07,9,10,WF.010413,CL-2601-004,13,CL-2601-004,13,1,3
BS-2601-001,07,2,9,DT-EQP-01_20260511T0000_T07,10,3,WF.010111,CL-2601-001,11,CL-2601-001,11,12,6
BS-2601-001,07,2,7,DT-EQP-01_20260511T0000_T07,10,5,WF.010413,CL-2601-004,13,CL-2601-004,13,9,9
BS-2601-001,07,2,6,DT-EQP-01_20260511T0000_T07,10,6,WF.010413,CL-2601-004,13,CL-2601-004,13,9,8
BS-2601-001,07,2,3,DT-EQP-01_20260511T0000_T07,10,9,WF.010111,CL-2601-001,11,CL-2601-001,11,7,5
BS-2601-001,07,2,2,DT-EQP-01_20260511T0000_T07,10,10,WF.010111,CL-2601-001,11,CL-2601-001,11,11,3
BS-2601-001,07,1,5,DT-EQP-01_20260511T0000_T07,11,7,WF.010111,CL-2601-001,11,CL-2601-001,11,5,0
BS-2601-001,07,0,6,DT-EQP-01_20260511T0000_T07,12,6,WF.010111,CL-2601-001,11,CL-2601-001,11,6,5
BS-2601-001,08,12,5,DT-EQP-01_20260511T0000_T08,0,7,WF.010218,CL-2601-002,18,CL-2601-002,18,4,6
BS-2601-001,08,11,9,DT-EQP-01_20260511T0000_T08,1,3,WF.010619,CL-2601-006,19,CL-2601-006,19,4,5
BS-2601-001,08,11,4,DT-EQP-01_20260511T0000_T08,1,8,WF.010508,CL-2601-005,08,CL-2601-005-A5,08,12,5
BS-2601-001,08,10,10,DT-EQP-01_20260511T0000_T08,2,2,WF.010508,CL-2601-005,08,CL-2601-005-A5,08,5,10
BS-2601-001,08,10,6,DT-EQP-01_20260511T0000_T08,2,6,WF.010218,CL-2601-002,18,CL-2601-002,18,6,7
BS-2601-001,08,10,4,DT-EQP-01_20260511T0000_T08,2,8,WF.010508,CL-2601-005,08,CL-2601-005-A5,08,10,6
BS-2601-001,08,9,11,DT-EQP-01_20260511T0000_T08,3,1,WF.010508,CL-2601-005,08,CL-2601-005-A5,08,10,9
BS-2601-001,08,9,10,DT-EQP-01_20260511T0000_T08,3,2,WF.010508,CL-2601-005,08,CL-2601-005-A5,08,3,6
BS-2601-001,08,9,6,DT-EQP-01_20260511T0000_T08,3,6,WF.010508,CL-2601-005,08,CL-2601-005-A5,08,8,3
BS-2601-001,08,9,2,DT-EQP-01_20260511T0000_T08,3,10,WF.010218,CL-2601-002,18,CL-2601-002,18,9,11
BS-2601-001,08,8,11,DT-EQP-01_20260511T0000_T08,4,1,WF.010619,CL-2601-006,19,CL-2601-006,19,4,4
BS-2601-001,08,8,10,DT-EQP-01_20260511T0000_T08,4,2,WF.010508,CL-2601-005,08,CL-2601-005-A5,08,2,6
BS-2601-001,08,8,2,DT-EQP-01_20260511T0000_T08,4,10,WF.010619,CL-2601-006,19,CL-2601-006,19,2,2
BS-2601-001,08,8,1,DT-EQP-01_20260511T0000_T08,4,11,WF.010619,CL-2601-006,19,CL-2601-006,19,11,7
BS-2601-001,08,7,12,DT-EQP-01_20260511T0000_T08,5,0,WF.010508,CL-2601-005,08,CL-2601-005-A5,08,10,3
BS-2601-001,08,7,9,DT-EQP-01_20260511T0000_T08,5,3,WF.010508,CL-2601-005,08,CL-2601-005-A5,08,9,3
BS-2601-001,08,7,7,DT-EQP-01_20260511T0000_T08,5,5,WF.010218,CL-2601-002,18,CL-2601-002,18,7,4
BS-2601-001,08,7,3,DT-EQP-01_20260511T0000_T08,5,9,WF.010508,CL-2601-005,08,CL-2601-005-A5,08,1,5
BS-2601-001,08,7,2,DT-EQP-01_20260511T0000_T08,5,10,WF.010508,CL-2601-005,08,CL-2601-005-A5,08,8,8
BS-2601-001,08,6,12,DT-EQP-01_20260511T0000_T08,6,0,WF.010619,CL-2601-006,19,CL-2601-006,19,5,9
BS-2601-001,08,6,11,DT-EQP-01_20260511T0000_T08,6,1,WF.010508,CL-2601-005,08,CL-2601-005-A5,08,2,9
BS-2601-001,08,6,9,DT-EQP-01_20260511T0000_T08,6,3,WF.010619,CL-2601-006,19,CL-2601-006,19,5,12
BS-2601-001,08,6,5,DT-EQP-01_20260511T0000_T08,6,7,WF.010619,CL-2601-006,19,CL-2601-006,19,3,8
BS-2601-001,08,6,2,DT-EQP-01_20260511T0000_T08,6,10,WF.010619,CL-2601-006,19,CL-2601-006,19,6,7
BS-2601-001,08,5,11,DT-EQP-01_20260511T0000_T08,7,1,WF.010619,CL-2601-006,19,CL-2601-006,19,11,5
BS-2601-001,08,5,10,DT-EQP-01_20260511T0000_T08,7,2,WF.010218,CL-2601-002,18,CL-2601-002,18,5,2
BS-2601-001,08,5,9,DT-EQP-01_20260511T0000_T08,7,3,WF.010619,CL-2601-006,19,CL-2601-006,19,7,3
BS-2601-001,08,5,4,DT-EQP-01_20260511T0000_T08,7,8,WF.010508,CL-2601-005,08,CL-2601-005-A5,08,5,4
BS-2601-001,08,5,3,DT-EQP-01_20260511T0000_T08,7,9,WF.010619,CL-2601-006,19,CL-2601-006,19,7,10
BS-2601-001,08,4,11,DT-EQP-01_20260511T0000_T08,8,1,WF.010619,CL-2601-006,19,CL-2601-006,19,4,2
BS-2601-001,08,4,10,DT-EQP-01_20260511T0000_T08,8,2,WF.010619,CL-2601-006,19,CL-2601-006,19,7,0
BS-2601-001,08,4,8,DT-EQP-01_20260511T0000_T08,8,4,WF.010218,CL-2601-002,18,CL-2601-002,18,4,2
BS-2601-001,08,4,7,DT-EQP-01_20260511T0000_T08,8,5,WF.010218,CL-2601-002,18,CL-2601-002,18,10,8
BS-2601-001,08,4,6,DT-EQP-01_20260511T0000_T08,8,6,WF.010619,CL-2601-006,19,CL-2601-006,19,7,4
BS-2601-001,08,4,3,DT-EQP-01_20260511T0000_T08,8,9,WF.010218,CL-2601-002,18,CL-2601-002,18,3,2
BS-2601-001,08,2,9,DT-EQP-01_20260511T0000_T08,10,3,WF.010619,CL-2601-006,19,CL-2601-006,19,6,0
BS-2601-001,08,2,8,DT-EQP-01_20260511T0000_T08,10,4,WF.010508,CL-2601-005,08,CL-2601-005-A5,08,4,2
BS-2601-001,08,2,7,DT-EQP-01_20260511T0000_T08,10,5,WF.010218,CL-2601-002,18,CL-2601-002,18,4,4
BS-2601-001,08,2,4,DT-EQP-01_20260511T0000_T08,10,8,WF.010619,CL-2601-006,19,CL-2601-006,19,9,1
BS-2601-001,08,1,9,DT-EQP-01_20260511T0000_T08,11,3,WF.010619,CL-2601-006,19,CL-2601-006,19,4,6
BS-2601-001,08,1,6,DT-EQP-01_20260511T0000_T08,11,6,WF.010508,CL-2601-005,08,CL-2601-005-A5,08,7,5
BS-2601-001,08,1,3,DT-EQP-01_20260511T0000_T08,11,9,WF.010619,CL-2601-006,19,CL-2601-006,19,9,7
BS-2601-001,08,0,6,DT-EQP-01_20260511T0000_T08,12,6,WF.010508,CL-2601-005,08,CL-2601-005-A5,08,7,10
BS-2601-001,09,12,7,DT-EQP-01_20260511T0000_T09,0,5,WF.010607,CL-2601-006,07,CL-2601-006,07,11,3
BS-2601-001,09,12,6,DT-EQP-01_20260511T0000_T09,0,6,WF.010607,CL-2601-006,07,CL-2601-006,07,6,6
BS-2601-001,09,11,9,DT-EQP-01_20260511T0000_T09,1,3,WF.010607,CL-2601-006,07,CL-2601-006,07,9,4
BS-2601-001,09,11,6,DT-EQP-01_20260511T0000_T09,1,6,WF.010607,CL-2601-006,07,CL-2601-006,07,3,4
BS-2601-001,09,10,8,DT-EQP-01_20260511T0000_T09,2,4,WF.010607,CL-2601-006,07,CL-2601-006,07,4,7
BS-2601-001,09,10,7,DT-EQP-01_20260511T0000_T09,2,5,WF.010607,CL-2601-006,07,CL-2601-006,07,4,10
BS-2601-001,09,10,5,DT-EQP-01_20260511T0000_T09,2,7,WF.010607,CL-2601-006,07,CL-2601-006,07,2,3
BS-2601-001,09,10,4,DT-EQP-01_20260511T0000_T09,2,8,WF.010607,CL-2601-006,07,CL-2601-006,07,8,5
BS-2601-001,09,10,2,DT-EQP-01_20260511T0000_T09,2,10,WF.010607,CL-2601-006,07,CL-2601-006,07,8,3
BS-2601-001,09,9,11,DT-EQP-01_20260511T0000_T09,3,1,WF.010607,CL-2601-006,07,CL-2601-006,07,3,10
BS-2601-001,09,9,7,DT-EQP-01_20260511T0000_T09,3,5,WF.010607,CL-2601-006,07,CL-2601-006,07,1,9
BS-2601-001,09,9,5,DT-EQP-01_20260511T0000_T09,3,7,WF.010607,CL-2601-006,07,CL-2601-006,07,9,6
BS-2601-001,09,9,1,DT-EQP-01_20260511T0000_T09,3,11,WF.010607,CL-2601-006,07,CL-2601-006,07,8,9
BS-2601-001,09,8,10,DT-EQP-01_20260511T0000_T09,4,2,WF.010607,CL-2601-006,07,CL-2601-006,07,1,8
BS-2601-001,09,8,7,DT-EQP-01_20260511T0000_T09,4,5,WF.010607,CL-2601-006,07,CL-2601-006,07,7,6
BS-2601-001,09,8,4,DT-EQP-01_20260511T0000_T09,4,8,WF.010607,CL-2601-006,07,CL-2601-006,07,6,2
BS-2601-001,09,7,12,DT-EQP-01_20260511T0000_T09,5,0,WF.010607,CL-2601-006,07,CL-2601-006,07,10,10
BS-2601-001,09,7,7,DT-EQP-01_20260511T0000_T09,5,5,WF.010607,CL-2601-006,07,CL-2601-006,07,3,11
BS-2601-001,09,7,5,DT-EQP-01_20260511T0000_T09,5,7,WF.010607,CL-2601-006,07,CL-2601-006,07,4,3
BS-2601-001,09,7,2,DT-EQP-01_20260511T0000_T09,5,10,WF.010607,CL-2601-006,07,CL-2601-006,07,7,0
BS-2601-001,09,6,11,DT-EQP-01_20260511T0000_T09,6,1,WF.010607,CL-2601-006,07,CL-2601-006,07,2,5
BS-2601-001,09,6,1,DT-EQP-01_20260511T0000_T09,6,11,WF.010607,CL-2601-006,07,CL-2601-006,07,6,12
BS-2601-001,09,6,0,DT-EQP-01_20260511T0000_T09,6,12,WF.010607,CL-2601-006,07,CL-2601-006,07,6,11
BS-2601-001,09,5,12,DT-EQP-01_20260511T0000_T09,7,0,WF.010607,CL-2601-006,07,CL-2601-006,07,10,8
BS-2601-001,09,5,10,DT-EQP-01_20260511T0000_T09,7,2,WF.010607,CL-2601-006,07,CL-2601-006,07,10,7
BS-2601-001,09,5,9,DT-EQP-01_20260511T0000_T09,7,3,WF.010607,CL-2601-006,07,CL-2601-006,07,10,6
BS-2601-001,09,5,8,DT-EQP-01_20260511T0000_T09,7,4,WF.010607,CL-2601-006,07,CL-2601-006,07,6,3
BS-2601-001,09,5,4,DT-EQP-01_20260511T0000_T09,7,8,WF.010607,CL-2601-006,07,CL-2601-006,07,7,11
BS-2601-001,09,5,2,DT-EQP-01_20260511T0000_T09,7,10,WF.010607,CL-2601-006,07,CL-2601-006,07,8,11
BS-2601-001,09,4,10,DT-EQP-01_20260511T0000_T09,8,2,WF.010607,CL-2601-006,07,CL-2601-006,07,6,8
BS-2601-001,09,4,8,DT-EQP-01_20260511T0000_T09,8,4,WF.010607,CL-2601-006,07,CL-2601-006,07,11,5
BS-2601-001,09,4,7,DT-EQP-01_20260511T0000_T09,8,5,WF.010607,CL-2601-006,07,CL-2601-006,07,5,6
BS-2601-001,09,4,5,DT-EQP-01_20260511T0000_T09,8,7,WF.010607,CL-2601-006,07,CL-2601-006,07,2,7
BS-2601-001,09,3,7,DT-EQP-01_20260511T0000_T09,9,5,WF.010607,CL-2601-006,07,CL-2601-006,07,6,10
BS-2601-001,09,3,5,DT-EQP-01_20260511T0000_T09,9,7,WF.010607,CL-2601-006,07,CL-2601-006,07,12,7
BS-2601-001,09,2,10,DT-EQP-01_20260511T0000_T09,10,2,WF.010607,CL-2601-006,07,CL-2601-006,07,3,6
BS-2601-001,09,2,8,DT-EQP-01_20260511T0000_T09,10,4,WF.010607,CL-2601-006,07,CL-2601-006,07,8,7
BS-2601-001,09,2,4,DT-EQP-01_20260511T0000_T09,10,8,WF.010607,CL-2601-006,07,CL-2601-006,07,5,3
BS-2601-001,09,2,2,DT-EQP-01_20260511T0000_T09,10,10,WF.010607,CL-2601-006,07,CL-2601-006,07,3,3
BS-2601-001,09,1,9,DT-EQP-01_20260511T0000_T09,11,3,WF.010607,CL-2601-006,07,CL-2601-006,07,3,7
BS-2601-001,09,1,3,DT-EQP-01_20260511T0000_T09,11,9,WF.010607,CL-2601-006,07,CL-2601-006,07,5,4
BS-2601-001,09,0,7,DT-EQP-01_20260511T0000_T09,12,5,WF.010607,CL-2601-006,07,CL-2601-006,07,4,4
BS-2601-001,09,0,6,DT-EQP-01_20260511T0000_T09,12,6,WF.010607,CL-2601-006,07,CL-2601-006,07,5,12
BS-2601-001,10,12,6,DT-EQP-01_20260511T0000_T10,0,6,WF.010117,CL-2601-001,17,CL-2601-001,17,6,7
BS-2601-001,10,11,7,DT-EQP-01_20260511T0000_T10,1,5,WF.010607,CL-2601-006,07,CL-2601-006,07,1,5
BS-2601-001,10,11,3,DT-EQP-01_20260511T0000_T10,1,9,WF.010117,CL-2601-001,17,CL-2601-001,17,11,7
BS-2601-001,10,10,9,DT-EQP-01_20260511T0000_T10,2,3,WF.010117,CL-2601-001,17,CL-2601-001,17,11,8
BS-2601-001,10,10,8,DT-EQP-01_20260511T0000_T10,2,4,WF.010117,CL-2601-001,17,CL-2601-001,17,2,5
BS-2601-001,10,10,7,DT-EQP-01_20260511T0000_T10,2,5,WF.010117,CL-2601-001,17,CL-2601-001,17,6,9
BS-2601-001,10,10,6,DT-EQP-01_20260511T0000_T10,2,6,WF.010117,CL-2601-001,17,CL-2601-001,17,5,1
BS-2601-001,10,9,9,DT-EQP-01_20260511T0000_T10,3,3,WF.010117,CL-2601-001,17,CL-2601-001,17,5,11
BS-2601-001,10,9,4,DT-EQP-01_20260511T0000_T10,3,8,WF.010117,CL-2601-001,17,CL-2601-001,17,8,9
BS-2601-001,10,8,9,DT-EQP-01_20260511T0000_T10,4,3,WF.010117,CL-2601-001,17,CL-2601-001,17,7,9
BS-2601-001,10,8,4,DT-EQP-01_20260511T0000_T10,4,8,WF.010607,CL-2601-006,07,CL-2601-006,07,3,9
BS-2601-001,10,8,1,DT-EQP-01_20260511T0000_T10,4,11,WF.010117,CL-2601-001,17,CL-2601-001,17,6,12
BS-2601-001,10,7,3,DT-EQP-01_20260511T0000_T10,5,9,WF.010117,CL-2601-001,17,CL-2601-001,17,1,3
BS-2601-001,10,6,8,DT-EQP-01_20260511T0000_T10,6,4,WF.010117,CL-2601-001,17,CL-2601-001,17,3,11
BS-2601-001,10,6,5,DT-EQP-01_20260511T0000_T10,6,7,WF.010117,CL-2601-001,17,CL-2601-001,17,6,8
BS-2601-001,10,5,11,DT-EQP-01_20260511T0000_T10,7,1,WF.010117,CL-2601-001,17,CL-2601-001,17,7,7
BS-2601-001,10,5,9,DT-EQP-01_20260511T0000_T10,7,3,WF.010117,CL-2601-001,17,CL-2601-001,17,1,8
BS-2601-001,10,5,5,DT-EQP-01_20260511T0000_T10,7,7,WF.010117,CL-2601-001,17,CL-2601-001,17,11,3
BS-2601-001,10,5,2,DT-EQP-01_20260511T0000_T10,7,10,WF.010117,CL-2601-001,17,CL-2601-001,17,4,11
BS-2601-001,10,4,10,DT-EQP-01_20260511T0000_T10,8,2,WF.010117,CL-2601-001,17,CL-2601-001,17,6,0
BS-2601-001,10,4,8,DT-EQP-01_20260511T0000_T10,8,4,WF.010117,CL-2601-001,17,CL-2601-001,17,6,10
BS-2601-001,10,4,5,DT-EQP-01_20260511T0000_T10,8,7,WF.010607,CL-2601-006,07,CL-2601-006,07,3,5
BS-2601-001,10,4,2,DT-EQP-01_20260511T0000_T10,8,10,WF.010117,CL-2601-001,17,CL-2601-001,17,10,7
BS-2601-001,10,4,1,DT-EQP-01_20260511T0000_T10,8,11,WF.010117,CL-2601-001,17,CL-2601-001,17,3,7
BS-2601-001,10,3,11,DT-EQP-01_20260511T0000_T10,9,1,WF.010117,CL-2601-001,17,CL-2601-001,17,7,1
BS-2601-001,10,3,5,DT-EQP-01_20260511T0000_T10,9,7,WF.010117,CL-2601-001,17,CL-2601-001,17,6,6
BS-2601-001,10,3,3,DT-EQP-01_20260511T0000_T10,9,9,WF.010607,CL-2601-006,07,CL-2601-006,07,9,5
BS-2601-001,10,2,9,DT-EQP-01_20260511T0000_T10,10,3,WF.010607,CL-2601-006,07,CL-2601-006,07,10,5
BS-2601-001,10,2,6,DT-EQP-01_20260511T0000_T10,10,6,WF.010117,CL-2601-001,17,CL-2601-001,17,4,5
BS-2601-001,10,2,2,DT-EQP-01_20260511T0000_T10,10,10,WF.010117,CL-2601-001,17,CL-2601-001,17,2,4
BS-2601-001,10,1,7,DT-EQP-01_20260511T0000_T10,11,5,WF.010607,CL-2601-006,07,CL-2601-006,07,7,1
BS-2601-001,10,1,6,DT-EQP-01_20260511T0000_T10,11,6,WF.010117,CL-2601-001,17,CL-2601-001,17,7,2
BS-2601-001,10,1,5,DT-EQP-01_20260511T0000_T10,11,7,WF.010607,CL-2601-006,07,CL-2601-006,07,1,3
BS-2601-001,10,1,4,DT-EQP-01_20260511T0000_T10,11,8,WF.010117,CL-2601-001,17,CL-2601-001,17,3,4
BS-2601-001,10,1,3,DT-EQP-01_20260511T0000_T10,11,9,WF.010117,CL-2601-001,17,CL-2601-001,17,3,6
BS-2601-001,10,0,7,DT-EQP-01_20260511T0000_T10,12,5,WF.010607,CL-2601-006,07,CL-2601-006,07,7,8
BS-2601-001,10,0,6,DT-EQP-01_20260511T0000_T10,12,6,WF.010607,CL-2601-006,07,CL-2601-006,07,8,1
BS-2601-001,10,0,5,DT-EQP-01_20260511T0000_T10,12,7,WF.010607,CL-2601-006,07,CL-2601-006,07,3,2
BS-2601-001,11,12,7,DT-EQP-01_20260511T0000_T11,0,5,WF.010312,CL-2601-003,12,CL-2601-003,12,8,8
BS-2601-001,11,12,6,DT-EQP-01_20260511T0000_T11,0,6,WF.010613,CL-2601-006,13,CL-2601-006,13,11,3
BS-2601-001,11,11,8,DT-EQP-01_20260511T0000_T11,1,4,WF.010613,CL-2601-006,13,CL-2601-006,13,2,2
BS-2601-001,11,11,4,DT-EQP-01_20260511T0000_T11,1,8,WF.010710,CL-2601-007,10,CL-2601-007-A2-A3,10,2,7
BS-2601-001,11,10,9,DT-EQP-01_20260511T0000_T11,2,3,WF.010710,CL-2601-007,10,CL-2601-007-A2-A3,10,6,6
BS-2601-001,11,10,7,DT-EQP-01_20260511T0000_T11,2,5,WF.010710,CL-2601-007,10,CL-2601-007-A2-A3,10,4,2
BS-2601-001,11,10,3,DT-EQP-01_20260511T0000_T11,2,9,WF.010312,CL-2601-003,12,CL-2601-003,12,6,1
BS-2601-001,11,9,11,DT-EQP-01_20260511T0000_T11,3,1,WF.010312,CL-2601-003,12,CL-2601-003,12,6,2
BS-2601-001,11,9,9,DT-EQP-01_20260511T0000_T11,3,3,WF.010613,CL-2601-006,13,CL-2601-006,13,8,2
BS-2601-001,11,9,7,DT-EQP-01_20260511T0000_T11,3,5,WF.010710,CL-2601-007,10,CL-2601-007-A2-A3,10,5,2
BS-2601-001,11,9,6,DT-EQP-01_20260511T0000_T11,3,6,WF.010312,CL-2601-003,12,CL-2601-003,12,1,7
BS-2601-001,11,8,11,DT-EQP-01_20260511T0000_T11,4,1,WF.010312,CL-2601-003,12,CL-2601-003,12,8,6
BS-2601-001,11,8,10,DT-EQP-01_20260511T0000_T11,4,2,WF.010710,CL-2601-007,10,CL-2601-007-A2-A3,10,9,6
BS-2601-001,11,8,8,DT-EQP-01_20260511T0000_T11,4,4,WF.010710,CL-2601-007,10,CL-2601-007-A2-A3,10,9,10
BS-2601-001,11,8,7,DT-EQP-01_20260511T0000_T11,4,5,WF.010312,CL-2601-003,12,CL-2601-003,12,3,9
BS-2601-001,11,8,5,DT-EQP-01_20260511T0000_T11,4,7,WF.010710,CL-2601-007,10,CL-2601-007-A2-A3,10,5,5
BS-2601-001,11,8,3,DT-EQP-01_20260511T0000_T11,4,9,WF.010312,CL-2601-003,12,CL-2601-003,12,11,3
BS-2601-001,11,8,2,DT-EQP-01_20260511T0000_T11,4,10,WF.010613,CL-2601-006,13,CL-2601-006,13,9,3
BS-2601-001,11,7,12,DT-EQP-01_20260511T0000_T11,5,0,WF.010613,CL-2601-006,13,CL-2601-006,13,7,3
BS-2601-001,11,7,9,DT-EQP-01_20260511T0000_T11,5,3,WF.010710,CL-2601-007,10,CL-2601-007-A2-A3,10,8,2
BS-2601-001,11,7,8,DT-EQP-01_20260511T0000_T11,5,4,WF.010613,CL-2601-006,13,CL-2601-006,13,4,6
BS-2601-001,11,7,6,DT-EQP-01_20260511T0000_T11,5,6,WF.010710,CL-2601-007,10,CL-2601-007-A2-A3,10,9,8
BS-2601-001,11,6,4,DT-EQP-01_20260511T0000_T11,6,8,WF.010613,CL-2601-006,13,CL-2601-006,13,8,5
BS-2601-001,11,6,3,DT-EQP-01_20260511T0000_T11,6,9,WF.010312,CL-2601-003,12,CL-2601-003,12,9,8
BS-2601-001,11,6,1,DT-EQP-01_20260511T0000_T11,6,11,WF.010710,CL-2601-007,10,CL-2601-007-A2-A3,10,7,7
BS-2601-001,11,5,6,DT-EQP-01_20260511T0000_T11,7,6,WF.010613,CL-2601-006,13,CL-2601-006,13,6,2
BS-2601-001,11,5,3,DT-EQP-01_20260511T0000_T11,7,9,WF.010710,CL-2601-007,10,CL-2601-007-A2-A3,10,3,4
BS-2601-001,11,5,0,DT-EQP-01_20260511T0000_T11,7,12,WF.010710,CL-2601-007,10,CL-2601-007-A2-A3,10,7,9
BS-2601-001,11,4,11,DT-EQP-01_20260511T0000_T11,8,1,WF.010710,CL-2601-007,10,CL-2601-007-A2-A3,10,4,3
BS-2601-001,11,4,10,DT-EQP-01_20260511T0000_T11,8,2,WF.010710,CL-2601-007,10,CL-2601-007-A2-A3,10,3,11
BS-2601-001,11,4,8,DT-EQP-01_20260511T0000_T11,8,4,WF.010312,CL-2601-003,12,CL-2601-003,12,5,8
BS-2601-001,11,4,7,DT-EQP-01_20260511T0000_T11,8,5,WF.010613,CL-2601-006,13,CL-2601-006,13,10,9
BS-2601-001,11,4,5,DT-EQP-01_20260511T0000_T11,8,7,WF.010710,CL-2601-007,10,CL-2601-007-A2-A3,10,4,10
BS-2601-001,11,4,1,DT-EQP-01_20260511T0000_T11,8,11,WF.010312,CL-2601-003,12,CL-2601-003,12,8,9
BS-2601-001,11,3,7,DT-EQP-01_20260511T0000_T11,9,5,WF.010312,CL-2601-003,12,CL-2601-003,12,8,11
BS-2601-001,11,3,5,DT-EQP-01_20260511T0000_T11,9,7,WF.010613,CL-2601-006,13,CL-2601-006,13,5,2
BS-2601-001,11,2,9,DT-EQP-01_20260511T0000_T11,10,3,WF.010710,CL-2601-007,10,CL-2601-007-A2-A3,10,10,4
BS-2601-001,11,2,7,DT-EQP-01_20260511T0000_T11,10,5,WF.010613,CL-2601-006,13,CL-2601-006,13,5,5
BS-2601-001,11,2,3,DT-EQP-01_20260511T0000_T11,10,9,WF.010710,CL-2601-007,10,CL-2601-007-A2-A3,10,4,4
BS-2601-001,11,2,2,DT-EQP-01_20260511T0000_T11,10,10,WF.010312,CL-2601-003,12,CL-2601-003,12,6,12
BS-2601-001,11,1,9,DT-EQP-01_20260511T0000_T11,11,3,WF.010710,CL-2601-007,10,CL-2601-007-A2-A3,10,10,9
BS-2601-001,11,1,8,DT-EQP-01_20260511T0000_T11,11,4,WF.010613,CL-2601-006,13,CL-2601-006,13,9,6
BS-2601-001,11,1,4,DT-EQP-01_20260511T0000_T11,11,8,WF.010312,CL-2601-003,12,CL-2601-003,12,6,4
BS-2601-001,11,1,3,DT-EQP-01_20260511T0000_T11,11,9,WF.010312,CL-2601-003,12,CL-2601-003,12,6,0
BS-2601-001,12,12,7,DT-EQP-01_20260511T0000_T12,0,5,WF.010116,CL-2601-001,16,CL-2601-001,16,1,6
BS-2601-001,12,12,5,DT-EQP-01_20260511T0000_T12,0,7,WF.010116,CL-2601-001,16,CL-2601-001,16,7,9
BS-2601-001,12,11,9,DT-EQP-01_20260511T0000_T12,1,3,WF.010109,CL-2601-001,09,CL-2601-001,09,2,3
BS-2601-001,12,11,8,DT-EQP-01_20260511T0000_T12,1,4,WF.010109,CL-2601-001,09,CL-2601-001,09,5,6
BS-2601-001,12,11,7,DT-EQP-01_20260511T0000_T12,1,5,WF.010109,CL-2601-001,09,CL-2601-001,09,3,5
BS-2601-001,12,11,5,DT-EQP-01_20260511T0000_T12,1,7,WF.010109,CL-2601-001,09,CL-2601-001,09,0,7
BS-2601-001,12,11,4,DT-EQP-01_20260511T0000_T12,1,8,WF.010116,CL-2601-001,16,CL-2601-001,16,12,5
BS-2601-001,12,11,3,DT-EQP-01_20260511T0000_T12,1,9,WF.010109,CL-2601-001,09,CL-2601-001,09,7,9
BS-2601-001,12,10,8,DT-EQP-01_20260511T0000_T12,2,4,WF.010207,CL-2601-002,07,CL-2601-002-A4,07,1,9
BS-2601-001,12,10,7,DT-EQP-01_20260511T0000_T12,2,5,WF.010109,CL-2601-001,09,CL-2601-001,09,7,1
BS-2601-001,12,10,5,DT-EQP-01_20260511T0000_T12,2,7,WF.010207,CL-2601-002,07,CL-2601-002-A4,07,9,9
BS-2601-001,12,10,4,DT-EQP-01_20260511T0000_T12,2,8,WF.010109,CL-2601-001,09,CL-2601-001,09,9,7
BS-2601-001,12,9,11,DT-EQP-01_20260511T0000_T12,3,1,WF.010109,CL-2601-001,09,CL-2601-001,09,2,5
BS-2601-001,12,9,8,DT-EQP-01_20260511T0000_T12,3,4,WF.010109,CL-2601-001,09,CL-2601-001,09,6,10
BS-2601-001,12,9,5,DT-EQP-01_20260511T0000_T12,3,7,WF.010109,CL-2601-001,09,CL-2601-001,09,8,8
BS-2601-001,12,9,4,DT-EQP-01_20260511T0000_T12,3,8,WF.010109,CL-2601-001,09,CL-2601-001,09,4,8
BS-2601-001,12,8,9,DT-EQP-01_20260511T0000_T12,4,3,WF.010109,CL-2601-001,09,CL-2601-001,09,12,6
BS-2601-001,12,8,7,DT-EQP-01_20260511T0000_T12,4,5,WF.010116,CL-2601-001,16,CL-2601-001,16,7,6
BS-2601-001,12,8,3,DT-EQP-01_20260511T0000_T12,4,9,WF.010116,CL-2601-001,16,CL-2601-001,16,3,4
BS-2601-001,12,8,2,DT-EQP-01_20260511T0000_T12,4,10,WF.010116,CL-2601-001,16,CL-2601-001,16,7,4
BS-2601-001,12,7,12,DT-EQP-01_20260511T0000_T12,5,0,WF.010207,CL-2601-002,07,CL-2601-002-A4,07,7,6
BS-2601-001,12,7,11,DT-EQP-01_20260511T0000_T12,5,1,WF.010109,CL-2601-001,09,CL-2601-001,09,9,3
BS-2601-001,12,7,10,DT-EQP-01_20260511T0000_T12,5,2,WF.010116,CL-2601-001,16,CL-2601-001,16,8,11
BS-2601-001,12,7,8,DT-EQP-01_20260511T0000_T12,5,4,WF.010207,CL-2601-002,07,CL-2601-002-A4,07,1,6
BS-2601-001,12,7,7,DT-EQP-01_20260511T0000_T12,5,5,WF.010109,CL-2601-001,09,CL-2601-001,09,4,7
BS-2601-001,12,7,5,DT-EQP-01_20260511T0000_T12,5,7,WF.010116,CL-2601-001,16,CL-2601-001,16,4,8
BS-2601-001,12,7,4,DT-EQP-01_20260511T0000_T12,5,8,WF.010116,CL-2601-001,16,CL-2601-001,16,9,4
BS-2601-001,12,7,3,DT-EQP-01_20260511T0000_T12,5,9,WF.010109,CL-2601-001,09,CL-2601-001,09,10,4
BS-2601-001,12,5,10,DT-EQP-01_20260511T0000_T12,7,2,WF.010116,CL-2601-001,16,CL-2601-001,16,4,6
BS-2601-001,12,5,9,DT-EQP-01_20260511T0000_T12,7,3,WF.010109,CL-2601-001,09,CL-2601-001,09,1,7
BS-2601-001,12,5,7,DT-EQP-01_20260511T0000_T12,7,5,WF.010207,CL-2601-002,07,CL-2601-002-A4,07,7,3
BS-2601-001,12,5,1,DT-EQP-01_20260511T0000_T12,7,11,WF.010109,CL-2601-001,09,CL-2601-001,09,4,6
BS-2601-001,12,5,0,DT-EQP-01_20260511T0000_T12,7,12,WF.010109,CL-2601-001,09,CL-2601-001,09,2,9
BS-2601-001,12,4,10,DT-EQP-01_20260511T0000_T12,8,2,WF.010109,CL-2601-001,09,CL-2601-001,09,9,9
BS-2601-001,12,4,9,DT-EQP-01_20260511T0000_T12,8,3,WF.010116,CL-2601-001,16,CL-2601-001,16,10,4
BS-2601-001,12,4,7,DT-EQP-01_20260511T0000_T12,8,5,WF.010116,CL-2601-001,16,CL-2601-001,16,3,1
BS-2601-001,12,4,5,DT-EQP-01_20260511T0000_T12,8,7,WF.010116,CL-2601-001,16,CL-2601-001,16,8,3
BS-2601-001,12,4,3,DT-EQP-01_20260511T0000_T12,8,9,WF.010207,CL-2601-002,07,CL-2601-002-A4,07,9,5
BS-2601-001,12,4,2,DT-EQP-01_20260511T0000_T12,8,10,WF.010109,CL-2601-001,09,CL-2601-001,09,4,9
BS-2601-001,12,4,1,DT-EQP-01_20260511T0000_T12,8,11,WF.010109,CL-2601-001,09,CL-2601-001,09,12,5
BS-2601-001,12,3,11,DT-EQP-01_20260511T0000_T12,9,1,WF.010116,CL-2601-001,16,CL-2601-001,16,5,10
BS-2601-001,12,3,5,DT-EQP-01_20260511T0000_T12,9,7,WF.010207,CL-2601-002,07,CL-2601-002-A4,07,5,5
BS-2601-001,12,2,8,DT-EQP-01_20260511T0000_T12,10,4,WF.010116,CL-2601-001,16,CL-2601-001,16,3,5
BS-2601-001,12,2,7,DT-EQP-01_20260511T0000_T12,10,5,WF.010207,CL-2601-002,07,CL-2601-002-A4,07,2,9
BS-2601-001,12,2,5,DT-EQP-01_20260511T0000_T12,10,7,WF.010207,CL-2601-002,07,CL-2601-002-A4,07,7,4
BS-2601-001,12,2,4,DT-EQP-01_20260511T0000_T12,10,8,WF.010109,CL-2601-001,09,CL-2601-001,09,6,6
BS-2601-001,12,1,9,DT-EQP-01_20260511T0000_T12,11,3,WF.010116,CL-2601-001,16,CL-2601-001,16,7,7
BS-2601-001,12,1,8,DT-EQP-01_20260511T0000_T12,11,4,WF.010207,CL-2601-002,07,CL-2601-002-A4,07,9,7
BS-2601-001,12,1,5,DT-EQP-01_20260511T0000_T12,11,7,WF.010207,CL-2601-002,07,CL-2601-002-A4,07,12,7
BS-2601-001,12,1,4,DT-EQP-01_20260511T0000_T12,11,8,WF.010207,CL-2601-002,07,CL-2601-002-A4,07,5,7
BS-2601-001,12,0,7,DT-EQP-01_20260511T0000_T12,12,5,WF.010116,CL-2601-001,16,CL-2601-001,16,6,12
BS-2601-001,12,0,5,DT-EQP-01_20260511T0000_T12,12,7,WF.010109,CL-2601-001,09,CL-2601-001,09,6,4
BS-2601-001,13,11,9,DT-EQP-01_20260511T0000_T13,1,3,WF.010310,CL-2601-003,10,CL-2601-003,10,5,11
BS-2601-001,13,11,7,DT-EQP-01_20260511T0000_T13,1,5,WF.010310,CL-2601-003,10,CL-2601-003,10,6,9
BS-2601-001,13,11,4,DT-EQP-01_20260511T0000_T13,1,8,WF.010310,CL-2601-003,10,CL-2601-003,10,6,3
BS-2601-001,13,10,6,DT-EQP-01_20260511T0000_T13,2,6,WF.010310,CL-2601-003,10,CL-2601-003,10,8,1
BS-2601-001,13,10,4,DT-EQP-01_20260511T0000_T13,2,8,WF.010310,CL-2601-003,10,CL-2601-003,10,4,6
BS-2601-001,13,10,3,DT-EQP-01_20260511T0000_T13,2,9,WF.010310,CL-2601-003,10,CL-2601-003,10,10,5
BS-2601-001,13,10,2,DT-EQP-01_20260511T0000_T13,2,10,WF.010310,CL-2601-003,10,CL-2601-003,10,8,5
BS-2601-001,13,9,10,DT-EQP-01_20260511T0000_T13,3,2,WF.010310,CL-2601-003,10,CL-2601-003,10,3,3
BS-2601-001,13,8,11,DT-EQP-01_20260511T0000_T13,4,1,WF.010310,CL-2601-003,10,CL-2601-003,10,5,6
BS-2601-001,13,8,10,DT-EQP-01_20260511T0000_T13,4,2,WF.010310,CL-2601-003,10,CL-2601-003,10,9,9
BS-2601-001,13,8,7,DT-EQP-01_20260511T0000_T13,4,5,WF.010310,CL-2601-003,10,CL-2601-003,10,8,11
BS-2601-001,13,8,6,DT-EQP-01_20260511T0000_T13,4,6,WF.010310,CL-2601-003,10,CL-2601-003,10,0,5
BS-2601-001,13,7,12,DT-EQP-01_20260511T0000_T13,5,0,WF.010310,CL-2601-003,10,CL-2601-003,10,9,7
BS-2601-001,13,7,11,DT-EQP-01_20260511T0000_T13,5,1,WF.010310,CL-2601-003,10,CL-2601-003,10,10,7
BS-2601-001,13,7,10,DT-EQP-01_20260511T0000_T13,5,2,WF.010310,CL-2601-003,10,CL-2601-003,10,2,8
BS-2601-001,13,7,6,DT-EQP-01_20260511T0000_T13,5,6,WF.010310,CL-2601-003,10,CL-2601-003,10,12,5
BS-2601-001,13,7,5,DT-EQP-01_20260511T0000_T13,5,7,WF.010310,CL-2601-003,10,CL-2601-003,10,2,6
BS-2601-001,13,7,4,DT-EQP-01_20260511T0000_T13,5,8,WF.010310,CL-2601-003,10,CL-2601-003,10,7,1
BS-2601-001,13,7,1,DT-EQP-01_20260511T0000_T13,5,11,WF.010310,CL-2601-003,10,CL-2601-003,10,4,8
BS-2601-001,13,7,0,DT-EQP-01_20260511T0000_T13,5,12,WF.010310,CL-2601-003,10,CL-2601-003,10,4,5
BS-2601-001,13,6,10,DT-EQP-01_20260511T0000_T13,6,2,WF.010310,CL-2601-003,10,CL-2601-003,10,6,6
BS-2601-001,13,6,6,DT-EQP-01_20260511T0000_T13,6,6,WF.010310,CL-2601-003,10,CL-2601-003,10,8,8
BS-2601-001,13,6,1,DT-EQP-01_20260511T0000_T13,6,11,WF.010310,CL-2601-003,10,CL-2601-003,10,8,4
BS-2601-001,13,5,9,DT-EQP-01_20260511T0000_T13,7,3,WF.010310,CL-2601-003,10,CL-2601-003,10,2,4
BS-2601-001,13,5,4,DT-EQP-01_20260511T0000_T13,7,8,WF.010310,CL-2601-003,10,CL-2601-003,10,3,6
BS-2601-001,13,5,2,DT-EQP-01_20260511T0000_T13,7,10,WF.010310,CL-2601-003,10,CL-2601-003,10,3,11
BS-2601-001,13,5,1,DT-EQP-01_20260511T0000_T13,7,11,WF.010310,CL-2601-003,10,CL-2601-003,10,8,10
BS-2601-001,13,5,0,DT-EQP-01_20260511T0000_T13,7,12,WF.010310,CL-2601-003,10,CL-2601-003,10,10,8
BS-2601-001,13,4,9,DT-EQP-01_20260511T0000_T13,8,3,WF.010310,CL-2601-003,10,CL-2601-003,10,5,10
BS-2601-001,13,4,5,DT-EQP-01_20260511T0000_T13,8,7,WF.010310,CL-2601-003,10,CL-2601-003,10,1,7
BS-2601-001,13,3,11,DT-EQP-01_20260511T0000_T13,9,1,WF.010310,CL-2601-003,10,CL-2601-003,10,9,3
BS-2601-001,13,3,10,DT-EQP-01_20260511T0000_T13,9,2,WF.010310,CL-2601-003,10,CL-2601-003,10,7,4
BS-2601-001,13,3,9,DT-EQP-01_20260511T0000_T13,9,3,WF.010310,CL-2601-003,10,CL-2601-003,10,9,5
BS-2601-001,13,3,7,DT-EQP-01_20260511T0000_T13,9,5,WF.010310,CL-2601-003,10,CL-2601-003,10,5,9
BS-2601-001,13,3,6,DT-EQP-01_20260511T0000_T13,9,6,WF.010310,CL-2601-003,10,CL-2601-003,10,10,10
BS-2601-001,13,3,5,DT-EQP-01_20260511T0000_T13,9,7,WF.010310,CL-2601-003,10,CL-2601-003,10,9,10
BS-2601-001,13,3,2,DT-EQP-01_20260511T0000_T13,9,10,WF.010310,CL-2601-003,10,CL-2601-003,10,7,3
BS-2601-001,13,3,1,DT-EQP-01_20260511T0000_T13,9,11,WF.010310,CL-2601-003,10,CL-2601-003,10,7,0
BS-2601-001,13,2,6,DT-EQP-01_20260511T0000_T13,10,6,WF.010310,CL-2601-003,10,CL-2601-003,10,11,5
BS-2601-001,13,2,2,DT-EQP-01_20260511T0000_T13,10,10,WF.010310,CL-2601-003,10,CL-2601-003,10,3,10
BS-2601-001,13,1,8,DT-EQP-01_20260511T0000_T13,11,4,WF.010310,CL-2601-003,10,CL-2601-003,10,2,10
BS-2601-001,13,1,7,DT-EQP-01_20260511T0000_T13,11,5,WF.010310,CL-2601-003,10,CL-2601-003,10,8,7
BS-2601-001,13,1,6,DT-EQP-01_20260511T0000_T13,11,6,WF.010310,CL-2601-003,10,CL-2601-003,10,11,3
BS-2601-001,14,12,5,DT-EQP-01_20260511T0000_T14,0,7,WF.010813,CL-2601-008,13,CL-2601-008,13,4,11
BS-2601-001,14,11,8,DT-EQP-01_20260511T0000_T14,1,4,WF.010813,CL-2601-008,13,CL-2601-008,13,3,8
BS-2601-001,14,11,7,DT-EQP-01_20260511T0000_T14,1,5,WF.010707,CL-2601-007,07,CL-2601-007-A2-A6,07,10,7
BS-2601-001,14,10,9,DT-EQP-01_20260511T0000_T14,2,3,WF.010707,CL-2601-007,07,CL-2601-007-A2-A6,07,10,9
BS-2601-001,14,10,7,DT-EQP-01_20260511T0000_T14,2,5,WF.010813,CL-2601-008,13,CL-2601-008,13,5,0
BS-2601-001,14,10,6,DT-EQP-01_20260511T0000_T14,2,6,WF.010813,CL-2601-008,13,CL-2601-008,13,10,9
BS-2601-001,14,10,4,DT-EQP-01_20260511T0000_T14,2,8,WF.010707,CL-2601-007,07,CL-2601-007-A2-A6,07,3,2
BS-2601-001,14,9,11,DT-EQP-01_20260511T0000_T14,3,1,WF.010707,CL-2601-007,07,CL-2601-007-A2-A6,07,1,6
BS-2601-001,14,9,10,DT-EQP-01_20260511T0000_T14,3,2,WF.010707,CL-2601-007,07,CL-2601-007-A2-A6,07,1,3
BS-2601-001,14,9,8,DT-EQP-01_20260511T0000_T14,3,4,WF.010707,CL-2601-007,07,CL-2601-007-A2-A6,07,6,8
BS-2601-001,14,9,7,DT-EQP-01_20260511T0000_T14,3,5,WF.010813,CL-2601-008,13,CL-2601-008,13,4,2
BS-2601-001,14,9,6,DT-EQP-01_20260511T0000_T14,3,6,WF.010813,CL-2601-008,13,CL-2601-008,13,6,1
BS-2601-001,14,9,5,DT-EQP-01_20260511T0000_T14,3,7,WF.010813,CL-2601-008,13,CL-2601-008,13,3,11
BS-2601-001,14,9,3,DT-EQP-01_20260511T0000_T14,3,9,WF.010707,CL-2601-007,07,CL-2601-007-A2-A6,07,6,7
BS-2601-001,14,8,9,DT-EQP-01_20260511T0000_T14,4,3,WF.010813,CL-2601-008,13,CL-2601-008,13,3,9
BS-2601-001,14,8,7,DT-EQP-01_20260511T0000_T14,4,5,WF.010813,CL-2601-008,13,CL-2601-008,13,8,1
BS-2601-001,14,8,5,DT-EQP-01_20260511T0000_T14,4,7,WF.010813,CL-2601-008,13,CL-2601-008,13,5,11
BS-2601-001,14,8,3,DT-EQP-01_20260511T0000_T14,4,9,WF.010707,CL-2601-007,07,CL-2601-007-A2-A6,07,6,1
BS-2601-001,14,8,2,DT-EQP-01_20260511T0000_T14,4,10,WF.010707,CL-2601-007,07,CL-2601-007-A2-A6,07,5,11
BS-2601-001,14,7,10,DT-EQP-01_20260511T0000_T14,5,2,WF.010813,CL-2601-008,13,CL-2601-008,13,4,7
BS-2601-001,14,7,9,DT-EQP-01_20260511T0000_T14,5,3,WF.010707,CL-2601-007,07,CL-2601-007-A2-A6,07,9,9
BS-2601-001,14,7,6,DT-EQP-01_20260511T0000_T14,5,6,WF.010813,CL-2601-008,13,CL-2601-008,13,6,0
BS-2601-001,14,7,4,DT-EQP-01_20260511T0000_T14,5,8,WF.010813,CL-2601-008,13,CL-2601-008,13,12,6
BS-2601-001,14,6,6,DT-EQP-01_20260511T0000_T14,6,6,WF.010707,CL-2601-007,07,CL-2601-007-A2-A6,07,5,5
BS-2601-001,14,6,5,DT-EQP-01_20260511T0000_T14,6,7,WF.010707,CL-2601-007,07,CL-2601-007-A2-A6,07,4,5
BS-2601-001,14,6,2,DT-EQP-01_20260511T0000_T14,6,10,WF.010813,CL-2601-008,13,CL-2601-008,13,9,5
BS-2601-001,14,5,11,DT-EQP-01_20260511T0000_T14,7,1,WF.010813,CL-2601-008,13,CL-2601-008,13,11,4
BS-2601-001,14,5,9,DT-EQP-01_20260511T0000_T14,7,3,WF.010707,CL-2601-007,07,CL-2601-007-A2-A6,07,8,11
BS-2601-001,14,5,0,DT-EQP-01_20260511T0000_T14,7,12,WF.010707,CL-2601-007,07,CL-2601-007-A2-A6,07,7,4
BS-2601-001,14,4,11,DT-EQP-01_20260511T0000_T14,8,1,WF.010707,CL-2601-007,07,CL-2601-007-A2-A6,07,9,7
BS-2601-001,14,4,6,DT-EQP-01_20260511T0000_T14,8,6,WF.010813,CL-2601-008,13,CL-2601-008,13,3,3
BS-2601-001,14,4,5,DT-EQP-01_20260511T0000_T14,8,7,WF.010813,CL-2601-008,13,CL-2601-008,13,0,6
BS-2601-001,14,4,3,DT-EQP-01_20260511T0000_T14,8,9,WF.010813,CL-2601-008,13,CL-2601-008,13,11,6
BS-2601-001,14,4,2,DT-EQP-01_20260511T0000_T14,8,10,WF.010707,CL-2601-007,07,CL-2601-007-A2-A6,07,1,8
BS-2601-001,14,3,6,DT-EQP-01_20260511T0000_T14,9,6,WF.010813,CL-2601-008,13,CL-2601-008,13,3,4
BS-2601-001,14,2,5,DT-EQP-01_20260511T0000_T14,10,7,WF.010707,CL-2601-007,07,CL-2601-007-A2-A6,07,1,4
BS-2601-001,14,2,4,DT-EQP-01_20260511T0000_T14,10,8,WF.010813,CL-2601-008,13,CL-2601-008,13,6,11
BS-2601-001,14,2,3,DT-EQP-01_20260511T0000_T14,10,9,WF.010707,CL-2601-007,07,CL-2601-007-A2-A6,07,7,8
BS-2601-001,14,1,6,DT-EQP-01_20260511T0000_T14,11,6,WF.010707,CL-2601-007,07,CL-2601-007-A2-A6,07,4,8
BS-2601-001,14,1,5,DT-EQP-01_20260511T0000_T14,11,7,WF.010707,CL-2601-007,07,CL-2601-007-A2-A6,07,2,2
BS-2601-001,14,0,7,DT-EQP-01_20260511T0000_T14,12,5,WF.010707,CL-2601-007,07,CL-2601-007-A2-A6,07,5,10
BS-2601-001,14,0,6,DT-EQP-01_20260511T0000_T14,12,6,WF.010813,CL-2601-008,13,CL-2601-008,13,7,6
BS-2601-001,14,0,5,DT-EQP-01_20260511T0000_T14,12,7,WF.010707,CL-2601-007,07,CL-2601-007-A2-A6,07,8,2
BS-2601-001,15,12,5,DT-EQP-01_20260511T0000_T15,0,7,WF.010405,CL-2601-004,05,CL-2601-004,05,7,12
BS-2601-001,15,11,8,DT-EQP-01_20260511T0000_T15,1,4,WF.010405,CL-2601-004,05,CL-2601-004,05,3,2
BS-2601-001,15,11,7,DT-EQP-01_20260511T0000_T15,1,5,WF.010405,CL-2601-004,05,CL-2601-004,05,9,2
BS-2601-001,15,11,3,DT-EQP-01_20260511T0000_T15,1,9,WF.010405,CL-2601-004,05,CL-2601-004,05,5,5
BS-2601-001,15,10,9,DT-EQP-01_20260511T0000_T15,2,3,WF.010405,CL-2601-004,05,CL-2601-004,05,6,2
BS-2601-001,15,10,7,DT-EQP-01_20260511T0000_T15,2,5,WF.010405,CL-2601-004,05,CL-2601-004,05,5,0
BS-2601-001,15,10,5,DT-EQP-01_20260511T0000_T15,2,7,WF.010405,CL-2601-004,05,CL-2601-004,05,6,9
BS-2601-001,15,10,4,DT-EQP-01_20260511T0000_T15,2,8,WF.010405,CL-2601-004,05,CL-2601-004,05,8,1
BS-2601-001,15,10,3,DT-EQP-01_20260511T0000_T15,2,9,WF.010405,CL-2601-004,05,CL-2601-004,05,8,5
BS-2601-001,15,9,11,DT-EQP-01_20260511T0000_T15,3,1,WF.010405,CL-2601-004,05,CL-2601-004,05,1,9
BS-2601-001,15,9,9,DT-EQP-01_20260511T0000_T15,3,3,WF.010405,CL-2601-004,05,CL-2601-004,05,9,7
BS-2601-001,15,9,5,DT-EQP-01_20260511T0000_T15,3,7,WF.010405,CL-2601-004,05,CL-2601-004,05,3,6
BS-2601-001,15,9,3,DT-EQP-01_20260511T0000_T15,3,9,WF.010405,CL-2601-004,05,CL-2601-004,05,9,8
BS-2601-001,15,9,1,DT-EQP-01_20260511T0000_T15,3,11,WF.010405,CL-2601-004,05,CL-2601-004,05,10,5
BS-2601-001,15,8,10,DT-EQP-01_20260511T0000_T15,4,2,WF.010405,CL-2601-004,05,CL-2601-004,05,6,11
BS-2601-001,15,8,5,DT-EQP-01_20260511T0000_T15,4,7,WF.010405,CL-2601-004,05,CL-2601-004,05,2,2
BS-2601-001,15,8,3,DT-EQP-01_20260511T0000_T15,4,9,WF.010405,CL-2601-004,05,CL-2601-004,05,7,8
BS-2601-001,15,7,12,DT-EQP-01_20260511T0000_T15,5,0,WF.010405,CL-2601-004,05,CL-2601-004,05,4,2
BS-2601-001,15,7,10,DT-EQP-01_20260511T0000_T15,5,2,WF.010405,CL-2601-004,05,CL-2601-004,05,4,5
BS-2601-001,15,7,8,DT-EQP-01_20260511T0000_T15,5,4,WF.010405,CL-2601-004,05,CL-2601-004,05,8,10
BS-2601-001,15,7,4,DT-EQP-01_20260511T0000_T15,5,8,WF.010405,CL-2601-004,05,CL-2601-004,05,5,2
BS-2601-001,15,7,3,DT-EQP-01_20260511T0000_T15,5,9,WF.010405,CL-2601-004,05,CL-2601-004,05,4,10
BS-2601-001,15,7,2,DT-EQP-01_20260511T0000_T15,5,10,WF.010405,CL-2601-004,05,CL-2601-004,05,1,7
BS-2601-001,15,7,1,DT-EQP-01_20260511T0000_T15,5,11,WF.010405,CL-2601-004,05,CL-2601-004,05,5,7
BS-2601-001,15,6,11,DT-EQP-01_20260511T0000_T15,6,1,WF.010405,CL-2601-004,05,CL-2601-004,05,9,11
BS-2601-001,15,6,6,DT-EQP-01_20260511T0000_T15,6,6,WF.010405,CL-2601-004,05,CL-2601-004,05,5,11
BS-2601-001,15,6,3,DT-EQP-01_20260511T0000_T15,6,9,WF.010405,CL-2601-004,05,CL-2601-004,05,3,7
BS-2601-001,15,6,2,DT-EQP-01_20260511T0000_T15,6,10,WF.010405,CL-2601-004,05,CL-2601-004,05,1,5
BS-2601-001,15,6,1,DT-EQP-01_20260511T0000_T15,6,11,WF.010405,CL-2601-004,05,CL-2601-004,05,7,3
BS-2601-001,15,6,0,DT-EQP-01_20260511T0000_T15,6,12,WF.010405,CL-2601-004,05,CL-2601-004,05,6,12
BS-2601-001,15,5,10,DT-EQP-01_20260511T0000_T15,7,2,WF.010405,CL-2601-004,05,CL-2601-004,05,11,9
BS-2601-001,15,5,6,DT-EQP-01_20260511T0000_T15,7,6,WF.010405,CL-2601-004,05,CL-2601-004,05,10,4
BS-2601-001,15,5,2,DT-EQP-01_20260511T0000_T15,7,10,WF.010405,CL-2601-004,05,CL-2601-004,05,4,4
BS-2601-001,15,5,1,DT-EQP-01_20260511T0000_T15,7,11,WF.010405,CL-2601-004,05,CL-2601-004,05,10,3
BS-2601-001,15,4,9,DT-EQP-01_20260511T0000_T15,8,3,WF.010405,CL-2601-004,05,CL-2601-004,05,9,1
BS-2601-001,15,4,7,DT-EQP-01_20260511T0000_T15,8,5,WF.010405,CL-2601-004,05,CL-2601-004,05,4,7
BS-2601-001,15,3,11,DT-EQP-01_20260511T0000_T15,9,1,WF.010405,CL-2601-004,05,CL-2601-004,05,9,4
BS-2601-001,15,3,4,DT-EQP-01_20260511T0000_T15,9,8,WF.010405,CL-2601-004,05,CL-2601-004,05,3,9
BS-2601-001,15,3,2,DT-EQP-01_20260511T0000_T15,9,10,WF.010405,CL-2601-004,05,CL-2601-004,05,2,4
BS-2601-001,15,2,10,DT-EQP-01_20260511T0000_T15,10,2,WF.010405,CL-2601-004,05,CL-2601-004,05,12,7
BS-2601-001,15,2,8,DT-EQP-01_20260511T0000_T15,10,4,WF.010405,CL-2601-004,05,CL-2601-004,05,1,6
BS-2601-001,15,2,6,DT-EQP-01_20260511T0000_T15,10,6,WF.010405,CL-2601-004,05,CL-2601-004,05,4,6
BS-2601-001,15,2,5,DT-EQP-01_20260511T0000_T15,10,7,WF.010405,CL-2601-004,05,CL-2601-004,05,10,8
BS-2601-001,15,2,4,DT-EQP-01_20260511T0000_T15,10,8,WF.010405,CL-2601-004,05,CL-2601-004,05,2,7
BS-2601-001,15,2,2,DT-EQP-01_20260511T0000_T15,10,10,WF.010405,CL-2601-004,05,CL-2601-004,05,3,5
BS-2601-001,15,1,5,DT-EQP-01_20260511T0000_T15,11,7,WF.010405,CL-2601-004,05,CL-2601-004,05,2,6
BS-2601-001,15,1,4,DT-EQP-01_20260511T0000_T15,11,8,WF.010405,CL-2601-004,05,CL-2601-004,05,6,0
BS-2601-001,15,0,7,DT-EQP-01_20260511T0000_T15,12,5,WF.010405,CL-2601-004,05,CL-2601-004,05,8,8
BS-2601-001,15,0,5,DT-EQP-01_20260511T0000_T15,12,7,WF.010405,CL-2601-004,05,CL-2601-004,05,3,10
BS-2601-001,16,12,7,DT-EQP-01_20260511T0000_T16,0,5,WF.010606,CL-2601-006,06,CL-2601-006,06,7,2
BS-2601-001,16,12,5,DT-EQP-01_20260511T0000_T16,0,7,WF.010606,CL-2601-006,06,CL-2601-006,06,6,3
BS-2601-001,16,11,8,DT-EQP-01_20260511T0000_T16,1,4,WF.010606,CL-2601-006,06,CL-2601-006,06,11,3
BS-2601-001,16,11,3,DT-EQP-01_20260511T0000_T16,1,9,WF.010606,CL-2601-006,06,CL-2601-006,06,0,6
BS-2601-001,16,10,6,DT-EQP-01_20260511T0000_T16,2,6,WF.010606,CL-2601-006,06,CL-2601-006,06,3,5
BS-2601-001,16,10,5,DT-EQP-01_20260511T0000_T16,2,7,WF.010606,CL-2601-006,06,CL-2601-006,06,2,10
BS-2601-001,16,10,4,DT-EQP-01_20260511T0000_T16,2,8,WF.010606,CL-2601-006,06,CL-2601-006,06,7,1
BS-2601-001,16,10,3,DT-EQP-01_20260511T0000_T16,2,9,WF.010606,CL-2601-006,06,CL-2601-006,06,7,9
BS-2601-001,16,9,11,DT-EQP-01_20260511T0000_T16,3,1,WF.010606,CL-2601-006,06,CL-2601-006,06,8,9
BS-2601-001,16,9,6,DT-EQP-01_20260511T0000_T16,3,6,WF.010606,CL-2601-006,06,CL-2601-006,06,9,7
BS-2601-001,16,9,2,DT-EQP-01_20260511T0000_T16,3,10,WF.010606,CL-2601-006,06,CL-2601-006,06,3,3
BS-2601-001,16,9,1,DT-EQP-01_20260511T0000_T16,3,11,WF.010606,CL-2601-006,06,CL-2601-006,06,6,6
BS-2601-001,16,8,10,DT-EQP-01_20260511T0000_T16,4,2,WF.010606,CL-2601-006,06,CL-2601-006,06,4,5
BS-2601-001,16,8,8,DT-EQP-01_20260511T0000_T16,4,4,WF.010606,CL-2601-006,06,CL-2601-006,06,4,9
BS-2601-001,16,8,7,DT-EQP-01_20260511T0000_T16,4,5,WF.010606,CL-2601-006,06,CL-2601-006,06,2,7
BS-2601-001,16,8,6,DT-EQP-01_20260511T0000_T16,4,6,WF.010606,CL-2601-006,06,CL-2601-006,06,4,4
BS-2601-001,16,8,5,DT-EQP-01_20260511T0000_T16,4,7,WF.010606,CL-2601-006,06,CL-2601-006,06,7,4
BS-2601-001,16,8,2,DT-EQP-01_20260511T0000_T16,4,10,WF.010606,CL-2601-006,06,CL-2601-006,06,8,10
BS-2601-001,16,8,1,DT-EQP-01_20260511T0000_T16,4,11,WF.010606,CL-2601-006,06,CL-2601-006,06,6,0
BS-2601-001,16,7,12,DT-EQP-01_20260511T0000_T16,5,0,WF.010606,CL-2601-006,06,CL-2601-006,06,9,1
BS-2601-001,16,7,9,DT-EQP-01_20260511T0000_T16,5,3,WF.010606,CL-2601-006,06,CL-2601-006,06,5,11
BS-2601-001,16,7,1,DT-EQP-01_20260511T0000_T16,5,11,WF.010606,CL-2601-006,06,CL-2601-006,06,0,7
BS-2601-001,16,7,0,DT-EQP-01_20260511T0000_T16,5,12,WF.010606,CL-2601-006,06,CL-2601-006,06,9,10
BS-2601-001,16,6,11,DT-EQP-01_20260511T0000_T16,6,1,WF.010606,CL-2601-006,06,CL-2601-006,06,5,4
BS-2601-001,16,6,9,DT-EQP-01_20260511T0000_T16,6,3,WF.010606,CL-2601-006,06,CL-2601-006,06,10,6
BS-2601-001,16,6,7,DT-EQP-01_20260511T0000_T16,6,5,WF.010606,CL-2601-006,06,CL-2601-006,06,3,6
BS-2601-001,16,6,1,DT-EQP-01_20260511T0000_T16,6,11,WF.010606,CL-2601-006,06,CL-2601-006,06,6,1
BS-2601-001,16,5,12,DT-EQP-01_20260511T0000_T16,7,0,WF.010606,CL-2601-006,06,CL-2601-006,06,1,7
BS-2601-001,16,5,7,DT-EQP-01_20260511T0000_T16,7,5,WF.010606,CL-2601-006,06,CL-2601-006,06,11,4
BS-2601-001,16,5,5,DT-EQP-01_20260511T0000_T16,7,7,WF.010606,CL-2601-006,06,CL-2601-006,06,11,7
BS-2601-001,16,5,3,DT-EQP-01_20260511T0000_T16,7,9,WF.010606,CL-2601-006,06,CL-2601-006,06,12,6
BS-2601-001,16,4,10,DT-EQP-01_20260511T0000_T16,8,2,WF.010606,CL-2601-006,06,CL-2601-006,06,8,1
BS-2601-001,16,4,9,DT-EQP-01_20260511T0000_T16,8,3,WF.010606,CL-2601-006,06,CL-2601-006,06,2,4
BS-2601-001,16,4,8,DT-EQP-01_20260511T0000_T16,8,4,WF.010606,CL-2601-006,06,CL-2601-006,06,7,0
BS-2601-001,16,4,6,DT-EQP-01_20260511T0000_T16,8,6,WF.010606,CL-2601-006,06,CL-2601-006,06,3,1
BS-2601-001,16,4,2,DT-EQP-01_20260511T0000_T16,8,10,WF.010606,CL-2601-006,06,CL-2601-006,06,10,9
BS-2601-001,16,3,10,DT-EQP-01_20260511T0000_T16,9,2,WF.010606,CL-2601-006,06,CL-2601-006,06,6,11
BS-2601-001,16,3,9,DT-EQP-01_20260511T0000_T16,9,3,WF.010606,CL-2601-006,06,CL-2601-006,06,6,2
BS-2601-001,16,3,8,DT-EQP-01_20260511T0000_T16,9,4,WF.010606,CL-2601-006,06,CL-2601-006,06,3,2
BS-2601-001,16,3,4,DT-EQP-01_20260511T0000_T16,9,8,WF.010606,CL-2601-006,06,CL-2601-006,06,5,7
BS-2601-001,16,3,1,DT-EQP-01_20260511T0000_T16,9,11,WF.010606,CL-2601-006,06,CL-2601-006,06,11,8
BS-2601-001,16,2,9,DT-EQP-01_20260511T0000_T16,10,3,WF.010606,CL-2601-006,06,CL-2601-006,06,4,7
BS-2601-001,16,2,8,DT-EQP-01_20260511T0000_T16,10,4,WF.010606,CL-2601-006,06,CL-2601-006,06,9,4
BS-2601-001,16,2,2,DT-EQP-01_20260511T0000_T16,10,10,WF.010606,CL-2601-006,06,CL-2601-006,06,7,11
BS-2601-001,16,1,8,DT-EQP-01_20260511T0000_T16,11,4,WF.010606,CL-2601-006,06,CL-2601-006,06,1,6
BS-2601-001,16,1,6,DT-EQP-01_20260511T0000_T16,11,6,WF.010606,CL-2601-006,06,CL-2601-006,06,3,8
BS-2601-001,17,12,7,DT-EQP-01_20260511T0000_T17,0,5,WF.010322,CL-2601-003,22,CL-2601-003,22,8,7
BS-2601-001,17,11,8,DT-EQP-01_20260511T0000_T17,1,4,WF.010216,CL-2601-002,16,CL-2601-002-A4,16,9,7
BS-2601-001,17,11,7,DT-EQP-01_20260511T0000_T17,1,5,WF.010322,CL-2601-003,22,CL-2601-003,22,11,9
BS-2601-001,17,11,6,DT-EQP-01_20260511T0000_T17,1,6,WF.010322,CL-2601-003,22,CL-2601-003,22,7,9
BS-2601-001,17,11,5,DT-EQP-01_20260511T0000_T17,1,7,WF.010322,CL-2601-003,22,CL-2601-003,22,5,5
BS-2601-001,17,10,10,DT-EQP-01_20260511T0000_T17,2,2,WF.010322,CL-2601-003,22,CL-2601-003,22,4,5
BS-2601-001,17,10,5,DT-EQP-01_20260511T0000_T17,2,7,WF.010216,CL-2601-002,16,CL-2601-002-A4,16,0,6
BS-2601-001,17,10,2,DT-EQP-01_20260511T0000_T17,2,10,WF.010322,CL-2601-003,22,CL-2601-003,22,8,6
BS-2601-001,17,9,11,DT-EQP-01_20260511T0000_T17,3,1,WF.010216,CL-2601-002,16,CL-2601-002-A4,16,9,10
BS-2601-001,17,9,10,DT-EQP-01_20260511T0000_T17,3,2,WF.010216,CL-2601-002,16,CL-2601-002-A4,16,2,5
BS-2601-001,17,9,7,DT-EQP-01_20260511T0000_T17,3,5,WF.010322,CL-2601-003,22,CL-2601-003,22,10,3
BS-2601-001,17,9,6,DT-EQP-01_20260511T0000_T17,3,6,WF.010216,CL-2601-002,16,CL-2601-002-A4,16,5,11
BS-2601-001,17,9,4,DT-EQP-01_20260511T0000_T17,3,8,WF.010216,CL-2601-002,16,CL-2601-002-A4,16,5,5
BS-2601-001,17,9,3,DT-EQP-01_20260511T0000_T17,3,9,WF.010322,CL-2601-003,22,CL-2601-003,22,10,5
BS-2601-001,17,8,10,DT-EQP-01_20260511T0000_T17,4,2,WF.010322,CL-2601-003,22,CL-2601-003,22,2,2
BS-2601-001,17,8,7,DT-EQP-01_20260511T0000_T17,4,5,WF.010322,CL-2601-003,22,CL-2601-003,22,2,8
BS-2601-001,17,8,6,DT-EQP-01_20260511T0000_T17,4,6,WF.010322,CL-2601-003,22,CL-2601-003,22,1,3
BS-2601-001,17,8,5,DT-EQP-01_20260511T0000_T17,4,7,WF.010216,CL-2601-002,16,CL-2601-002-A4,16,9,8
BS-2601-001,17,8,4,DT-EQP-01_20260511T0000_T17,4,8,WF.010322,CL-2601-003,22,CL-2601-003,22,8,3
BS-2601-001,17,8,3,DT-EQP-01_20260511T0000_T17,4,9,WF.010322,CL-2601-003,22,CL-2601-003,22,6,8
BS-2601-001,17,8,2,DT-EQP-01_20260511T0000_T17,4,10,WF.010322,CL-2601-003,22,CL-2601-003,22,11,3
BS-2601-001,17,8,1,DT-EQP-01_20260511T0000_T17,4,11,WF.010322,CL-2601-003,22,CL-2601-003,22,1,5
BS-2601-001,17,7,11,DT-EQP-01_20260511T0000_T17,5,1,WF.010216,CL-2601-002,16,CL-2601-002-A4,16,7,9
BS-2601-001,17,7,10,DT-EQP-01_20260511T0000_T17,5,2,WF.010216,CL-2601-002,16,CL-2601-002-A4,16,5,3
BS-2601-001,17,7,8,DT-EQP-01_20260511T0000_T17,5,4,WF.010322,CL-2601-003,22,CL-2601-003,22,4,4
BS-2601-001,17,7,5,DT-EQP-01_20260511T0000_T17,5,7,WF.010322,CL-2601-003,22,CL-2601-003,22,8,11
BS-2601-001,17,7,4,DT-EQP-01_20260511T0000_T17,5,8,WF.010216,CL-2601-002,16,CL-2601-002-A4,16,5,10
BS-2601-001,17,7,3,DT-EQP-01_20260511T0000_T17,5,9,WF.010216,CL-2601-002,16,CL-2601-002-A4,16,2,7
BS-2601-001,17,6,1,DT-EQP-01_20260511T0000_T17,6,11,WF.010322,CL-2601-003,22,CL-2601-003,22,8,8
BS-2601-001,17,5,12,DT-EQP-01_20260511T0000_T17,7,0,WF.010322,CL-2601-003,22,CL-2601-003,22,10,2
BS-2601-001,17,5,10,DT-EQP-01_20260511T0000_T17,7,2,WF.010216,CL-2601-002,16,CL-2601-002-A4,16,6,0
BS-2601-001,17,5,7,DT-EQP-01_20260511T0000_T17,7,5,WF.010216,CL-2601-002,16,CL-2601-002-A4,16,8,3
BS-2601-001,17,5,6,DT-EQP-01_20260511T0000_T17,7,6,WF.010322,CL-2601-003,22,CL-2601-003,22,3,8
BS-2601-001,17,5,5,DT-EQP-01_20260511T0000_T17,7,7,WF.010216,CL-2601-002,16,CL-2601-002-A4,16,2,4
BS-2601-001,17,5,4,DT-EQP-01_20260511T0000_T17,7,8,WF.010322,CL-2601-003,22,CL-2601-003,22,3,7
BS-2601-001,17,5,3,DT-EQP-01_20260511T0000_T17,7,9,WF.010216,CL-2601-002,16,CL-2601-002-A4,16,11,5
BS-2601-001,17,5,2,DT-EQP-01_20260511T0000_T17,7,10,WF.010216,CL-2601-002,16,CL-2601-002-A4,16,4,8
BS-2601-001,17,5,1,DT-EQP-01_20260511T0000_T17,7,11,WF.010322,CL-2601-003,22,CL-2601-003,22,7,12
BS-2601-001,17,5,0,DT-EQP-01_20260511T0000_T17,7,12,WF.010216,CL-2601-002,16,CL-2601-002-A4,16,3,4
BS-2601-001,17,4,11,DT-EQP-01_20260511T0000_T17,8,1,WF.010216,CL-2601-002,16,CL-2601-002-A4,16,2,3
BS-2601-001,17,4,9,DT-EQP-01_20260511T0000_T17,8,3,WF.010322,CL-2601-003,22,CL-2601-003,22,10,10
BS-2601-001,17,4,7,DT-EQP-01_20260511T0000_T17,8,5,WF.010322,CL-2601-003,22,CL-2601-003,22,3,6
BS-2601-001,17,4,6,DT-EQP-01_20260511T0000_T17,8,6,WF.010322,CL-2601-003,22,CL-2601-003,22,11,8
BS-2601-001,17,4,2,DT-EQP-01_20260511T0000_T17,8,10,WF.010322,CL-2601-003,22,CL-2601-003,22,5,4
BS-2601-001,17,4,1,DT-EQP-01_20260511T0000_T17,8,11,WF.010322,CL-2601-003,22,CL-2601-003,22,5,0
BS-2601-001,17,3,10,DT-EQP-01_20260511T0000_T17,9,2,WF.010322,CL-2601-003,22,CL-2601-003,22,9,2
BS-2601-001,17,3,8,DT-EQP-01_20260511T0000_T17,9,4,WF.010322,CL-2601-003,22,CL-2601-003,22,10,7
BS-2601-001,17,3,2,DT-EQP-01_20260511T0000_T17,9,10,WF.010322,CL-2601-003,22,CL-2601-003,22,5,7
BS-2601-001,17,2,10,DT-EQP-01_20260511T0000_T17,10,2,WF.010216,CL-2601-002,16,CL-2601-002-A4,16,6,3
BS-2601-001,17,2,8,DT-EQP-01_20260511T0000_T17,10,4,WF.010322,CL-2601-003,22,CL-2601-003,22,8,10
BS-2601-001,17,2,6,DT-EQP-01_20260511T0000_T17,10,6,WF.010216,CL-2601-002,16,CL-2601-002-A4,16,2,6
BS-2601-001,17,1,7,DT-EQP-01_20260511T0000_T17,11,5,WF.010216,CL-2601-002,16,CL-2601-002-A4,16,8,8
BS-2601-001,17,1,5,DT-EQP-01_20260511T0000_T17,11,7,WF.010216,CL-2601-002,16,CL-2601-002-A4,16,8,7
BS-2601-001,17,1,3,DT-EQP-01_20260511T0000_T17,11,9,WF.010216,CL-2601-002,16,CL-2601-002-A4,16,11,3
BS-2601-001,17,0,6,DT-EQP-01_20260511T0000_T17,12,6,WF.010322,CL-2601-003,22,CL-2601-003,22,9,6
BS-2601-001,17,0,5,DT-EQP-01_20260511T0000_T17,12,7,WF.010216,CL-2601-002,16,CL-2601-002-A4,16,7,1
BS-2601-001,18,12,7,DT-EQP-01_20260511T0000_T18,0,5,WF.010217,CL-2601-002,17,CL-2601-002,17,12,5
BS-2601-001,18,12,6,DT-EQP-01_20260511T0000_T18,0,6,WF.010325,CL-2601-003,25,CL-2601-003,25,11,8
BS-2601-001,18,11,9,DT-EQP-01_20260511T0000_T18,1,3,WF.010325,CL-2601-003,25,CL-2601-003,25,3,3
BS-2601-001,18,11,3,DT-EQP-01_20260511T0000_T18,1,9,WF.010409,CL-2601-004,09,CL-2601-004,09,2,3
BS-2601-001,18,10,10,DT-EQP-01_20260511T0000_T18,2,2,WF.010217,CL-2601-002,17,CL-2601-002,17,4,9
BS-2601-001,18,10,9,DT-EQP-01_20260511T0000_T18,2,3,WF.010409,CL-2601-004,09,CL-2601-004,09,2,2
BS-2601-001,18,10,8,DT-EQP-01_20260511T0000_T18,2,4,WF.010217,CL-2601-002,17,CL-2601-002,17,4,11
BS-2601-001,18,10,7,DT-EQP-01_20260511T0000_T18,2,5,WF.010217,CL-2601-002,17,CL-2601-002,17,9,9
BS-2601-001,18,10,5,DT-EQP-01_20260511T0000_T18,2,7,WF.010217,CL-2601-002,17,CL-2601-002,17,9,7
BS-2601-001,18,10,4,DT-EQP-01_20260511T0000_T18,2,8,WF.010217,CL-2601-002,17,CL-2601-002,17,7,10
BS-2601-001,18,10,3,DT-EQP-01_20260511T0000_T18,2,9,WF.010325,CL-2601-003,25,CL-2601-003,25,7,12
BS-2601-001,18,10,2,DT-EQP-01_20260511T0000_T18,2,10,WF.010217,CL-2601-002,17,CL-2601-002,17,5,4
BS-2601-001,18,9,8,DT-EQP-01_20260511T0000_T18,3,4,WF.010217,CL-2601-002,17,CL-2601-002,17,7,9
BS-2601-001,18,9,7,DT-EQP-01_20260511T0000_T18,3,5,WF.010217,CL-2601-002,17,CL-2601-002,17,8,9
BS-2601-001,18,9,6,DT-EQP-01_20260511T0000_T18,3,6,WF.010217,CL-2601-002,17,CL-2601-002,17,3,10
BS-2601-001,18,9,4,DT-EQP-01_20260511T0000_T18,3,8,WF.010325,CL-2601-003,25,CL-2601-003,25,9,5
BS-2601-001,18,9,2,DT-EQP-01_20260511T0000_T18,3,10,WF.010325,CL-2601-003,25,CL-2601-003,25,6,3
BS-2601-001,18,9,1,DT-EQP-01_20260511T0000_T18,3,11,WF.010325,CL-2601-003,25,CL-2601-003,25,7,10
BS-2601-001,18,8,11,DT-EQP-01_20260511T0000_T18,4,1,WF.010325,CL-2601-003,25,CL-2601-003,25,5,4
BS-2601-001,18,8,10,DT-EQP-01_20260511T0000_T18,4,2,WF.010325,CL-2601-003,25,CL-2601-003,25,10,9
BS-2601-001,18,8,6,DT-EQP-01_20260511T0000_T18,4,6,WF.010409,CL-2601-004,09,CL-2601-004,09,11,7
BS-2601-001,18,8,5,DT-EQP-01_20260511T0000_T18,4,7,WF.010409,CL-2601-004,09,CL-2601-004,09,7,12
BS-2601-001,18,7,12,DT-EQP-01_20260511T0000_T18,5,0,WF.010325,CL-2601-003,25,CL-2601-003,25,2,4
BS-2601-001,18,7,10,DT-EQP-01_20260511T0000_T18,5,2,WF.010409,CL-2601-004,09,CL-2601-004,09,1,5
BS-2601-001,18,7,8,DT-EQP-01_20260511T0000_T18,5,4,WF.010325,CL-2601-003,25,CL-2601-003,25,4,3
BS-2601-001,18,7,5,DT-EQP-01_20260511T0000_T18,5,7,WF.010409,CL-2601-004,09,CL-2601-004,09,11,9
BS-2601-001,18,7,2,DT-EQP-01_20260511T0000_T18,5,10,WF.010409,CL-2601-004,09,CL-2601-004,09,7,5
BS-2601-001,18,7,1,DT-EQP-01_20260511T0000_T18,5,11,WF.010409,CL-2601-004,09,CL-2601-004,09,11,6
BS-2601-001,18,6,12,DT-EQP-01_20260511T0000_T18,6,0,WF.010409,CL-2601-004,09,CL-2601-004,09,7,10
BS-2601-001,18,6,10,DT-EQP-01_20260511T0000_T18,6,2,WF.010325,CL-2601-003,25,CL-2601-003,25,11,5
BS-2601-001,18,6,0,DT-EQP-01_20260511T0000_T18,6,12,WF.010325,CL-2601-003,25,CL-2601-003,25,2,7
BS-2601-001,18,5,10,DT-EQP-01_20260511T0000_T18,7,2,WF.010217,CL-2601-002,17,CL-2601-002,17,2,2
BS-2601-001,18,5,9,DT-EQP-01_20260511T0000_T18,7,3,WF.010325,CL-2601-003,25,CL-2601-003,25,11,3
BS-2601-001,18,5,4,DT-EQP-01_20260511T0000_T18,7,8,WF.010217,CL-2601-002,17,CL-2601-002,17,5,10
BS-2601-001,18,5,3,DT-EQP-01_20260511T0000_T18,7,9,WF.010325,CL-2601-003,25,CL-2601-003,25,3,5
BS-2601-001,18,4,11,DT-EQP-01_20260511T0000_T18,8,1,WF.010409,CL-2601-004,09,CL-2601-004,09,3,10
BS-2601-001,18,4,10,DT-EQP-01_20260511T0000_T18,8,2,WF.010325,CL-2601-003,25,CL-2601-003,25,9,7
BS-2601-001,18,4,9,DT-EQP-01_20260511T0000_T18,8,3,WF.010409,CL-2601-004,09,CL-2601-004,09,0,7
BS-2601-001,18,4,8,DT-EQP-01_20260511T0000_T18,8,4,WF.010409,CL-2601-004,09,CL-2601-004,09,6,12
BS-2601-001,18,4,6,DT-EQP-01_20260511T0000_T18,8,6,WF.010325,CL-2601-003,25,CL-2601-003,25,3,2
BS-2601-001,18,4,2,DT-EQP-01_20260511T0000_T18,8,10,WF.010409,CL-2601-004,09,CL-2601-004,09,3,4
BS-2601-001,18,3,10,DT-EQP-01_20260511T0000_T18,9,2,WF.010217,CL-2601-002,17,CL-2601-002,17,6,0
BS-2601-001,18,3,9,DT-EQP-01_20260511T0000_T18,9,3,WF.010325,CL-2601-003,25,CL-2601-003,25,6,10
BS-2601-001,18,3,8,DT-EQP-01_20260511T0000_T18,9,4,WF.010217,CL-2601-002,17,CL-2601-002,17,2,4
BS-2601-001,18,3,5,DT-EQP-01_20260511T0000_T18,9,7,WF.010409,CL-2601-004,09,CL-2601-004,09,0,6
BS-2601-001,18,3,3,DT-EQP-01_20260511T0000_T18,9,9,WF.010217,CL-2601-002,17,CL-2601-002,17,5,2
BS-2601-001,18,2,4,DT-EQP-01_20260511T0000_T18,10,8,WF.010409,CL-2601-004,09,CL-2601-004,09,9,2
BS-2601-001,18,2,2,DT-EQP-01_20260511T0000_T18,10,10,WF.010409,CL-2601-004,09,CL-2601-004,09,3,2
BS-2601-001,18,1,6,DT-EQP-01_20260511T0000_T18,11,6,WF.010325,CL-2601-003,25,CL-2601-003,25,10,5
BS-2601-001,19,12,5,DT-EQP-01_20260511T0000_T19,0,7,WF.010311,CL-2601-003,11,CL-2601-003,11,3,6
BS-2601-001,19,11,9,DT-EQP-01_20260511T0000_T19,1,3,WF.010311,CL-2601-003,11,CL-2601-003,11,7,11
BS-2601-001,19,11,6,DT-EQP-01_20260511T0000_T19,1,6,WF.010311,CL-2601-003,11,CL-2601-003,11,8,5
BS-2601-001,19,11,5,DT-EQP-01_20260511T0000_T19,1,7,WF.010311,CL-2601-003,11,CL-2601-003,11,9,5
BS-2601-001,19,11,4,DT-EQP-01_20260511T0000_T19,1,8,WF.010721,CL-2601-007,21,CL-2601-007-A2,21,11,7
BS-2601-001,19,11,3,DT-EQP-01_20260511T0000_T19,1,9,WF.010721,CL-2601-007,21,CL-2601-007-A2,21,4,4
BS-2601-001,19,10,9,DT-EQP-01_20260511T0000_T19,2,3,WF.010310,CL-2601-003,10,CL-2601-003,10,3,4
BS-2601-001,19,10,2,DT-EQP-01_20260511T0000_T19,2,10,WF.010311,CL-2601-003,11,CL-2601-003,11,4,8
BS-2601-001,19,9,9,DT-EQP-01_20260511T0000_T19,3,3,WF.010311,CL-2601-003,11,CL-2601-003,11,6,4
BS-2601-001,19,9,7,DT-EQP-01_20260511T0000_T19,3,5,WF.010310,CL-2601-003,10,CL-2601-003,10,11,9
BS-2601-001,19,9,2,DT-EQP-01_20260511T0000_T19,3,10,WF.010721,CL-2601-007,21,CL-2601-007-A2,21,10,4
BS-2601-001,19,9,1,DT-EQP-01_20260511T0000_T19,3,11,WF.010310,CL-2601-003,10,CL-2601-003,10,4,1
BS-2601-001,19,8,8,DT-EQP-01_20260511T0000_T19,4,4,WF.010311,CL-2601-003,11,CL-2601-003,11,4,2
BS-2601-001,19,8,7,DT-EQP-01_20260511T0000_T19,4,5,WF.010721,CL-2601-007,21,CL-2601-007-A2,21,9,11
BS-2601-001,19,8,6,DT-EQP-01_20260511T0000_T19,4,6,WF.010311,CL-2601-003,11,CL-2601-003,11,5,12
BS-2601-001,19,8,4,DT-EQP-01_20260511T0000_T19,4,8,WF.010311,CL-2601-003,11,CL-2601-003,11,11,6
BS-2601-001,19,8,1,DT-EQP-01_20260511T0000_T19,4,11,WF.010311,CL-2601-003,11,CL-2601-003,11,2,5
BS-2601-001,19,7,10,DT-EQP-01_20260511T0000_T19,5,2,WF.010311,CL-2601-003,11,CL-2601-003,11,10,9
BS-2601-001,19,7,9,DT-EQP-01_20260511T0000_T19,5,3,WF.010721,CL-2601-007,21,CL-2601-007-A2,21,9,3
BS-2601-001,19,7,5,DT-EQP-01_20260511T0000_T19,5,7,WF.010311,CL-2601-003,11,CL-2601-003,11,7,10
BS-2601-001,19,7,2,DT-EQP-01_20260511T0000_T19,5,10,WF.010721,CL-2601-007,21,CL-2601-007-A2,21,9,5
BS-2601-001,19,7,1,DT-EQP-01_20260511T0000_T19,5,11,WF.010311,CL-2601-003,11,CL-2601-003,11,0,6
BS-2601-001,19,6,11,DT-EQP-01_20260511T0000_T19,6,1,WF.010311,CL-2601-003,11,CL-2601-003,11,6,0
BS-2601-001,19,6,6,DT-EQP-01_20260511T0000_T19,6,6,WF.010311,CL-2601-003,11,CL-2601-003,11,4,5
BS-2601-001,19,6,4,DT-EQP-01_20260511T0000_T19,6,8,WF.010311,CL-2601-003,11,CL-2601-003,11,5,4
BS-2601-001,19,5,8,DT-EQP-01_20260511T0000_T19,7,4,WF.010721,CL-2601-007,21,CL-2601-007-A2,21,6,4
BS-2601-001,19,5,6,DT-EQP-01_20260511T0000_T19,7,6,WF.010311,CL-2601-003,11,CL-2601-003,11,3,10
BS-2601-001,19,5,2,DT-EQP-01_20260511T0000_T19,7,10,WF.010721,CL-2601-007,21,CL-2601-007-A2,21,4,5
BS-2601-001,19,5,1,DT-EQP-01_20260511T0000_T19,7,11,WF.010310,CL-2601-003,10,CL-2601-003,10,4,10
BS-2601-001,19,4,8,DT-EQP-01_20260511T0000_T19,8,4,WF.010721,CL-2601-007,21,CL-2601-007-A2,21,8,7
BS-2601-001,19,4,3,DT-EQP-01_20260511T0000_T19,8,9,WF.010721,CL-2601-007,21,CL-2601-007-A2,21,3,5
BS-2601-001,19,3,11,DT-EQP-01_20260511T0000_T19,9,1,WF.010311,CL-2601-003,11,CL-2601-003,11,2,4
BS-2601-001,19,3,10,DT-EQP-01_20260511T0000_T19,9,2,WF.010311,CL-2601-003,11,CL-2601-003,11,3,11
BS-2601-001,19,3,5,DT-EQP-01_20260511T0000_T19,9,7,WF.010721,CL-2601-007,21,CL-2601-007-A2,21,10,7
BS-2601-001,19,2,10,DT-EQP-01_20260511T0000_T19,10,2,WF.010721,CL-2601-007,21,CL-2601-007-A2,21,6,6
BS-2601-001,19,2,8,DT-EQP-01_20260511T0000_T19,10,4,WF.010310,CL-2601-003,10,CL-2601-003,10,6,0
BS-2601-001,19,2,7,DT-EQP-01_20260511T0000_T19,10,5,WF.010721,CL-2601-007,21,CL-2601-007-A2,21,6,2
BS-2601-001,19,2,6,DT-EQP-01_20260511T0000_T19,10,6,WF.010721,CL-2601-007,21,CL-2601-007-A2,21,7,12
BS-2601-001,19,2,3,DT-EQP-01_20260511T0000_T19,10,9,WF.010721,CL-2601-007,21,CL-2601-007-A2,21,3,3
BS-2601-001,19,1,8,DT-EQP-01_20260511T0000_T19,11,4,WF.010721,CL-2601-007,21,CL-2601-007-A2,21,7,5
BS-2601-001,19,1,6,DT-EQP-01_20260511T0000_T19,11,6,WF.010721,CL-2601-007,21,CL-2601-007-A2,21,12,7
BS-2601-001,19,1,3,DT-EQP-01_20260511T0000_T19,11,9,WF.010721,CL-2601-007,21,CL-2601-007-A2,21,4,8
BS-2601-001,20,12,5,DT-EQP-01_20260511T0000_T20,0,7,WF.010210,CL-2601-002,10,CL-2601-002-A4,10,3,5
BS-2601-001,20,11,7,DT-EQP-01_20260511T0000_T20,1,5,WF.010801,CL-2601-008,01,CL-2601-008,01,7,8
BS-2601-001,20,11,5,DT-EQP-01_20260511T0000_T20,1,7,WF.010801,CL-2601-008,01,CL-2601-008,01,3,2
BS-2601-001,20,10,8,DT-EQP-01_20260511T0000_T20,2,4,WF.010210,CL-2601-002,10,CL-2601-002-A4,10,9,5
BS-2601-001,20,10,7,DT-EQP-01_20260511T0000_T20,2,5,WF.010613,CL-2601-006,13,CL-2601-006,13,5,4
BS-2601-001,20,10,5,DT-EQP-01_20260511T0000_T20,2,7,WF.010801,CL-2601-008,01,CL-2601-008,01,1,9
BS-2601-001,20,10,4,DT-EQP-01_20260511T0000_T20,2,8,WF.010613,CL-2601-006,13,CL-2601-006,13,0,7
BS-2601-001,20,10,3,DT-EQP-01_20260511T0000_T20,2,9,WF.010210,CL-2601-002,10,CL-2601-002-A4,10,6,2
BS-2601-001,20,9,10,DT-EQP-01_20260511T0000_T20,3,2,WF.010801,CL-2601-008,01,CL-2601-008,01,6,12
BS-2601-001,20,9,8,DT-EQP-01_20260511T0000_T20,3,4,WF.010801,CL-2601-008,01,CL-2601-008,01,11,3
BS-2601-001,20,9,6,DT-EQP-01_20260511T0000_T20,3,6,WF.010801,CL-2601-008,01,CL-2601-008,01,2,4
BS-2601-001,20,9,2,DT-EQP-01_20260511T0000_T20,3,10,WF.010613,CL-2601-006,13,CL-2601-006,13,8,4
BS-2601-001,20,8,11,DT-EQP-01_20260511T0000_T20,4,1,WF.010613,CL-2601-006,13,CL-2601-006,13,10,4
BS-2601-001,20,8,9,DT-EQP-01_20260511T0000_T20,4,3,WF.010613,CL-2601-006,13,CL-2601-006,13,2,10
BS-2601-001,20,8,4,DT-EQP-01_20260511T0000_T20,4,8,WF.010613,CL-2601-006,13,CL-2601-006,13,3,2
BS-2601-001,20,8,1,DT-EQP-01_20260511T0000_T20,4,11,WF.010210,CL-2601-002,10,CL-2601-002-A4,10,3,6
BS-2601-001,20,7,11,DT-EQP-01_20260511T0000_T20,5,1,WF.010801,CL-2601-008,01,CL-2601-008,01,7,1
BS-2601-001,20,7,8,DT-EQP-01_20260511T0000_T20,5,4,WF.010613,CL-2601-006,13,CL-2601-006,13,7,4
BS-2601-001,20,7,7,DT-EQP-01_20260511T0000_T20,5,5,WF.010210,CL-2601-002,10,CL-2601-002-A4,10,12,7
BS-2601-001,20,7,4,DT-EQP-01_20260511T0000_T20,5,8,WF.010613,CL-2601-006,13,CL-2601-006,13,4,10
BS-2601-001,20,7,2,DT-EQP-01_20260511T0000_T20,5,10,WF.010210,CL-2601-002,10,CL-2601-002-A4,10,7,3
BS-2601-001,20,7,1,DT-EQP-01_20260511T0000_T20,5,11,WF.010801,CL-2601-008,01,CL-2601-008,01,6,11
BS-2601-001,20,7,0,DT-EQP-01_20260511T0000_T20,5,12,WF.010801,CL-2601-008,01,CL-2601-008,01,11,8
BS-2601-001,20,6,12,DT-EQP-01_20260511T0000_T20,6,0,WF.010210,CL-2601-002,10,CL-2601-002-A4,10,1,9
BS-2601-001,20,6,8,DT-EQP-01_20260511T0000_T20,6,4,WF.010801,CL-2601-008,01,CL-2601-008,01,6,6
BS-2601-001,20,6,7,DT-EQP-01_20260511T0000_T20,6,5,WF.010801,CL-2601-008,01,CL-2601-008,01,9,10
BS-2601-001,20,6,4,DT-EQP-01_20260511T0000_T20,6,8,WF.010210,CL-2601-002,10,CL-2601-002-A4,10,4,4
BS-2601-001,20,6,1,DT-EQP-01_20260511T0000_T20,6,11,WF.010210,CL-2601-002,10,CL-2601-002-A4,10,7,12
BS-2601-001,20,5,8,DT-EQP-01_20260511T0000_T20,7,4,WF.010801,CL-2601-008,01,CL-2601-008,01,11,4
BS-2601-001,20,5,6,DT-EQP-01_20260511T0000_T20,7,6,WF.010613,CL-2601-006,13,CL-2601-006,13,7,11
BS-2601-001,20,5,4,DT-EQP-01_20260511T0000_T20,7,8,WF.010210,CL-2601-002,10,CL-2601-002-A4,10,9,9
BS-2601-001,20,5,3,DT-EQP-01_20260511T0000_T20,7,9,WF.010801,CL-2601-008,01,CL-2601-008,01,11,9
BS-2601-001,20,5,1,DT-EQP-01_20260511T0000_T20,7,11,WF.010210,CL-2601-002,10,CL-2601-002-A4,10,9,4
BS-2601-001,20,5,0,DT-EQP-01_20260511T0000_T20,7,12,WF.010210,CL-2601-002,10,CL-2601-002-A4,10,7,11
BS-2601-001,20,3,10,DT-EQP-01_20260511T0000_T20,9,2,WF.010210,CL-2601-002,10,CL-2601-002-A4,10,2,4
BS-2601-001,20,3,7,DT-EQP-01_20260511T0000_T20,9,5,WF.010801,CL-2601-008,01,CL-2601-008,01,7,9
BS-2601-001,20,3,6,DT-EQP-01_20260511T0000_T20,9,6,WF.010210,CL-2601-002,10,CL-2601-002-A4,10,8,5
BS-2601-001,20,3,5,DT-EQP-01_20260511T0000_T20,9,7,WF.010613,CL-2601-006,13,CL-2601-006,13,9,5
BS-2601-001,20,3,1,DT-EQP-01_20260511T0000_T20,9,11,WF.010801,CL-2601-008,01,CL-2601-008,01,2,6
BS-2601-001,20,2,10,DT-EQP-01_20260511T0000_T20,10,2,WF.010801,CL-2601-008,01,CL-2601-008,01,6,0
BS-2601-001,20,2,8,DT-EQP-01_20260511T0000_T20,10,4,WF.010801,CL-2601-008,01,CL-2601-008,01,1,4
BS-2601-001,20,2,6,DT-EQP-01_20260511T0000_T20,10,6,WF.010801,CL-2601-008,01,CL-2601-008,01,9,4
BS-2601-001,20,2,5,DT-EQP-01_20260511T0000_T20,10,7,WF.010801,CL-2601-008,01,CL-2601-008,01,8,11
BS-2601-001,20,2,2,DT-EQP-01_20260511T0000_T20,10,10,WF.010613,CL-2601-006,13,CL-2601-006,13,11,6
BS-2601-001,20,1,6,DT-EQP-01_20260511T0000_T20,11,6,WF.010801,CL-2601-008,01,CL-2601-008,01,10,2
BS-2601-001,20,1,4,DT-EQP-01_20260511T0000_T20,11,8,WF.010801,CL-2601-008,01,CL-2601-008,01,5,9
BS-2601-001,20,0,6,DT-EQP-01_20260511T0000_T20,12,6,WF.010801,CL-2601-008,01,CL-2601-008,01,10,4
BS-2601-001,20,0,5,DT-EQP-01_20260511T0000_T20,12,7,WF.010801,CL-2601-008,01,CL-2601-008,01,3,11
BS-2601-001,21,12,7,DT-EQP-02_20260512T0000_T01,0,5,WF.010611,CL-2601-006,11,CL-2601-006-A1-A7,11,7,12
BS-2601-001,21,11,6,DT-EQP-02_20260512T0000_T01,1,6,WF.010611,CL-2601-006,11,CL-2601-006-A1-A7,11,1,4
BS-2601-001,21,10,9,DT-EQP-02_20260512T0000_T01,2,3,WF.010611,CL-2601-006,11,CL-2601-006-A1-A7,11,6,7
BS-2601-001,21,10,7,DT-EQP-02_20260512T0000_T01,2,5,WF.010611,CL-2601-006,11,CL-2601-006-A1-A7,11,8,9
BS-2601-001,21,10,5,DT-EQP-02_20260512T0000_T01,2,7,WF.010611,CL-2601-006,11,CL-2601-006-A1-A7,11,4,2
BS-2601-001,21,10,3,DT-EQP-02_20260512T0000_T01,2,9,WF.010611,CL-2601-006,11,CL-2601-006-A1-A7,11,7,1
BS-2601-001,21,9,11,DT-EQP-02_20260512T0000_T01,3,1,WF.010611,CL-2601-006,11,CL-2601-006-A1-A7,11,10,6
BS-2601-001,21,9,10,DT-EQP-02_20260512T0000_T01,3,2,WF.010611,CL-2601-006,11,CL-2601-006-A1-A7,11,8,3
BS-2601-001,21,9,7,DT-EQP-02_20260512T0000_T01,3,5,WF.010611,CL-2601-006,11,CL-2601-006-A1-A7,11,1,8
BS-2601-001,21,9,5,DT-EQP-02_20260512T0000_T01,3,7,WF.010611,CL-2601-006,11,CL-2601-006-A1-A7,11,5,8
BS-2601-001,21,8,10,DT-EQP-02_20260512T0000_T01,4,2,WF.010611,CL-2601-006,11,CL-2601-006-A1-A7,11,9,11
BS-2601-001,21,8,7,DT-EQP-02_20260512T0000_T01,4,5,WF.010611,CL-2601-006,11,CL-2601-006-A1-A7,11,8,5
BS-2601-001,21,8,5,DT-EQP-02_20260512T0000_T01,4,7,WF.010611,CL-2601-006,11,CL-2601-006-A1-A7,11,3,11
BS-2601-001,21,8,2,DT-EQP-02_20260512T0000_T01,4,10,WF.010611,CL-2601-006,11,CL-2601-006-A1-A7,11,3,5
BS-2601-001,21,7,10,DT-EQP-02_20260512T0000_T01,5,2,WF.010611,CL-2601-006,11,CL-2601-006-A1-A7,11,2,9
BS-2601-001,21,7,9,DT-EQP-02_20260512T0000_T01,5,3,WF.010611,CL-2601-006,11,CL-2601-006-A1-A7,11,12,5
BS-2601-001,21,7,8,DT-EQP-02_20260512T0000_T01,5,4,WF.010611,CL-2601-006,11,CL-2601-006-A1-A7,11,8,1
BS-2601-001,21,7,3,DT-EQP-02_20260512T0000_T01,5,9,WF.010611,CL-2601-006,11,CL-2601-006-A1-A7,11,2,6
BS-2601-001,21,7,0,DT-EQP-02_20260512T0000_T01,5,12,WF.010611,CL-2601-006,11,CL-2601-006-A1-A7,11,6,2
BS-2601-001,21,6,11,DT-EQP-02_20260512T0000_T01,6,1,WF.010611,CL-2601-006,11,CL-2601-006-A1-A7,11,10,3
BS-2601-001,21,6,7,DT-EQP-02_20260512T0000_T01,6,5,WF.010611,CL-2601-006,11,CL-2601-006-A1-A7,11,5,1
BS-2601-001,21,6,5,DT-EQP-02_20260512T0000_T01,6,7,WF.010611,CL-2601-006,11,CL-2601-006-A1-A7,11,12,6
BS-2601-001,21,6,1,DT-EQP-02_20260512T0000_T01,6,11,WF.010611,CL-2601-006,11,CL-2601-006-A1-A7,11,1,6
BS-2601-001,21,5,12,DT-EQP-02_20260512T0000_T01,7,0,WF.010611,CL-2601-006,11,CL-2601-006-A1-A7,11,8,7
BS-2601-001,21,5,10,DT-EQP-02_20260512T0000_T01,7,2,WF.010611,CL-2601-006,11,CL-2601-006-A1-A7,11,9,1
BS-2601-001,21,5,9,DT-EQP-02_20260512T0000_T01,7,3,WF.010611,CL-2601-006,11,CL-2601-006-A1-A7,11,6,10
BS-2601-001,21,5,7,DT-EQP-02_20260512T0000_T01,7,5,WF.010611,CL-2601-006,11,CL-2601-006-A1-A7,11,7,0
BS-2601-001,21,5,6,DT-EQP-02_20260512T0000_T01,7,6,WF.010611,CL-2601-006,11,CL-2601-006-A1-A7,11,1,5
BS-2601-001,21,5,4,DT-EQP-02_20260512T0000_T01,7,8,WF.010611,CL-2601-006,11,CL-2601-006-A1-A7,11,3,3
BS-2601-001,21,5,3,DT-EQP-02_20260512T0000_T01,7,9,WF.010611,CL-2601-006,11,CL-2601-006-A1-A7,11,4,1
BS-2601-001,21,5,2,DT-EQP-02_20260512T0000_T01,7,10,WF.010611,CL-2601-006,11,CL-2601-006-A1-A7,11,8,11
BS-2601-001,21,5,0,DT-EQP-02_20260512T0000_T01,7,12,WF.010611,CL-2601-006,11,CL-2601-006-A1-A7,11,10,10
BS-2601-001,21,4,7,DT-EQP-02_20260512T0000_T01,8,5,WF.010611,CL-2601-006,11,CL-2601-006-A1-A7,11,11,7
BS-2601-001,21,4,2,DT-EQP-02_20260512T0000_T01,8,10,WF.010611,CL-2601-006,11,CL-2601-006-A1-A7,11,5,3
BS-2601-001,21,3,11,DT-EQP-02_20260512T0000_T01,9,1,WF.010611,CL-2601-006,11,CL-2601-006-A1-A7,11,12,7
BS-2601-001,21,3,7,DT-EQP-02_20260512T0000_T01,9,5,WF.010611,CL-2601-006,11,CL-2601-006-A1-A7,11,7,9
BS-2601-001,21,3,5,DT-EQP-02_20260512T0000_T01,9,7,WF.010611,CL-2601-006,11,CL-2601-006-A1-A7,11,3,7
BS-2601-001,21,3,1,DT-EQP-02_20260512T0000_T01,9,11,WF.010611,CL-2601-006,11,CL-2601-006-A1-A7,11,2,3
BS-2601-001,21,2,10,DT-EQP-02_20260512T0000_T01,10,2,WF.010611,CL-2601-006,11,CL-2601-006-A1-A7,11,3,1
BS-2601-001,21,2,8,DT-EQP-02_20260512T0000_T01,10,4,WF.010611,CL-2601-006,11,CL-2601-006-A1-A7,11,5,11
BS-2601-001,21,2,5,DT-EQP-02_20260512T0000_T01,10,7,WF.010611,CL-2601-006,11,CL-2601-006-A1-A7,11,5,6
BS-2601-001,21,2,4,DT-EQP-02_20260512T0000_T01,10,8,WF.010611,CL-2601-006,11,CL-2601-006-A1-A7,11,3,10
BS-2601-001,21,1,6,DT-EQP-02_20260512T0000_T01,11,6,WF.010611,CL-2601-006,11,CL-2601-006-A1-A7,11,6,4
BS-2601-001,21,1,3,DT-EQP-02_20260512T0000_T01,11,9,WF.010611,CL-2601-006,11,CL-2601-006-A1-A7,11,2,2
BS-2601-001,21,0,7,DT-EQP-02_20260512T0000_T01,12,5,WF.010611,CL-2601-006,11,CL-2601-006-A1-A7,11,9,7
BS-2601-001,21,0,5,DT-EQP-02_20260512T0000_T01,12,7,WF.010611,CL-2601-006,11,CL-2601-006-A1-A7,11,10,7
BS-2601-001,22,12,7,DT-EQP-02_20260512T0000_T02,0,5,WF.010612,CL-2601-006,12,CL-2601-006,12,6,3
BS-2601-001,22,12,6,DT-EQP-02_20260512T0000_T02,0,6,WF.010612,CL-2601-006,12,CL-2601-006,12,10,6
BS-2601-001,22,11,7,DT-EQP-02_20260512T0000_T02,1,5,WF.010711,CL-2601-007,11,CL-2601-007-A2-A6-A8,11,5,2
BS-2601-001,22,11,5,DT-EQP-02_20260512T0000_T02,1,7,WF.010120,CL-2601-001,20,CL-2601-001,20,10,5
BS-2601-001,22,10,10,DT-EQP-02_20260512T0000_T02,2,2,WF.010612,CL-2601-006,12,CL-2601-006,12,1,4
BS-2601-001,22,9,5,DT-EQP-02_20260512T0000_T02,3,7,WF.010612,CL-2601-006,12,CL-2601-006,12,6,5
BS-2601-001,22,9,4,DT-EQP-02_20260512T0000_T02,3,8,WF.010711,CL-2601-007,11,CL-2601-007-A2-A6-A8,11,10,8
BS-2601-001,22,9,2,DT-EQP-02_20260512T0000_T02,3,10,WF.010711,CL-2601-007,11,CL-2601-007-A2-A6-A8,11,10,3
BS-2601-001,22,8,11,DT-EQP-02_20260512T0000_T02,4,1,WF.010711,CL-2601-007,11,CL-2601-007-A2-A6-A8,11,7,2
BS-2601-001,22,8,8,DT-EQP-02_20260512T0000_T02,4,4,WF.010711,CL-2601-007,11,CL-2601-007-A2-A6-A8,11,7,5
BS-2601-001,22,8,7,DT-EQP-02_20260512T0000_T02,4,5,WF.010612,CL-2601-006,12,CL-2601-006,12,6,4
BS-2601-001,22,8,6,DT-EQP-02_20260512T0000_T02,4,6,WF.010711,CL-2601-007,11,CL-2601-007-A2-A6-A8,11,6,3
BS-2601-001,22,8,5,DT-EQP-02_20260512T0000_T02,4,7,WF.010120,CL-2601-001,20,CL-2601-001,20,4,6
BS-2601-001,22,8,3,DT-EQP-02_20260512T0000_T02,4,9,WF.010612,CL-2601-006,12,CL-2601-006,12,9,2
BS-2601-001,22,8,1,DT-EQP-02_20260512T0000_T02,4,11,WF.010711,CL-2601-007,11,CL-2601-007-A2-A6-A8,11,3,8
BS-2601-001,22,7,12,DT-EQP-02_20260512T0000_T02,5,0,WF.010612,CL-2601-006,12,CL-2601-006,12,10,8
BS-2601-001,22,7,11,DT-EQP-02_20260512T0000_T02,5,1,WF.010711,CL-2601-007,11,CL-2601-007-A2-A6-A8,11,4,5
BS-2601-001,22,7,9,DT-EQP-02_20260512T0000_T02,5,3,WF.010711,CL-2601-007,11,CL-2601-007-A2-A6-A8,11,1,3
BS-2601-001,22,7,8,DT-EQP-02_20260512T0000_T02,5,4,WF.010612,CL-2601-006,12,CL-2601-006,12,11,3
BS-2601-001,22,7,4,DT-EQP-02_20260512T0000_T02,5,8,WF.010120,CL-2601-001,20,CL-2601-001,20,7,1
BS-2601-001,22,7,1,DT-EQP-02_20260512T0000_T02,5,11,WF.010612,CL-2601-006,12,CL-2601-006,12,3,6
BS-2601-001,22,6,12,DT-EQP-02_20260512T0000_T02,6,0,WF.010612,CL-2601-006,12,CL-2601-006,12,12,5
BS-2601-001,22,6,4,DT-EQP-02_20260512T0000_T02,6,8,WF.010711,CL-2601-007,11,CL-2601-007-A2-A6-A8,11,3,2
BS-2601-001,22,6,0,DT-EQP-02_20260512T0000_T02,6,12,WF.010120,CL-2601-001,20,CL-2601-001,20,9,3
BS-2601-001,22,5,12,DT-EQP-02_20260512T0000_T02,7,0,WF.010711,CL-2601-007,11,CL-2601-007-A2-A6-A8,11,7,12
BS-2601-001,22,5,4,DT-EQP-02_20260512T0000_T02,7,8,WF.010612,CL-2601-006,12,CL-2601-006,12,11,4
BS-2601-001,22,5,3,DT-EQP-02_20260512T0000_T02,7,9,WF.010120,CL-2601-001,20,CL-2601-001,20,12,7
BS-2601-001,22,4,9,DT-EQP-02_20260512T0000_T02,8,3,WF.010612,CL-2601-006,12,CL-2601-006,12,7,4
BS-2601-001,22,4,8,DT-EQP-02_20260512T0000_T02,8,4,WF.010612,CL-2601-006,12,CL-2601-006,12,11,6
BS-2601-001,22,4,7,DT-EQP-02_20260512T0000_T02,8,5,WF.010120,CL-2601-001,20,CL-2601-001,20,8,3
BS-2601-001,22,4,6,DT-EQP-02_20260512T0000_T02,8,6,WF.010612,CL-2601-006,12,CL-2601-006,12,5,1
BS-2601-001,22,4,5,DT-EQP-02_20260512T0000_T02,8,7,WF.010612,CL-2601-006,12,CL-2601-006,12,3,5
BS-2601-001,22,4,4,DT-EQP-02_20260512T0000_T02,8,8,WF.010711,CL-2601-007,11,CL-2601-007-A2-A6-A8,11,5,11
BS-2601-001,22,4,3,DT-EQP-02_20260512T0000_T02,8,9,WF.010612,CL-2601-006,12,CL-2601-006,12,8,5
BS-2601-001,22,4,1,DT-EQP-02_20260512T0000_T02,8,11,WF.010612,CL-2601-006,12,CL-2601-006,12,9,6
BS-2601-001,22,3,10,DT-EQP-02_20260512T0000_T02,9,2,WF.010711,CL-2601-007,11,CL-2601-007-A2-A6-A8,11,2,5
BS-2601-001,22,3,7,DT-EQP-02_20260512T0000_T02,9,5,WF.010711,CL-2601-007,11,CL-2601-007-A2-A6-A8,11,3,10
BS-2601-001,22,3,4,DT-EQP-02_20260512T0000_T02,9,8,WF.010711,CL-2601-007,11,CL-2601-007-A2-A6-A8,11,2,6
BS-2601-001,22,2,9,DT-EQP-02_20260512T0000_T02,10,3,WF.010711,CL-2601-007,11,CL-2601-007-A2-A6-A8,11,3,6
BS-2601-001,22,2,3,DT-EQP-02_20260512T0000_T02,10,9,WF.010711,CL-2601-007,11,CL-2601-007-A2-A6-A8,11,10,7
BS-2601-001,22,2,2,DT-EQP-02_20260512T0000_T02,10,10,WF.010120,CL-2601-001,20,CL-2601-001,20,6,5
BS-2601-001,22,1,5,DT-EQP-02_20260512T0000_T02,11,7,WF.010120,CL-2601-001,20,CL-2601-001,20,10,10
BS-2601-001,22,1,4,DT-EQP-02_20260512T0000_T02,11,8,WF.010612,CL-2601-006,12,CL-2601-006,12,8,11
BS-2601-001,22,0,6,DT-EQP-02_20260512T0000_T02,12,6,WF.010711,CL-2601-007,11,CL-2601-007-A2-A6-A8,11,6,4
BS-2601-001,22,0,5,DT-EQP-02_20260512T0000_T02,12,7,WF.010711,CL-2601-007,11,CL-2601-007-A2-A6-A8,11,4,6
BS-2601-001,23,12,7,DT-EQP-02_20260512T0000_T03,0,5,WF.010817,CL-2601-008,17,CL-2601-008,17,7,12
BS-2601-001,23,12,5,DT-EQP-02_20260512T0000_T03,0,7,WF.010417,CL-2601-004,17,CL-2601-004,17,8,6
BS-2601-001,23,11,9,DT-EQP-02_20260512T0000_T03,1,3,WF.010817,CL-2601-008,17,CL-2601-008,17,2,9
BS-2601-001,23,11,7,DT-EQP-02_20260512T0000_T03,1,5,WF.010213,CL-2601-002,13,CL-2601-002,13,6,8
BS-2601-001,23,11,5,DT-EQP-02_20260512T0000_T03,1,7,WF.010213,CL-2601-002,13,CL-2601-002,13,5,1
BS-2601-001,23,11,4,DT-EQP-02_20260512T0000_T03,1,8,WF.010213,CL-2601-002,13,CL-2601-002,13,3,3
BS-2601-001,23,11,3,DT-EQP-02_20260512T0000_T03,1,9,WF.010213,CL-2601-002,13,CL-2601-002,13,8,5
BS-2601-001,23,10,7,DT-EQP-02_20260512T0000_T03,2,5,WF.010417,CL-2601-004,17,CL-2601-004,17,6,12
BS-2601-001,23,10,4,DT-EQP-02_20260512T0000_T03,2,8,WF.010817,CL-2601-008,17,CL-2601-008,17,8,3
BS-2601-001,23,9,11,DT-EQP-02_20260512T0000_T03,3,1,WF.010213,CL-2601-002,13,CL-2601-002,13,1,9
BS-2601-001,23,9,10,DT-EQP-02_20260512T0000_T03,3,2,WF.010817,CL-2601-008,17,CL-2601-008,17,4,10
BS-2601-001,23,9,8,DT-EQP-02_20260512T0000_T03,3,4,WF.010213,CL-2601-002,13,CL-2601-002,13,7,2
BS-2601-001,23,9,6,DT-EQP-02_20260512T0000_T03,3,6,WF.010417,CL-2601-004,17,CL-2601-004,17,1,3
BS-2601-001,23,9,4,DT-EQP-02_20260512T0000_T03,3,8,WF.010213,CL-2601-002,13,CL-2601-002,13,5,5
BS-2601-001,23,9,2,DT-EQP-02_20260512T0000_T03,3,10,WF.010417,CL-2601-004,17,CL-2601-004,17,8,8
BS-2601-001,23,9,1,DT-EQP-02_20260512T0000_T03,3,11,WF.010817,CL-2601-008,17,CL-2601-008,17,5,3
BS-2601-001,23,8,11,DT-EQP-02_20260512T0000_T03,4,1,WF.010213,CL-2601-002,13,CL-2601-002,13,9,10
BS-2601-001,23,8,10,DT-EQP-02_20260512T0000_T03,4,2,WF.010417,CL-2601-004,17,CL-2601-004,17,4,1
BS-2601-001,23,8,9,DT-EQP-02_20260512T0000_T03,4,3,WF.010817,CL-2601-008,17,CL-2601-008,17,10,5
BS-2601-001,23,8,3,DT-EQP-02_20260512T0000_T03,4,9,WF.010213,CL-2601-002,13,CL-2601-002,13,8,1
BS-2601-001,23,8,2,DT-EQP-02_20260512T0000_T03,4,10,WF.010817,CL-2601-008,17,CL-2601-008,17,8,11
BS-2601-001,23,8,1,DT-EQP-02_20260512T0000_T03,4,11,WF.010213,CL-2601-002,13,CL-2601-002,13,1,6
BS-2601-001,23,7,12,DT-EQP-02_20260512T0000_T03,5,0,WF.010213,CL-2601-002,13,CL-2601-002,13,8,9
BS-2601-001,23,7,11,DT-EQP-02_20260512T0000_T03,5,1,WF.010417,CL-2601-004,17,CL-2601-004,17,6,4
BS-2601-001,23,7,4,DT-EQP-02_20260512T0000_T03,5,8,WF.010417,CL-2601-004,17,CL-2601-004,17,2,7
BS-2601-001,23,7,1,DT-EQP-02_20260512T0000_T03,5,11,WF.010417,CL-2601-004,17,CL-2601-004,17,12,5
BS-2601-001,23,6,3,DT-EQP-02_20260512T0000_T03,6,9,WF.010417,CL-2601-004,17,CL-2601-004,17,5,0
BS-2601-001,23,5,12,DT-EQP-02_20260512T0000_T03,7,0,WF.010417,CL-2601-004,17,CL-2601-004,17,6,10
BS-2601-001,23,5,11,DT-EQP-02_20260512T0000_T03,7,1,WF.010417,CL-2601-004,17,CL-2601-004,17,11,5
BS-2601-001,23,5,10,DT-EQP-02_20260512T0000_T03,7,2,WF.010213,CL-2601-002,13,CL-2601-002,13,12,7
BS-2601-001,23,5,8,DT-EQP-02_20260512T0000_T03,7,4,WF.010817,CL-2601-008,17,CL-2601-008,17,9,7
BS-2601-001,23,5,4,DT-EQP-02_20260512T0000_T03,7,8,WF.010817,CL-2601-008,17,CL-2601-008,17,1,3
BS-2601-001,23,5,0,DT-EQP-02_20260512T0000_T03,7,12,WF.010817,CL-2601-008,17,CL-2601-008,17,11,5
BS-2601-001,23,4,11,DT-EQP-02_20260512T0000_T03,8,1,WF.010817,CL-2601-008,17,CL-2601-008,17,6,9
BS-2601-001,23,4,10,DT-EQP-02_20260512T0000_T03,8,2,WF.010417,CL-2601-004,17,CL-2601-004,17,2,10
BS-2601-001,23,4,7,DT-EQP-02_20260512T0000_T03,8,5,WF.010213,CL-2601-002,13,CL-2601-002,13,6,7
BS-2601-001,23,4,2,DT-EQP-02_20260512T0000_T03,8,10,WF.010817,CL-2601-008,17,CL-2601-008,17,11,4
BS-2601-001,23,4,1,DT-EQP-02_20260512T0000_T03,8,11,WF.010417,CL-2601-004,17,CL-2601-004,17,6,9
BS-2601-001,23,3,11,DT-EQP-02_20260512T0000_T03,9,1,WF.010417,CL-2601-004,17,CL-2601-004,17,1,9
BS-2601-001,23,3,10,DT-EQP-02_20260512T0000_T03,9,2,WF.010213,CL-2601-002,13,CL-2601-002,13,9,11
BS-2601-001,23,3,8,DT-EQP-02_20260512T0000_T03,9,4,WF.010417,CL-2601-004,17,CL-2601-004,17,11,6
BS-2601-001,23,3,6,DT-EQP-02_20260512T0000_T03,9,6,WF.010213,CL-2601-002,13,CL-2601-002,13,0,5
BS-2601-001,23,3,2,DT-EQP-02_20260512T0000_T03,9,10,WF.010417,CL-2601-004,17,CL-2601-004,17,5,6
BS-2601-001,23,2,9,DT-EQP-02_20260512T0000_T03,10,3,WF.010213,CL-2601-002,13,CL-2601-002,13,2,5
BS-2601-001,23,2,8,DT-EQP-02_20260512T0000_T03,10,4,WF.010817,CL-2601-008,17,CL-2601-008,17,10,10
BS-2601-001,23,2,5,DT-EQP-02_20260512T0000_T03,10,7,WF.010817,CL-2601-008,17,CL-2601-008,17,2,6
BS-2601-001,23,2,4,DT-EQP-02_20260512T0000_T03,10,8,WF.010213,CL-2601-002,13,CL-2601-002,13,7,5
BS-2601-001,23,2,3,DT-EQP-02_20260512T0000_T03,10,9,WF.010213,CL-2601-002,13,CL-2601-002,13,6,6
BS-2601-001,23,1,9,DT-EQP-02_20260512T0000_T03,11,3,WF.010817,CL-2601-008,17,CL-2601-008,17,4,1
BS-2601-001,23,1,8,DT-EQP-02_20260512T0000_T03,11,4,WF.010417,CL-2601-004,17,CL-2601-004,17,3,7
BS-2601-001,23,1,7,DT-EQP-02_20260512T0000_T03,11,5,WF.010817,CL-2601-008,17,CL-2601-008,17,3,5
BS-2601-001,23,1,5,DT-EQP-02_20260512T0000_T03,11,7,WF.010417,CL-2601-004,17,CL-2601-004,17,6,11
BS-2601-001,23,1,3,DT-EQP-02_20260512T0000_T03,11,9,WF.010213,CL-2601-002,13,CL-2601-002,13,6,0
BS-2601-001,23,0,7,DT-EQP-02_20260512T0000_T03,12,5,WF.010417,CL-2601-004,17,CL-2601-004,17,4,9
BS-2601-001,24,12,7,DT-EQP-02_20260512T0000_T04,0,5,WF.010204,CL-2601-002,04,CL-2601-002,04,7,3
BS-2601-001,24,12,6,DT-EQP-02_20260512T0000_T04,0,6,WF.010204,CL-2601-002,04,CL-2601-002,04,4,3
BS-2601-001,24,11,9,DT-EQP-02_20260512T0000_T04,1,3,WF.010204,CL-2601-002,04,CL-2601-002,04,9,8
BS-2601-001,24,11,7,DT-EQP-02_20260512T0000_T04,1,5,WF.010204,CL-2601-002,04,CL-2601-002,04,5,8
BS-2601-001,24,11,5,DT-EQP-02_20260512T0000_T04,1,7,WF.010204,CL-2601-002,04,CL-2601-002,04,3,3
BS-2601-001,24,11,3,DT-EQP-02_20260512T0000_T04,1,9,WF.010204,CL-2601-002,04,CL-2601-002,04,9,1
BS-2601-001,24,10,10,DT-EQP-02_20260512T0000_T04,2,2,WF.010204,CL-2601-002,04,CL-2601-002,04,6,5
BS-2601-001,24,10,9,DT-EQP-02_20260512T0000_T04,2,3,WF.010204,CL-2601-002,04,CL-2601-002,04,4,10
BS-2601-001,24,10,6,DT-EQP-02_20260512T0000_T04,2,6,WF.010204,CL-2601-002,04,CL-2601-002,04,2,10
BS-2601-001,24,10,3,DT-EQP-02_20260512T0000_T04,2,9,WF.010204,CL-2601-002,04,CL-2601-002,04,12,5
BS-2601-001,24,10,2,DT-EQP-02_20260512T0000_T04,2,10,WF.010204,CL-2601-002,04,CL-2601-002,04,8,6
BS-2601-001,24,9,9,DT-EQP-02_20260512T0000_T04,3,3,WF.010204,CL-2601-002,04,CL-2601-002,04,9,6
BS-2601-001,24,9,5,DT-EQP-02_20260512T0000_T04,3,7,WF.010204,CL-2601-002,04,CL-2601-002,04,2,3
BS-2601-001,24,9,2,DT-EQP-02_20260512T0000_T04,3,10,WF.010204,CL-2601-002,04,CL-2601-002,04,7,0
BS-2601-001,24,8,10,DT-EQP-02_20260512T0000_T04,4,2,WF.010204,CL-2601-002,04,CL-2601-002,04,11,7
BS-2601-001,24,8,9,DT-EQP-02_20260512T0000_T04,4,3,WF.010204,CL-2601-002,04,CL-2601-002,04,5,2
BS-2601-001,24,8,2,DT-EQP-02_20260512T0000_T04,4,10,WF.010204,CL-2601-002,04,CL-2601-002,04,1,9
BS-2601-001,24,8,1,DT-EQP-02_20260512T0000_T04,4,11,WF.010204,CL-2601-002,04,CL-2601-002,04,11,8
BS-2601-001,24,7,11,DT-EQP-02_20260512T0000_T04,5,1,WF.010204,CL-2601-002,04,CL-2601-002,04,5,5
BS-2601-001,24,7,7,DT-EQP-02_20260512T0000_T04,5,5,WF.010204,CL-2601-002,04,CL-2601-002,04,4,6
BS-2601-001,24,7,6,DT-EQP-02_20260512T0000_T04,5,6,WF.010204,CL-2601-002,04,CL-2601-002,04,10,4
BS-2601-001,24,7,5,DT-EQP-02_20260512T0000_T04,5,7,WF.010204,CL-2601-002,04,CL-2601-002,04,0,5
BS-2601-001,24,7,4,DT-EQP-02_20260512T0000_T04,5,8,WF.010204,CL-2601-002,04,CL-2601-002,04,3,4
BS-2601-001,24,7,0,DT-EQP-02_20260512T0000_T04,5,12,WF.010204,CL-2601-002,04,CL-2601-002,04,4,1
BS-2601-001,24,6,11,DT-EQP-02_20260512T0000_T04,6,1,WF.010204,CL-2601-002,04,CL-2601-002,04,1,7
BS-2601-001,24,6,10,DT-EQP-02_20260512T0000_T04,6,2,WF.010204,CL-2601-002,04,CL-2601-002,04,1,4
BS-2601-001,24,6,8,DT-EQP-02_20260512T0000_T04,6,4,WF.010204,CL-2601-002,04,CL-2601-002,04,9,4
BS-2601-001,24,6,5,DT-EQP-02_20260512T0000_T04,6,7,WF.010204,CL-2601-002,04,CL-2601-002,04,10,6
BS-2601-001,24,6,3,DT-EQP-02_20260512T0000_T04,6,9,WF.010204,CL-2601-002,04,CL-2601-002,04,7,7
BS-2601-001,24,6,2,DT-EQP-02_20260512T0000_T04,6,10,WF.010204,CL-2601-002,04,CL-2601-002,04,3,1
BS-2601-001,24,6,0,DT-EQP-02_20260512T0000_T04,6,12,WF.010204,CL-2601-002,04,CL-2601-002,04,2,5
BS-2601-001,24,5,12,DT-EQP-02_20260512T0000_T04,7,0,WF.010204,CL-2601-002,04,CL-2601-002,04,8,9
BS-2601-001,24,5,9,DT-EQP-02_20260512T0000_T04,7,3,WF.010204,CL-2601-002,04,CL-2601-002,04,7,4
BS-2601-001,24,5,8,DT-EQP-02_20260512T0000_T04,7,4,WF.010204,CL-2601-002,04,CL-2601-002,04,6,11
BS-2601-001,24,5,7,DT-EQP-02_20260512T0000_T04,7,5,WF.010204,CL-2601-002,04,CL-2601-002,04,11,5
BS-2601-001,24,5,6,DT-EQP-02_20260512T0000_T04,7,6,WF.010204,CL-2601-002,04,CL-2601-002,04,5,11
BS-2601-001,24,5,2,DT-EQP-02_20260512T0000_T04,7,10,WF.010204,CL-2601-002,04,CL-2601-002,04,2,8
BS-2601-001,24,4,8,DT-EQP-02_20260512T0000_T04,8,4,WF.010204,CL-2601-002,04,CL-2601-002,04,3,10
BS-2601-001,24,4,6,DT-EQP-02_20260512T0000_T04,8,6,WF.010204,CL-2601-002,04,CL-2601-002,04,3,5
BS-2601-001,24,4,4,DT-EQP-02_20260512T0000_T04,8,8,WF.010204,CL-2601-002,04,CL-2601-002,04,7,1
BS-2601-001,24,4,3,DT-EQP-02_20260512T0000_T04,8,9,WF.010204,CL-2601-002,04,CL-2601-002,04,2,6
BS-2601-001,24,3,8,DT-EQP-02_20260512T0000_T04,9,4,WF.010204,CL-2601-002,04,CL-2601-002,04,1,6
BS-2601-001,24,3,5,DT-EQP-02_20260512T0000_T04,9,7,WF.010204,CL-2601-002,04,CL-2601-002,04,10,5
BS-2601-001,24,3,4,DT-EQP-02_20260512T0000_T04,9,8,WF.010204,CL-2601-002,04,CL-2601-002,04,5,1
BS-2601-001,24,3,1,DT-EQP-02_20260512T0000_T04,9,11,WF.010204,CL-2601-002,04,CL-2601-002,04,3,7
BS-2601-001,24,2,8,DT-EQP-02_20260512T0000_T04,10,4,WF.010204,CL-2601-002,04,CL-2601-002,04,6,1
BS-2601-001,24,2,6,DT-EQP-02_20260512T0000_T04,10,6,WF.010204,CL-2601-002,04,CL-2601-002,04,5,6
BS-2601-001,24,2,5,DT-EQP-02_20260512T0000_T04,10,7,WF.010204,CL-2601-002,04,CL-2601-002,04,1,3
BS-2601-001,24,1,9,DT-EQP-02_20260512T0000_T04,11,3,WF.010204,CL-2601-002,04,CL-2601-002,04,8,2
BS-2601-001,24,1,5,DT-EQP-02_20260512T0000_T04,11,7,WF.010204,CL-2601-002,04,CL-2601-002,04,7,11
BS-2601-001,24,1,3,DT-EQP-02_20260512T0000_T04,11,9,WF.010204,CL-2601-002,04,CL-2601-002,04,0,7
BS-2601-001,24,0,7,DT-EQP-02_20260512T0000_T04,12,5,WF.010204,CL-2601-002,04,CL-2601-002,04,8,3
BS-2601-001,25,12,7,DT-EQP-02_20260512T0000_T05,0,5,WF.010211,CL-2601-002,11,CL-2601-002-A4,11,7,1
BS-2601-001,25,12,6,DT-EQP-02_20260512T0000_T05,0,6,WF.010722,CL-2601-007,22,CL-2601-007,22,2,2
BS-2601-001,25,12,5,DT-EQP-02_20260512T0000_T05,0,7,WF.010603,CL-2601-006,03,CL-2601-006,03,5,4
BS-2601-001,25,11,6,DT-EQP-02_20260512T0000_T05,1,6,WF.010211,CL-2601-002,11,CL-2601-002-A4,11,6,1
BS-2601-001,25,10,8,DT-EQP-02_20260512T0000_T05,2,4,WF.010211,CL-2601-002,11,CL-2601-002-A4,11,9,7
BS-2601-001,25,10,6,DT-EQP-02_20260512T0000_T05,2,6,WF.010211,CL-2601-002,11,CL-2601-002-A4,11,4,1
BS-2601-001,25,10,5,DT-EQP-02_20260512T0000_T05,2,7,WF.010211,CL-2601-002,11,CL-2601-002-A4,11,8,10
BS-2601-001,25,10,3,DT-EQP-02_20260512T0000_T05,2,9,WF.010211,CL-2601-002,11,CL-2601-002-A4,11,9,9
BS-2601-001,25,9,9,DT-EQP-02_20260512T0000_T05,3,3,WF.010722,CL-2601-007,22,CL-2601-007,22,3,3
BS-2601-001,25,8,7,DT-EQP-02_20260512T0000_T05,4,5,WF.010722,CL-2601-007,22,CL-2601-007,22,7,5
BS-2601-001,25,8,2,DT-EQP-02_20260512T0000_T05,4,10,WF.010603,CL-2601-006,03,CL-2601-006,03,1,8
BS-2601-001,25,7,12,DT-EQP-02_20260512T0000_T05,5,0,WF.010603,CL-2601-006,03,CL-2601-006,03,8,2
BS-2601-001,25,7,11,DT-EQP-02_20260512T0000_T05,5,1,WF.010603,CL-2601-006,03,CL-2601-006,03,8,6
BS-2601-001,25,7,6,DT-EQP-02_20260512T0000_T05,5,6,WF.010722,CL-2601-007,22,CL-2601-007,22,12,7
BS-2601-001,25,7,1,DT-EQP-02_20260512T0000_T05,5,11,WF.010603,CL-2601-006,03,CL-2601-006,03,5,5
BS-2601-001,25,7,0,DT-EQP-02_20260512T0000_T05,5,12,WF.010211,CL-2601-002,11,CL-2601-002-A4,11,8,3
BS-2601-001,25,6,11,DT-EQP-02_20260512T0000_T05,6,1,WF.010603,CL-2601-006,03,CL-2601-006,03,5,10
BS-2601-001,25,6,9,DT-EQP-02_20260512T0000_T05,6,3,WF.010722,CL-2601-007,22,CL-2601-007,22,3,10
BS-2601-001,25,6,6,DT-EQP-02_20260512T0000_T05,6,6,WF.010603,CL-2601-006,03,CL-2601-006,03,7,3
BS-2601-001,25,6,5,DT-EQP-02_20260512T0000_T05,6,7,WF.010211,CL-2601-002,11,CL-2601-002-A4,11,0,6
BS-2601-001,25,6,4,DT-EQP-02_20260512T0000_T05,6,8,WF.010722,CL-2601-007,22,CL-2601-007,22,10,6
BS-2601-001,25,6,3,DT-EQP-02_20260512T0000_T05,6,9,WF.010722,CL-2601-007,22,CL-2601-007,22,5,5
BS-2601-001,25,6,0,DT-EQP-02_20260512T0000_T05,6,12,WF.010603,CL-2601-006,03,CL-2601-006,03,6,6
BS-2601-001,25,5,12,DT-EQP-02_20260512T0000_T05,7,0,WF.010722,CL-2601-007,22,CL-2601-007,22,9,1
BS-2601-001,25,5,4,DT-EQP-02_20260512T0000_T05,7,8,WF.010211,CL-2601-002,11,CL-2601-002-A4,11,9,4
BS-2601-001,25,5,1,DT-EQP-02_20260512T0000_T05,7,11,WF.010603,CL-2601-006,03,CL-2601-006,03,10,5
BS-2601-001,25,4,9,DT-EQP-02_20260512T0000_T05,8,3,WF.010211,CL-2601-002,11,CL-2601-002-A4,11,11,7
BS-2601-001,25,4,8,DT-EQP-02_20260512T0000_T05,8,4,WF.010211,CL-2601-002,11,CL-2601-002-A4,11,7,5
BS-2601-001,25,4,7,DT-EQP-02_20260512T0000_T05,8,5,WF.010722,CL-2601-007,22,CL-2601-007,22,5,1
BS-2601-001,25,4,6,DT-EQP-02_20260512T0000_T05,8,6,WF.010722,CL-2601-007,22,CL-2601-007,22,3,6
BS-2601-001,25,4,5,DT-EQP-02_20260512T0000_T05,8,7,WF.010211,CL-2601-002,11,CL-2601-002-A4,11,6,10
BS-2601-001,25,4,3,DT-EQP-02_20260512T0000_T05,8,9,WF.010211,CL-2601-002,11,CL-2601-002-A4,11,1,5
BS-2601-001,25,4,2,DT-EQP-02_20260512T0000_T05,8,10,WF.010603,CL-2601-006,03,CL-2601-006,03,3,3
BS-2601-001,25,3,10,DT-EQP-02_20260512T0000_T05,9,2,WF.010603,CL-2601-006,03,CL-2601-006,03,5,2
BS-2601-001,25,3,9,DT-EQP-02_20260512T0000_T05,9,3,WF.010211,CL-2601-002,11,CL-2601-002-A4,11,12,6
BS-2601-001,25,3,8,DT-EQP-02_20260512T0000_T05,9,4,WF.010603,CL-2601-006,03,CL-2601-006,03,8,3
BS-2601-001,25,3,7,DT-EQP-02_20260512T0000_T05,9,5,WF.010603,CL-2601-006,03,CL-2601-006,03,3,11
BS-2601-001,25,3,5,DT-EQP-02_20260512T0000_T05,9,7,WF.010603,CL-2601-006,03,CL-2601-006,03,3,8
BS-2601-001,25,3,4,DT-EQP-02_20260512T0000_T05,9,8,WF.010722,CL-2601-007,22,CL-2601-007,22,9,3
BS-2601-001,25,3,3,DT-EQP-02_20260512T0000_T05,9,9,WF.010722,CL-2601-007,22,CL-2601-007,22,0,6
BS-2601-001,25,2,9,DT-EQP-02_20260512T0000_T05,10,3,WF.010722,CL-2601-007,22,CL-2601-007,22,10,7
BS-2601-001,25,2,7,DT-EQP-02_20260512T0000_T05,10,5,WF.010722,CL-2601-007,22,CL-2601-007,22,9,4
BS-2601-001,25,2,6,DT-EQP-02_20260512T0000_T05,10,6,WF.010722,CL-2601-007,22,CL-2601-007,22,5,9
BS-2601-001,25,2,3,DT-EQP-02_20260512T0000_T05,10,9,WF.010211,CL-2601-002,11,CL-2601-002-A4,11,9,3
BS-2601-001,25,0,7,DT-EQP-02_20260512T0000_T05,12,5,WF.010603,CL-2601-006,03,CL-2601-006,03,11,3
BS-2601-001,25,0,5,DT-EQP-02_20260512T0000_T05,12,7,WF.010211,CL-2601-002,11,CL-2601-002-A4,11,6,2
BS-2601-002,01,12,6,DT-EQP-02_20260512T0000_T06,0,6,WF.010507,CL-2601-005,07,CL-2601-005-A5,07,8,8
BS-2601-002,01,12,5,DT-EQP-02_20260512T0000_T06,0,7,WF.010701,CL-2601-007,01,CL-2601-007-A2-A3,01,7,10
BS-2601-002,01,11,7,DT-EQP-02_20260512T0000_T06,1,5,WF.010701,CL-2601-007,01,CL-2601-007-A2-A3,01,3,3
BS-2601-002,01,11,6,DT-EQP-02_20260512T0000_T06,1,6,WF.010701,CL-2601-007,01,CL-2601-007-A2-A3,01,10,2
BS-2601-002,01,11,4,DT-EQP-02_20260512T0000_T06,1,8,WF.010312,CL-2601-003,12,CL-2601-003,12,1,3
BS-2601-002,01,10,9,DT-EQP-02_20260512T0000_T06,2,3,WF.010507,CL-2601-005,07,CL-2601-005-A5,07,9,5
BS-2601-002,01,10,8,DT-EQP-02_20260512T0000_T06,2,4,WF.010701,CL-2601-007,01,CL-2601-007-A2-A3,01,3,8
BS-2601-002,01,10,7,DT-EQP-02_20260512T0000_T06,2,5,WF.010507,CL-2601-005,07,CL-2601-005-A5,07,0,7
BS-2601-002,01,10,4,DT-EQP-02_20260512T0000_T06,2,8,WF.010701,CL-2601-007,01,CL-2601-007-A2-A3,01,6,8
BS-2601-002,01,10,2,DT-EQP-02_20260512T0000_T06,2,10,WF.010507,CL-2601-005,07,CL-2601-005-A5,07,5,3
BS-2601-002,01,9,10,DT-EQP-02_20260512T0000_T06,3,2,WF.010701,CL-2601-007,01,CL-2601-007-A2-A3,01,5,11
BS-2601-002,01,9,7,DT-EQP-02_20260512T0000_T06,3,5,WF.010701,CL-2601-007,01,CL-2601-007-A2-A3,01,10,10
BS-2601-002,01,9,3,DT-EQP-02_20260512T0000_T06,3,9,WF.010701,CL-2601-007,01,CL-2601-007-A2-A3,01,3,4
BS-2601-002,01,8,10,DT-EQP-02_20260512T0000_T06,4,2,WF.010507,CL-2601-005,07,CL-2601-005-A5,07,10,3
BS-2601-002,01,8,6,DT-EQP-02_20260512T0000_T06,4,6,WF.010312,CL-2601-003,12,CL-2601-003,12,6,11
BS-2601-002,01,8,3,DT-EQP-02_20260512T0000_T06,4,9,WF.010312,CL-2601-003,12,CL-2601-003,12,7,11
BS-2601-002,01,7,8,DT-EQP-02_20260512T0000_T06,5,4,WF.010312,CL-2601-003,12,CL-2601-003,12,7,7
BS-2601-002,01,7,2,DT-EQP-02_20260512T0000_T06,5,10,WF.010701,CL-2601-007,01,CL-2601-007-A2-A3,01,7,12
BS-2601-002,01,6,12,DT-EQP-02_20260512T0000_T06,6,0,WF.010312,CL-2601-003,12,CL-2601-003,12,4,8
BS-2601-002,01,6,10,DT-EQP-02_20260512T0000_T06,6,2,WF.010507,CL-2601-005,07,CL-2601-005-A5,07,11,8
BS-2601-002,01,6,7,DT-EQP-02_20260512T0000_T06,6,5,WF.010507,CL-2601-005,07,CL-2601-005-A5,07,0,6
BS-2601-002,01,6,5,DT-EQP-02_20260512T0000_T06,6,7,WF.010312,CL-2601-003,12,CL-2601-003,12,5,1
BS-2601-002,01,6,4,DT-EQP-02_20260512T0000_T06,6,8,WF.010312,CL-2601-003,12,CL-2601-003,12,8,4
BS-2601-002,01,6,1,DT-EQP-02_20260512T0000_T06,6,11,WF.010507,CL-2601-005,07,CL-2601-005-A5,07,8,7
BS-2601-002,01,6,0,DT-EQP-02_20260512T0000_T06,6,12,WF.010507,CL-2601-005,07,CL-2601-005-A5,07,2,6
BS-2601-002,01,5,12,DT-EQP-02_20260512T0000_T06,7,0,WF.010701,CL-2601-007,01,CL-2601-007-A2-A3,01,2,5
BS-2601-002,01,5,5,DT-EQP-02_20260512T0000_T06,7,7,WF.010701,CL-2601-007,01,CL-2601-007-A2-A3,01,4,2
BS-2601-002,01,5,0,DT-EQP-02_20260512T0000_T06,7,12,WF.010507,CL-2601-005,07,CL-2601-005-A5,07,6,1
BS-2601-002,01,4,6,DT-EQP-02_20260512T0000_T06,8,6,WF.010507,CL-2601-005,07,CL-2601-005-A5,07,4,10
BS-2601-002,01,4,5,DT-EQP-02_20260512T0000_T06,8,7,WF.010701,CL-2601-007,01,CL-2601-007-A2-A3,01,8,7
BS-2601-002,01,4,3,DT-EQP-02_20260512T0000_T06,8,9,WF.010312,CL-2601-003,12,CL-2601-003,12,11,5
BS-2601-002,01,4,2,DT-EQP-02_20260512T0000_T06,8,10,WF.010312,CL-2601-003,12,CL-2601-003,12,3,1
BS-2601-002,01,3,11,DT-EQP-02_20260512T0000_T06,9,1,WF.010701,CL-2601-007,01,CL-2601-007-A2-A3,01,1,4
BS-2601-002,01,3,10,DT-EQP-02_20260512T0000_T06,9,2,WF.010507,CL-2601-005,07,CL-2601-005-A5,07,1,4
BS-2601-002,01,3,9,DT-EQP-02_20260512T0000_T06,9,3,WF.010507,CL-2601-005,07,CL-2601-005-A5,07,5,1
BS-2601-002,01,3,7,DT-EQP-02_20260512T0000_T06,9,5,WF.010701,CL-2601-007,01,CL-2601-007-A2-A3,01,0,6
BS-2601-002,01,3,5,DT-EQP-02_20260512T0000_T06,9,7,WF.010507,CL-2601-005,07,CL-2601-005-A5,07,11,3
BS-2601-002,01,3,1,DT-EQP-02_20260512T0000_T06,9,11,WF.010312,CL-2601-003,12,CL-2601-003,12,4,9
BS-2601-002,01,2,9,DT-EQP-02_20260512T0000_T06,10,3,WF.010312,CL-2601-003,12,CL-2601-003,12,10,2
BS-2601-002,01,2,8,DT-EQP-02_20260512T0000_T06,10,4,WF.010507,CL-2601-005,07,CL-2601-005-A5,07,3,3
BS-2601-002,01,2,5,DT-EQP-02_20260512T0000_T06,10,7,WF.010507,CL-2601-005,07,CL-2601-005-A5,07,1,3
BS-2601-002,01,1,8,DT-EQP-02_20260512T0000_T06,11,4,WF.010701,CL-2601-007,01,CL-2601-007-A2-A3,01,3,2
BS-2601-002,01,1,7,DT-EQP-02_20260512T0000_T06,11,5,WF.010701,CL-2601-007,01,CL-2601-007-A2-A3,01,7,9
BS-2601-002,01,1,6,DT-EQP-02_20260512T0000_T06,11,6,WF.010701,CL-2601-007,01,CL-2601-007-A2-A3,01,4,5
BS-2601-002,01,1,4,DT-EQP-02_20260512T0000_T06,11,8,WF.010507,CL-2601-005,07,CL-2601-005-A5,07,6,3
BS-2601-002,01,1,3,DT-EQP-02_20260512T0000_T06,11,9,WF.010701,CL-2601-007,01,CL-2601-007-A2-A3,01,4,9
BS-2601-002,02,11,7,DT-EQP-02_20260512T0000_T07,1,5,WF.010820,CL-2601-008,20,CL-2601-008,20,8,3
BS-2601-002,02,11,3,DT-EQP-02_20260512T0000_T07,1,9,WF.010724,CL-2601-007,24,CL-2601-007-A2-A3,24,8,3
BS-2601-002,02,10,10,DT-EQP-02_20260512T0000_T07,2,2,WF.010820,CL-2601-008,20,CL-2601-008,20,9,4
BS-2601-002,02,10,4,DT-EQP-02_20260512T0000_T07,2,8,WF.010321,CL-2601-003,21,CL-2601-003,21,7,8
BS-2601-002,02,10,2,DT-EQP-02_20260512T0000_T07,2,10,WF.010321,CL-2601-003,21,CL-2601-003,21,4,4
BS-2601-002,02,9,11,DT-EQP-02_20260512T0000_T07,3,1,WF.010321,CL-2601-003,21,CL-2601-003,21,2,7
BS-2601-002,02,9,9,DT-EQP-02_20260512T0000_T07,3,3,WF.010820,CL-2601-008,20,CL-2601-008,20,10,5
BS-2601-002,02,9,5,DT-EQP-02_20260512T0000_T07,3,7,WF.010820,CL-2601-008,20,CL-2601-008,20,10,4
BS-2601-002,02,9,3,DT-EQP-02_20260512T0000_T07,3,9,WF.010724,CL-2601-007,24,CL-2601-007-A2-A3,24,3,3
BS-2601-002,02,9,1,DT-EQP-02_20260512T0000_T07,3,11,WF.010321,CL-2601-003,21,CL-2601-003,21,9,3
BS-2601-002,02,8,8,DT-EQP-02_20260512T0000_T07,4,4,WF.010724,CL-2601-007,24,CL-2601-007-A2-A3,24,11,7
BS-2601-002,02,8,3,DT-EQP-02_20260512T0000_T07,4,9,WF.010724,CL-2601-007,24,CL-2601-007-A2-A3,24,11,9
BS-2601-002,02,8,2,DT-EQP-02_20260512T0000_T07,4,10,WF.010321,CL-2601-003,21,CL-2601-003,21,3,5
BS-2601-002,02,7,9,DT-EQP-02_20260512T0000_T07,5,3,WF.010820,CL-2601-008,20,CL-2601-008,20,7,4
BS-2601-002,02,7,8,DT-EQP-02_20260512T0000_T07,5,4,WF.010820,CL-2601-008,20,CL-2601-008,20,2,8
BS-2601-002,02,7,4,DT-EQP-02_20260512T0000_T07,5,8,WF.010820,CL-2601-008,20,CL-2601-008,20,5,4
BS-2601-002,02,7,3,DT-EQP-02_20260512T0000_T07,5,9,WF.010724,CL-2601-007,24,CL-2601-007-A2-A3,24,1,5
BS-2601-002,02,7,1,DT-EQP-02_20260512T0000_T07,5,11,WF.010820,CL-2601-008,20,CL-2601-008,20,1,7
BS-2601-002,02,6,12,DT-EQP-02_20260512T0000_T07,6,0,WF.010820,CL-2601-008,20,CL-2601-008,20,10,7
BS-2601-002,02,6,11,DT-EQP-02_20260512T0000_T07,6,1,WF.010724,CL-2601-007,24,CL-2601-007-A2-A3,24,6,4
BS-2601-002,02,6,5,DT-EQP-02_20260512T0000_T07,6,7,WF.010724,CL-2601-007,24,CL-2601-007-A2-A3,24,3,7
BS-2601-002,02,6,0,DT-EQP-02_20260512T0000_T07,6,12,WF.010321,CL-2601-003,21,CL-2601-003,21,7,4
BS-2601-002,02,5,11,DT-EQP-02_20260512T0000_T07,7,1,WF.010321,CL-2601-003,21,CL-2601-003,21,7,3
BS-2601-002,02,5,8,DT-EQP-02_20260512T0000_T07,7,4,WF.010820,CL-2601-008,20,CL-2601-008,20,1,8
BS-2601-002,02,5,6,DT-EQP-02_20260512T0000_T07,7,6,WF.010820,CL-2601-008,20,CL-2601-008,20,4,4
BS-2601-002,02,5,4,DT-EQP-02_20260512T0000_T07,7,8,WF.010820,CL-2601-008,20,CL-2601-008,20,6,5
BS-2601-002,02,5,3,DT-EQP-02_20260512T0000_T07,7,9,WF.010820,CL-2601-008,20,CL-2601-008,20,5,7
BS-2601-002,02,5,1,DT-EQP-02_20260512T0000_T07,7,11,WF.010321,CL-2601-003,21,CL-2601-003,21,10,2
BS-2601-002,02,4,10,DT-EQP-02_20260512T0000_T07,8,2,WF.010820,CL-2601-008,20,CL-2601-008,20,9,6
BS-2601-002,02,4,9,DT-EQP-02_20260512T0000_T07,8,3,WF.010820,CL-2601-008,20,CL-2601-008,20,11,7
BS-2601-002,02,4,7,DT-EQP-02_20260512T0000_T07,8,5,WF.010724,CL-2601-007,24,CL-2601-007-A2-A3,24,5,0
BS-2601-002,02,4,5,DT-EQP-02_20260512T0000_T07,8,7,WF.010321,CL-2601-003,21,CL-2601-003,21,12,7
BS-2601-002,02,4,4,DT-EQP-02_20260512T0000_T07,8,8,WF.010321,CL-2601-003,21,CL-2601-003,21,10,3
BS-2601-002,02,4,3,DT-EQP-02_20260512T0000_T07,8,9,WF.010820,CL-2601-008,20,CL-2601-008,20,6,7
BS-2601-002,02,3,11,DT-EQP-02_20260512T0000_T07,9,1,WF.010724,CL-2601-007,24,CL-2601-007-A2-A3,24,10,2
BS-2601-002,02,3,9,DT-EQP-02_20260512T0000_T07,9,3,WF.010321,CL-2601-003,21,CL-2601-003,21,6,0
BS-2601-002,02,3,8,DT-EQP-02_20260512T0000_T07,9,4,WF.010321,CL-2601-003,21,CL-2601-003,21,0,7
BS-2601-002,02,3,7,DT-EQP-02_20260512T0000_T07,9,5,WF.010724,CL-2601-007,24,CL-2601-007-A2-A3,24,9,10
BS-2601-002,02,3,4,DT-EQP-02_20260512T0000_T07,9,8,WF.010321,CL-2601-003,21,CL-2601-003,21,4,9
BS-2601-002,02,3,3,DT-EQP-02_20260512T0000_T07,9,9,WF.010820,CL-2601-008,20,CL-2601-008,20,6,2
BS-2601-002,02,2,8,DT-EQP-02_20260512T0000_T07,10,4,WF.010321,CL-2601-003,21,CL-2601-003,21,10,8
BS-2601-002,02,2,2,DT-EQP-02_20260512T0000_T07,10,10,WF.010724,CL-2601-007,24,CL-2601-007-A2-A3,24,3,5
BS-2601-002,02,1,7,DT-EQP-02_20260512T0000_T07,11,5,WF.010820,CL-2601-008,20,CL-2601-008,20,7,5
BS-2601-002,02,1,6,DT-EQP-02_20260512T0000_T07,11,6,WF.010820,CL-2601-008,20,CL-2601-008,20,2,4
BS-2601-002,02,1,5,DT-EQP-02_20260512T0000_T07,11,7,WF.010321,CL-2601-003,21,CL-2601-003,21,4,10
BS-2601-002,02,1,3,DT-EQP-02_20260512T0000_T07,11,9,WF.010724,CL-2601-007,24,CL-2601-007-A2-A3,24,9,9
BS-2601-002,03,11,9,DT-EQP-02_20260512T0000_T08,1,3,WF.010702,CL-2601-007,02,CL-2601-007-A2-A6-A8,02,5,3
BS-2601-002,03,11,4,DT-EQP-02_20260512T0000_T08,1,8,WF.010212,CL-2601-002,12,CL-2601-002,12,2,5
BS-2601-002,03,11,3,DT-EQP-02_20260512T0000_T08,1,9,WF.010702,CL-2601-007,02,CL-2601-007-A2-A6-A8,02,7,6
BS-2601-002,03,10,9,DT-EQP-02_20260512T0000_T08,2,3,WF.010702,CL-2601-007,02,CL-2601-007-A2-A6-A8,02,3,11
BS-2601-002,03,10,8,DT-EQP-02_20260512T0000_T08,2,4,WF.010212,CL-2601-002,12,CL-2601-002,12,8,11
BS-2601-002,03,10,7,DT-EQP-02_20260512T0000_T08,2,5,WF.010212,CL-2601-002,12,CL-2601-002,12,7,12
BS-2601-002,03,10,5,DT-EQP-02_20260512T0000_T08,2,7,WF.010720,CL-2601-007,20,CL-2601-007-A2-A3,20,9,10
BS-2601-002,03,10,4,DT-EQP-02_20260512T0000_T08,2,8,WF.010720,CL-2601-007,20,CL-2601-007-A2-A3,20,1,5
BS-2601-002,03,10,2,DT-EQP-02_20260512T0000_T08,2,10,WF.010702,CL-2601-007,02,CL-2601-007-A2-A6-A8,02,8,10
BS-2601-002,03,9,5,DT-EQP-02_20260512T0000_T08,3,7,WF.010720,CL-2601-007,20,CL-2601-007-A2-A3,20,7,12
BS-2601-002,03,9,2,DT-EQP-02_20260512T0000_T08,3,10,WF.010212,CL-2601-002,12,CL-2601-002,12,3,8
BS-2601-002,03,8,11,DT-EQP-02_20260512T0000_T08,4,1,WF.010720,CL-2601-007,20,CL-2601-007-A2-A3,20,4,1
BS-2601-002,03,8,5,DT-EQP-02_20260512T0000_T08,4,7,WF.010212,CL-2601-002,12,CL-2601-002,12,6,11
BS-2601-002,03,8,2,DT-EQP-02_20260512T0000_T08,4,10,WF.010212,CL-2601-002,12,CL-2601-002,12,6,12
BS-2601-002,03,7,10,DT-EQP-02_20260512T0000_T08,5,2,WF.010702,CL-2601-007,02,CL-2601-007-A2-A6-A8,02,6,1
BS-2601-002,03,7,8,DT-EQP-02_20260512T0000_T08,5,4,WF.010702,CL-2601-007,02,CL-2601-007-A2-A6-A8,02,5,6
BS-2601-002,03,7,4,DT-EQP-02_20260512T0000_T08,5,8,WF.010702,CL-2601-007,02,CL-2601-007-A2-A6-A8,02,11,4
BS-2601-002,03,7,3,DT-EQP-02_20260512T0000_T08,5,9,WF.010720,CL-2601-007,20,CL-2601-007-A2-A3,20,5,2
BS-2601-002,03,7,2,DT-EQP-02_20260512T0000_T08,5,10,WF.010702,CL-2601-007,02,CL-2601-007-A2-A6-A8,02,6,6
BS-2601-002,03,6,12,DT-EQP-02_20260512T0000_T08,6,0,WF.010702,CL-2601-007,02,CL-2601-007-A2-A6-A8,02,2,2
BS-2601-002,03,6,7,DT-EQP-02_20260512T0000_T08,6,5,WF.010720,CL-2601-007,20,CL-2601-007-A2-A3,20,8,5
BS-2601-002,03,6,5,DT-EQP-02_20260512T0000_T08,6,7,WF.010720,CL-2601-007,20,CL-2601-007-A2-A3,20,9,9
BS-2601-002,03,6,2,DT-EQP-02_20260512T0000_T08,6,10,WF.010702,CL-2601-007,02,CL-2601-007-A2-A6-A8,02,9,2
BS-2601-002,03,5,9,DT-EQP-02_20260512T0000_T08,7,3,WF.010720,CL-2601-007,20,CL-2601-007-A2-A3,20,7,4
BS-2601-002,03,5,6,DT-EQP-02_20260512T0000_T08,7,6,WF.010702,CL-2601-007,02,CL-2601-007-A2-A6-A8,02,2,9
BS-2601-002,03,5,4,DT-EQP-02_20260512T0000_T08,7,8,WF.010720,CL-2601-007,20,CL-2601-007-A2-A3,20,5,11
BS-2601-002,03,5,2,DT-EQP-02_20260512T0000_T08,7,10,WF.010702,CL-2601-007,02,CL-2601-007-A2-A6-A8,02,9,7
BS-2601-002,03,4,7,DT-EQP-02_20260512T0000_T08,8,5,WF.010720,CL-2601-007,20,CL-2601-007-A2-A3,20,2,8
BS-2601-002,03,4,2,DT-EQP-02_20260512T0000_T08,8,10,WF.010720,CL-2601-007,20,CL-2601-007-A2-A3,20,3,7
BS-2601-002,03,3,5,DT-EQP-02_20260512T0000_T08,9,7,WF.010702,CL-2601-007,02,CL-2601-007-A2-A6-A8,02,2,3
BS-2601-002,03,3,1,DT-EQP-02_20260512T0000_T08,9,11,WF.010720,CL-2601-007,20,CL-2601-007-A2-A3,20,10,6
BS-2601-002,03,2,10,DT-EQP-02_20260512T0000_T08,10,2,WF.010212,CL-2601-002,12,CL-2601-002,12,7,9
BS-2601-002,03,2,7,DT-EQP-02_20260512T0000_T08,10,5,WF.010212,CL-2601-002,12,CL-2601-002,12,6,1
BS-2601-002,03,2,5,DT-EQP-02_20260512T0000_T08,10,7,WF.010212,CL-2601-002,12,CL-2601-002,12,9,3
BS-2601-002,03,2,4,DT-EQP-02_20260512T0000_T08,10,8,WF.010720,CL-2601-007,20,CL-2601-007-A2-A3,20,7,7
BS-2601-002,03,2,3,DT-EQP-02_20260512T0000_T08,10,9,WF.010720,CL-2601-007,20,CL-2601-007-A2-A3,20,8,4
BS-2601-002,03,1,9,DT-EQP-02_20260512T0000_T08,11,3,WF.010720,CL-2601-007,20,CL-2601-007-A2-A3,20,11,3
BS-2601-002,03,1,8,DT-EQP-02_20260512T0000_T08,11,4,WF.010720,CL-2601-007,20,CL-2601-007-A2-A3,20,5,7
BS-2601-002,03,0,6,DT-EQP-02_20260512T0000_T08,12,6,WF.010702,CL-2601-007,02,CL-2601-007-A2-A6-A8,02,5,11
BS-2601-002,04,12,7,DT-EQP-02_20260512T0000_T09,0,5,WF.010609,CL-2601-006,09,CL-2601-006,09,7,3
BS-2601-002,04,10,5,DT-EQP-02_20260512T0000_T09,2,7,WF.010609,CL-2601-006,09,CL-2601-006,09,11,3
BS-2601-002,04,10,3,DT-EQP-02_20260512T0000_T09,2,9,WF.010110,CL-2601-001,10,CL-2601-001,10,4,2
BS-2601-002,04,9,11,DT-EQP-02_20260512T0000_T09,3,1,WF.010609,CL-2601-006,09,CL-2601-006,09,3,9
BS-2601-002,04,9,9,DT-EQP-02_20260512T0000_T09,3,3,WF.010110,CL-2601-001,10,CL-2601-001,10,5,0
BS-2601-002,04,9,5,DT-EQP-02_20260512T0000_T09,3,7,WF.010609,CL-2601-006,09,CL-2601-006,09,5,4
BS-2601-002,04,8,10,DT-EQP-02_20260512T0000_T09,4,2,WF.010110,CL-2601-001,10,CL-2601-001,10,1,6
BS-2601-002,04,8,9,DT-EQP-02_20260512T0000_T09,4,3,WF.010609,CL-2601-006,09,CL-2601-006,09,0,6
BS-2601-002,04,8,8,DT-EQP-02_20260512T0000_T09,4,4,WF.010110,CL-2601-001,10,CL-2601-001,10,0,7
BS-2601-002,04,8,4,DT-EQP-02_20260512T0000_T09,4,8,WF.010110,CL-2601-001,10,CL-2601-001,10,7,11
BS-2601-002,04,8,2,DT-EQP-02_20260512T0000_T09,4,10,WF.010609,CL-2601-006,09,CL-2601-006,09,1,7
BS-2601-002,04,8,1,DT-EQP-02_20260512T0000_T09,4,11,WF.010609,CL-2601-006,09,CL-2601-006,09,6,3
BS-2601-002,04,7,10,DT-EQP-02_20260512T0000_T09,5,2,WF.010609,CL-2601-006,09,CL-2601-006,09,9,11
BS-2601-002,04,7,9,DT-EQP-02_20260512T0000_T09,5,3,WF.010609,CL-2601-006,09,CL-2601-006,09,9,8
BS-2601-002,04,7,4,DT-EQP-02_20260512T0000_T09,5,8,WF.010110,CL-2601-001,10,CL-2601-001,10,3,10
BS-2601-002,04,7,2,DT-EQP-02_20260512T0000_T09,5,10,WF.010609,CL-2601-006,09,CL-2601-006,09,5,11
BS-2601-002,04,7,0,DT-EQP-02_20260512T0000_T09,5,12,WF.010110,CL-2601-001,10,CL-2601-001,10,9,7
BS-2601-002,04,6,4,DT-EQP-02_20260512T0000_T09,6,8,WF.010609,CL-2601-006,09,CL-2601-006,09,7,7
BS-2601-002,04,6,3,DT-EQP-02_20260512T0000_T09,6,9,WF.010609,CL-2601-006,09,CL-2601-006,09,7,5
BS-2601-002,04,6,1,DT-EQP-02_20260512T0000_T09,6,11,WF.010609,CL-2601-006,09,CL-2601-006,09,5,12
BS-2601-002,04,5,8,DT-EQP-02_20260512T0000_T09,7,4,WF.010110,CL-2601-001,10,CL-2601-001,10,6,2
BS-2601-002,04,5,7,DT-EQP-02_20260512T0000_T09,7,5,WF.010110,CL-2601-001,10,CL-2601-001,10,5,7
BS-2601-002,04,5,6,DT-EQP-02_20260512T0000_T09,7,6,WF.010110,CL-2601-001,10,CL-2601-001,10,7,5
BS-2601-002,04,5,4,DT-EQP-02_20260512T0000_T09,7,8,WF.010609,CL-2601-006,09,CL-2601-006,09,5,0
BS-2601-002,04,5,1,DT-EQP-02_20260512T0000_T09,7,11,WF.010609,CL-2601-006,09,CL-2601-006,09,3,7
BS-2601-002,04,4,10,DT-EQP-02_20260512T0000_T09,8,2,WF.010110,CL-2601-001,10,CL-2601-001,10,5,6
BS-2601-002,04,4,9,DT-EQP-02_20260512T0000_T09,8,3,WF.010110,CL-2601-001,10,CL-2601-001,10,8,4
BS-2601-002,04,4,8,DT-EQP-02_20260512T0000_T09,8,4,WF.010110,CL-2601-001,10,CL-2601-001,10,7,8
BS-2601-002,04,4,7,DT-EQP-02_20260512T0000_T09,8,5,WF.010609,CL-2601-006,09,CL-2601-006,09,7,2
BS-2601-002,04,4,5,DT-EQP-02_20260512T0000_T09,8,7,WF.010110,CL-2601-001,10,CL-2601-001,10,8,10
BS-2601-002,04,4,3,DT-EQP-02_20260512T0000_T09,8,9,WF.010609,CL-2601-006,09,CL-2601-006,09,3,1
BS-2601-002,04,4,2,DT-EQP-02_20260512T0000_T09,8,10,WF.010609,CL-2601-006,09,CL-2601-006,09,9,6
BS-2601-002,04,4,1,DT-EQP-02_20260512T0000_T09,8,11,WF.010110,CL-2601-001,10,CL-2601-001,10,4,1
BS-2601-002,04,3,7,DT-EQP-02_20260512T0000_T09,9,5,WF.010609,CL-2601-006,09,CL-2601-006,09,2,6
BS-2601-002,04,3,6,DT-EQP-02_20260512T0000_T09,9,6,WF.010609,CL-2601-006,09,CL-2601-006,09,10,7
BS-2601-002,04,3,5,DT-EQP-02_20260512T0000_T09,9,7,WF.010110,CL-2601-001,10,CL-2601-001,10,6,0
BS-2601-002,04,3,3,DT-EQP-02_20260512T0000_T09,9,9,WF.010609,CL-2601-006,09,CL-2601-006,09,12,7
BS-2601-002,04,3,1,DT-EQP-02_20260512T0000_T09,9,11,WF.010609,CL-2601-006,09,CL-2601-006,09,10,10
BS-2601-002,04,2,9,DT-EQP-02_20260512T0000_T09,10,3,WF.010609,CL-2601-006,09,CL-2601-006,09,7,11
BS-2601-002,04,2,7,DT-EQP-02_20260512T0000_T09,10,5,WF.010110,CL-2601-001,10,CL-2601-001,10,10,7
BS-2601-002,04,2,2,DT-EQP-02_20260512T0000_T09,10,10,WF.010609,CL-2601-006,09,CL-2601-006,09,1,5
BS-2601-002,04,1,7,DT-EQP-02_20260512T0000_T09,11,5,WF.010609,CL-2601-006,09,CL-2601-006,09,10,8
BS-2601-002,04,1,4,DT-EQP-02_20260512T0000_T09,11,8,WF.010609,CL-2601-006,09,CL-2601-006,09,2,10
BS-2601-002,04,0,7,DT-EQP-02_20260512T0000_T09,12,5,WF.010110,CL-2601-001,10,CL-2601-001,10,0,5
BS-2601-002,04,0,5,DT-EQP-02_20260512T0000_T09,12,7,WF.010110,CL-2601-001,10,CL-2601-001,10,9,4
BS-2601-002,05,12,7,DT-EQP-02_20260512T0000_T10,0,5,WF.010110,CL-2601-001,10,CL-2601-001,10,6,12
BS-2601-002,05,11,8,DT-EQP-02_20260512T0000_T10,1,4,WF.010110,CL-2601-001,10,CL-2601-001,10,10,9
BS-2601-002,05,11,5,DT-EQP-02_20260512T0000_T10,1,7,WF.010108,CL-2601-001,08,CL-2601-001,08,2,4
BS-2601-002,05,10,5,DT-EQP-02_20260512T0000_T10,2,7,WF.010403,CL-2601-004,03,CL-2601-004,03,2,9
BS-2601-002,05,9,9,DT-EQP-02_20260512T0000_T10,3,3,WF.010403,CL-2601-004,03,CL-2601-004,03,10,6
BS-2601-002,05,9,3,DT-EQP-02_20260512T0000_T10,3,9,WF.010110,CL-2601-001,10,CL-2601-001,10,5,10
BS-2601-002,05,8,11,DT-EQP-02_20260512T0000_T10,4,1,WF.010403,CL-2601-004,03,CL-2601-004,03,9,7
BS-2601-002,05,8,10,DT-EQP-02_20260512T0000_T10,4,2,WF.010403,CL-2601-004,03,CL-2601-004,03,6,1
BS-2601-002,05,7,10,DT-EQP-02_20260512T0000_T10,5,2,WF.010403,CL-2601-004,03,CL-2601-004,03,8,10
BS-2601-002,05,7,9,DT-EQP-02_20260512T0000_T10,5,3,WF.010108,CL-2601-001,08,CL-2601-001,08,5,2
BS-2601-002,05,7,4,DT-EQP-02_20260512T0000_T10,5,8,WF.010108,CL-2601-001,08,CL-2601-001,08,10,10
BS-2601-002,05,7,0,DT-EQP-02_20260512T0000_T10,5,12,WF.010403,CL-2601-004,03,CL-2601-004,03,9,10
BS-2601-002,05,6,4,DT-EQP-02_20260512T0000_T10,6,8,WF.010403,CL-2601-004,03,CL-2601-004,03,7,12
BS-2601-002,05,6,1,DT-EQP-02_20260512T0000_T10,6,11,WF.010403,CL-2601-004,03,CL-2601-004,03,5,8
BS-2601-002,05,6,0,DT-EQP-02_20260512T0000_T10,6,12,WF.010110,CL-2601-001,10,CL-2601-001,10,3,9
BS-2601-002,05,5,11,DT-EQP-02_20260512T0000_T10,7,1,WF.010108,CL-2601-001,08,CL-2601-001,08,11,8
BS-2601-002,05,5,10,DT-EQP-02_20260512T0000_T10,7,2,WF.010110,CL-2601-001,10,CL-2601-001,10,12,5
BS-2601-002,05,5,5,DT-EQP-02_20260512T0000_T10,7,7,WF.010110,CL-2601-001,10,CL-2601-001,10,12,7
BS-2601-002,05,5,4,DT-EQP-02_20260512T0000_T10,7,8,WF.010110,CL-2601-001,10,CL-2601-001,10,3,7
BS-2601-002,05,4,11,DT-EQP-02_20260512T0000_T10,8,1,WF.010110,CL-2601-001,10,CL-2601-001,10,4,11
BS-2601-002,05,4,10,DT-EQP-02_20260512T0000_T10,8,2,WF.010403,CL-2601-004,03,CL-2601-004,03,3,5
BS-2601-002,05,4,7,DT-EQP-02_20260512T0000_T10,8,5,WF.010403,CL-2601-004,03,CL-2601-004,03,5,0
BS-2601-002,05,4,2,DT-EQP-02_20260512T0000_T10,8,10,WF.010403,CL-2601-004,03,CL-2601-004,03,9,6
BS-2601-002,05,4,1,DT-EQP-02_20260512T0000_T10,8,11,WF.010108,CL-2601-001,08,CL-2601-001,08,0,7
BS-2601-002,05,3,9,DT-EQP-02_20260512T0000_T10,9,3,WF.010108,CL-2601-001,08,CL-2601-001,08,8,7
BS-2601-002,05,3,7,DT-EQP-02_20260512T0000_T10,9,5,WF.010110,CL-2601-001,10,CL-2601-001,10,9,11
BS-2601-002,05,3,6,DT-EQP-02_20260512T0000_T10,9,6,WF.010110,CL-2601-001,10,CL-2601-001,10,7,2
BS-2601-002,05,2,10,DT-EQP-02_20260512T0000_T10,10,2,WF.010108,CL-2601-001,08,CL-2601-001,08,3,3
BS-2601-002,05,2,8,DT-EQP-02_20260512T0000_T10,10,4,WF.010403,CL-2601-004,03,CL-2601-004,03,12,6
BS-2601-002,05,2,6,DT-EQP-02_20260512T0000_T10,10,6,WF.010110,CL-2601-001,10,CL-2601-001,10,3,2
BS-2601-002,05,2,3,DT-EQP-02_20260512T0000_T10,10,9,WF.010110,CL-2601-001,10,CL-2601-001,10,11,7
BS-2601-002,05,2,2,DT-EQP-02_20260512T0000_T10,10,10,WF.010108,CL-2601-001,08,CL-2601-001,08,1,6
BS-2601-002,05,1,7,DT-EQP-02_20260512T0000_T10,11,5,WF.010110,CL-2601-001,10,CL-2601-001,10,4,10
BS-2601-002,05,1,5,DT-EQP-02_20260512T0000_T10,11,7,WF.010108,CL-2601-001,08,CL-2601-001,08,11,4
BS-2601-002,05,0,7,DT-EQP-02_20260512T0000_T10,12,5,WF.010108,CL-2601-001,08,CL-2601-001,08,2,7
BS-2601-002,06,12,7,DT-EQP-02_20260512T0000_T11,0,5,WF.010814,CL-2601-008,14,CL-2601-008,14,2,4
BS-2601-002,06,11,7,DT-EQP-02_20260512T0000_T11,1,5,WF.010814,CL-2601-008,14,CL-2601-008,14,4,10
BS-2601-002,06,10,9,DT-EQP-02_20260512T0000_T11,2,3,WF.010814,CL-2601-008,14,CL-2601-008,14,2,10
BS-2601-002,06,10,7,DT-EQP-02_20260512T0000_T11,2,5,WF.010814,CL-2601-008,14,CL-2601-008,14,9,11
BS-2601-002,06,10,6,DT-EQP-02_20260512T0000_T11,2,6,WF.010814,CL-2601-008,14,CL-2601-008,14,9,3
BS-2601-002,06,10,3,DT-EQP-02_20260512T0000_T11,2,9,WF.010814,CL-2601-008,14,CL-2601-008,14,6,7
BS-2601-002,06,10,2,DT-EQP-02_20260512T0000_T11,2,10,WF.010814,CL-2601-008,14,CL-2601-008,14,9,5
BS-2601-002,06,9,11,DT-EQP-02_20260512T0000_T11,3,1,WF.010814,CL-2601-008,14,CL-2601-008,14,10,3
BS-2601-002,06,9,10,DT-EQP-02_20260512T0000_T11,3,2,WF.010814,CL-2601-008,14,CL-2601-008,14,3,5
BS-2601-002,06,9,8,DT-EQP-02_20260512T0000_T11,3,4,WF.010814,CL-2601-008,14,CL-2601-008,14,7,5
BS-2601-002,06,9,7,DT-EQP-02_20260512T0000_T11,3,5,WF.010814,CL-2601-008,14,CL-2601-008,14,3,2
BS-2601-002,06,9,4,DT-EQP-02_20260512T0000_T11,3,8,WF.010814,CL-2601-008,14,CL-2601-008,14,12,5
BS-2601-002,06,9,2,DT-EQP-02_20260512T0000_T11,3,10,WF.010814,CL-2601-008,14,CL-2601-008,14,5,8
BS-2601-002,06,8,10,DT-EQP-02_20260512T0000_T11,4,2,WF.010814,CL-2601-008,14,CL-2601-008,14,7,6
BS-2601-002,06,8,3,DT-EQP-02_20260512T0000_T11,4,9,WF.010814,CL-2601-008,14,CL-2601-008,14,6,0
BS-2601-002,06,6,12,DT-EQP-02_20260512T0000_T11,6,0,WF.010814,CL-2601-008,14,CL-2601-008,14,3,3
BS-2601-002,06,6,9,DT-EQP-02_20260512T0000_T11,6,3,WF.010814,CL-2601-008,14,CL-2601-008,14,3,9
BS-2601-002,06,6,6,DT-EQP-02_20260512T0000_T11,6,6,WF.010814,CL-2601-008,14,CL-2601-008,14,5,5
BS-2601-002,06,6,1,DT-EQP-02_20260512T0000_T11,6,11,WF.010814,CL-2601-008,14,CL-2601-008,14,2,7
BS-2601-002,06,5,10,DT-EQP-02_20260512T0000_T11,7,2,WF.010814,CL-2601-008,14,CL-2601-008,14,9,7
BS-2601-002,06,5,5,DT-EQP-02_20260512T0000_T11,7,7,WF.010814,CL-2601-008,14,CL-2601-008,14,11,7
BS-2601-002,06,5,4,DT-EQP-02_20260512T0000_T11,7,8,WF.010814,CL-2601-008,14,CL-2601-008,14,3,7
BS-2601-002,06,5,2,DT-EQP-02_20260512T0000_T11,7,10,WF.010814,CL-2601-008,14,CL-2601-008,14,5,6
BS-2601-002,06,4,11,DT-EQP-02_20260512T0000_T11,8,1,WF.010814,CL-2601-008,14,CL-2601-008,14,4,9
BS-2601-002,06,4,10,DT-EQP-02_20260512T0000_T11,8,2,WF.010814,CL-2601-008,14,CL-2601-008,14,7,7
BS-2601-002,06,4,8,DT-EQP-02_20260512T0000_T11,8,4,WF.010814,CL-2601-008,14,CL-2601-008,14,12,7
BS-2601-002,06,4,2,DT-EQP-02_20260512T0000_T11,8,10,WF.010814,CL-2601-008,14,CL-2601-008,14,6,12
BS-2601-002,06,3,8,DT-EQP-02_20260512T0000_T11,9,4,WF.010814,CL-2601-008,14,CL-2601-008,14,7,10
BS-2601-002,06,3,7,DT-EQP-02_20260512T0000_T11,9,5,WF.010814,CL-2601-008,14,CL-2601-008,14,6,1
BS-2601-002,06,3,5,DT-EQP-02_20260512T0000_T11,9,7,WF.010814,CL-2601-008,14,CL-2601-008,14,6,3
BS-2601-002,06,3,2,DT-EQP-02_20260512T0000_T11,9,10,WF.010814,CL-2601-008,14,CL-2601-008,14,11,5
BS-2601-002,06,2,10,DT-EQP-02_20260512T0000_T11,10,2,WF.010814,CL-2601-008,14,CL-2601-008,14,4,3
BS-2601-002,06,2,9,DT-EQP-02_20260512T0000_T11,10,3,WF.010814,CL-2601-008,14,CL-2601-008,14,3,10
BS-2601-002,06,2,7,DT-EQP-02_20260512T0000_T11,10,5,WF.010814,CL-2601-008,14,CL-2601-008,14,7,3
BS-2601-002,06,2,5,DT-EQP-02_20260512T0000_T11,10,7,WF.010814,CL-2601-008,14,CL-2601-008,14,11,4
BS-2601-002,06,2,4,DT-EQP-02_20260512T0000_T11,10,8,WF.010814,CL-2601-008,14,CL-2601-008,14,10,6
BS-2601-002,06,1,8,DT-EQP-02_20260512T0000_T11,11,4,WF.010814,CL-2601-008,14,CL-2601-008,14,9,9
BS-2601-002,06,1,7,DT-EQP-02_20260512T0000_T11,11,5,WF.010814,CL-2601-008,14,CL-2601-008,14,8,5
BS-2601-002,06,1,6,DT-EQP-02_20260512T0000_T11,11,6,WF.010814,CL-2601-008,14,CL-2601-008,14,2,6
BS-2601-002,06,1,3,DT-EQP-02_20260512T0000_T11,11,9,WF.010814,CL-2601-008,14,CL-2601-008,14,4,11
BS-2601-002,06,0,6,DT-EQP-02_20260512T0000_T11,12,6,WF.010814,CL-2601-008,14,CL-2601-008,14,7,11
BS-2601-002,07,12,6,DT-EQP-02_20260512T0000_T12,0,6,WF.010715,CL-2601-007,15,CL-2601-007-A2-A6,15,9,5
BS-2601-002,07,11,9,DT-EQP-02_20260512T0000_T12,1,3,WF.010515,CL-2601-005,15,CL-2601-005-A5,15,10,8
BS-2601-002,07,11,8,DT-EQP-02_20260512T0000_T12,1,4,WF.010515,CL-2601-005,15,CL-2601-005-A5,15,10,10
BS-2601-002,07,11,7,DT-EQP-02_20260512T0000_T12,1,5,WF.010523,CL-2601-005,23,CL-2601-005-A5,23,9,1
BS-2601-002,07,11,6,DT-EQP-02_20260512T0000_T12,1,6,WF.010523,CL-2601-005,23,CL-2601-005-A5,23,7,11
BS-2601-002,07,11,4,DT-EQP-02_20260512T0000_T12,1,8,WF.010715,CL-2601-007,15,CL-2601-007-A2-A6,15,6,8
BS-2601-002,07,10,10,DT-EQP-02_20260512T0000_T12,2,2,WF.010515,CL-2601-005,15,CL-2601-005-A5,15,2,2
BS-2601-002,07,10,9,DT-EQP-02_20260512T0000_T12,2,3,WF.010523,CL-2601-005,23,CL-2601-005-A5,23,1,6
BS-2601-002,07,10,3,DT-EQP-02_20260512T0000_T12,2,9,WF.010523,CL-2601-005,23,CL-2601-005-A5,23,3,10
BS-2601-002,07,9,11,DT-EQP-02_20260512T0000_T12,3,1,WF.010523,CL-2601-005,23,CL-2601-005-A5,23,3,6
BS-2601-002,07,9,8,DT-EQP-02_20260512T0000_T12,3,4,WF.010523,CL-2601-005,23,CL-2601-005-A5,23,5,0
BS-2601-002,07,9,7,DT-EQP-02_20260512T0000_T12,3,5,WF.010515,CL-2601-005,15,CL-2601-005-A5,15,11,8
BS-2601-002,07,9,5,DT-EQP-02_20260512T0000_T12,3,7,WF.010715,CL-2601-007,15,CL-2601-007-A2-A6,15,5,6
BS-2601-002,07,9,2,DT-EQP-02_20260512T0000_T12,3,10,WF.010523,CL-2601-005,23,CL-2601-005-A5,23,11,9
BS-2601-002,07,8,9,DT-EQP-02_20260512T0000_T12,4,3,WF.010515,CL-2601-005,15,CL-2601-005-A5,15,5,2
BS-2601-002,07,8,7,DT-EQP-02_20260512T0000_T12,4,5,WF.010715,CL-2601-007,15,CL-2601-007-A2-A6,15,0,6
BS-2601-002,07,8,3,DT-EQP-02_20260512T0000_T12,4,9,WF.010523,CL-2601-005,23,CL-2601-005-A5,23,4,9
BS-2601-002,07,7,12,DT-EQP-02_20260512T0000_T12,5,0,WF.010523,CL-2601-005,23,CL-2601-005-A5,23,11,5
BS-2601-002,07,7,11,DT-EQP-02_20260512T0000_T12,5,1,WF.010715,CL-2601-007,15,CL-2601-007-A2-A6,15,7,3
BS-2601-002,07,7,8,DT-EQP-02_20260512T0000_T12,5,4,WF.010523,CL-2601-005,23,CL-2601-005-A5,23,5,10
BS-2601-002,07,7,3,DT-EQP-02_20260512T0000_T12,5,9,WF.010715,CL-2601-007,15,CL-2601-007-A2-A6,15,8,4
BS-2601-002,07,6,12,DT-EQP-02_20260512T0000_T12,6,0,WF.010715,CL-2601-007,15,CL-2601-007-A2-A6,15,3,10
BS-2601-002,07,6,11,DT-EQP-02_20260512T0000_T12,6,1,WF.010715,CL-2601-007,15,CL-2601-007-A2-A6,15,8,9
BS-2601-002,07,6,9,DT-EQP-02_20260512T0000_T12,6,3,WF.010515,CL-2601-005,15,CL-2601-005-A5,15,11,4
BS-2601-002,07,6,8,DT-EQP-02_20260512T0000_T12,6,4,WF.010715,CL-2601-007,15,CL-2601-007-A2-A6,15,2,7
BS-2601-002,07,6,7,DT-EQP-02_20260512T0000_T12,6,5,WF.010715,CL-2601-007,15,CL-2601-007-A2-A6,15,5,2
BS-2601-002,07,6,1,DT-EQP-02_20260512T0000_T12,6,11,WF.010515,CL-2601-005,15,CL-2601-005-A5,15,8,7
BS-2601-002,07,5,12,DT-EQP-02_20260512T0000_T12,7,0,WF.010523,CL-2601-005,23,CL-2601-005-A5,23,4,1
BS-2601-002,07,5,11,DT-EQP-02_20260512T0000_T12,7,1,WF.010515,CL-2601-005,15,CL-2601-005-A5,15,8,2
BS-2601-002,07,5,10,DT-EQP-02_20260512T0000_T12,7,2,WF.010515,CL-2601-005,15,CL-2601-005-A5,15,6,7
BS-2601-002,07,5,9,DT-EQP-02_20260512T0000_T12,7,3,WF.010523,CL-2601-005,23,CL-2601-005-A5,23,3,3
BS-2601-002,07,5,7,DT-EQP-02_20260512T0000_T12,7,5,WF.010715,CL-2601-007,15,CL-2601-007-A2-A6,15,3,8
BS-2601-002,07,4,11,DT-EQP-02_20260512T0000_T12,8,1,WF.010715,CL-2601-007,15,CL-2601-007-A2-A6,15,2,5
BS-2601-002,07,4,9,DT-EQP-02_20260512T0000_T12,8,3,WF.010515,CL-2601-005,15,CL-2601-005-A5,15,6,12
BS-2601-002,07,4,8,DT-EQP-02_20260512T0000_T12,8,4,WF.010715,CL-2601-007,15,CL-2601-007-A2-A6,15,11,9
BS-2601-002,07,4,1,DT-EQP-02_20260512T0000_T12,8,11,WF.010515,CL-2601-005,15,CL-2601-005-A5,15,7,11
BS-2601-002,07,3,10,DT-EQP-02_20260512T0000_T12,9,2,WF.010715,CL-2601-007,15,CL-2601-007-A2-A6,15,8,6
BS-2601-002,07,3,9,DT-EQP-02_20260512T0000_T12,9,3,WF.010523,CL-2601-005,23,CL-2601-005-A5,23,1,3
BS-2601-002,07,2,10,DT-EQP-02_20260512T0000_T12,10,2,WF.010715,CL-2601-007,15,CL-2601-007-A2-A6,15,3,4
BS-2601-002,07,2,4,DT-EQP-02_20260512T0000_T12,10,8,WF.010523,CL-2601-005,23,CL-2601-005-A5,23,6,5
BS-2601-002,07,2,3,DT-EQP-02_20260512T0000_T12,10,9,WF.010515,CL-2601-005,15,CL-2601-005-A5,15,3,3
BS-2601-002,07,1,9,DT-EQP-02_20260512T0000_T12,11,3,WF.010523,CL-2601-005,23,CL-2601-005-A5,23,2,5
BS-2601-002,07,1,7,DT-EQP-02_20260512T0000_T12,11,5,WF.010523,CL-2601-005,23,CL-2601-005-A5,23,0,5
BS-2601-002,07,1,6,DT-EQP-02_20260512T0000_T12,11,6,WF.010515,CL-2601-005,15,CL-2601-005-A5,15,10,3
BS-2601-002,08,11,5,DT-EQP-02_20260512T0000_T13,1,7,WF.010510,CL-2601-005,10,CL-2601-005-A5,10,6,11
BS-2601-002,08,10,9,DT-EQP-02_20260512T0000_T13,2,3,WF.010221,CL-2601-002,21,CL-2601-002-A4,21,2,7
BS-2601-002,08,10,8,DT-EQP-02_20260512T0000_T13,2,4,WF.010605,CL-2601-006,05,CL-2601-006-A1-A7,05,3,3
BS-2601-002,08,10,4,DT-EQP-02_20260512T0000_T13,2,8,WF.010605,CL-2601-006,05,CL-2601-006-A1-A7,05,2,10
BS-2601-002,08,9,11,DT-EQP-02_20260512T0000_T13,3,1,WF.010605,CL-2601-006,05,CL-2601-006-A1-A7,05,10,9
BS-2601-002,08,9,10,DT-EQP-02_20260512T0000_T13,3,2,WF.010605,CL-2601-006,05,CL-2601-006-A1-A7,05,6,10
BS-2601-002,08,9,8,DT-EQP-02_20260512T0000_T13,3,4,WF.010510,CL-2601-005,10,CL-2601-005-A5,10,1,6
BS-2601-002,08,9,7,DT-EQP-02_20260512T0000_T13,3,5,WF.010221,CL-2601-002,21,CL-2601-002-A4,21,7,11
BS-2601-002,08,9,5,DT-EQP-02_20260512T0000_T13,3,7,WF.010221,CL-2601-002,21,CL-2601-002-A4,21,1,3
BS-2601-002,08,9,2,DT-EQP-02_20260512T0000_T13,3,10,WF.010510,CL-2601-005,10,CL-2601-005-A5,10,4,11
BS-2601-002,08,8,11,DT-EQP-02_20260512T0000_T13,4,1,WF.010221,CL-2601-002,21,CL-2601-002-A4,21,9,1
BS-2601-002,08,8,10,DT-EQP-02_20260512T0000_T13,4,2,WF.010221,CL-2601-002,21,CL-2601-002-A4,21,8,6
BS-2601-002,08,8,9,DT-EQP-02_20260512T0000_T13,4,3,WF.010221,CL-2601-002,21,CL-2601-002-A4,21,7,7
BS-2601-002,08,8,3,DT-EQP-02_20260512T0000_T13,4,9,WF.010221,CL-2601-002,21,CL-2601-002-A4,21,10,2
BS-2601-002,08,7,12,DT-EQP-02_20260512T0000_T13,5,0,WF.010605,CL-2601-006,05,CL-2601-006-A1-A7,05,10,5
BS-2601-002,08,7,11,DT-EQP-02_20260512T0000_T13,5,1,WF.010221,CL-2601-002,21,CL-2601-002-A4,21,5,1
BS-2601-002,08,7,9,DT-EQP-02_20260512T0000_T13,5,3,WF.010510,CL-2601-005,10,CL-2601-005-A5,10,9,6
BS-2601-002,08,7,3,DT-EQP-02_20260512T0000_T13,5,9,WF.010605,CL-2601-006,05,CL-2601-006-A1-A7,05,11,8
BS-2601-002,08,6,10,DT-EQP-02_20260512T0000_T13,6,2,WF.010605,CL-2601-006,05,CL-2601-006-A1-A7,05,4,2
BS-2601-002,08,6,7,DT-EQP-02_20260512T0000_T13,6,5,WF.010605,CL-2601-006,05,CL-2601-006-A1-A7,05,9,11
BS-2601-002,08,6,2,DT-EQP-02_20260512T0000_T13,6,10,WF.010605,CL-2601-006,05,CL-2601-006-A1-A7,05,10,8
BS-2601-002,08,5,12,DT-EQP-02_20260512T0000_T13,7,0,WF.010605,CL-2601-006,05,CL-2601-006-A1-A7,05,9,5
BS-2601-002,08,5,11,DT-EQP-02_20260512T0000_T13,7,1,WF.010510,CL-2601-005,10,CL-2601-005-A5,10,3,9
BS-2601-002,08,5,9,DT-EQP-02_20260512T0000_T13,7,3,WF.010605,CL-2601-006,05,CL-2601-006-A1-A7,05,8,3
BS-2601-002,08,5,6,DT-EQP-02_20260512T0000_T13,7,6,WF.010221,CL-2601-002,21,CL-2601-002-A4,21,2,4
BS-2601-002,08,5,0,DT-EQP-02_20260512T0000_T13,7,12,WF.010605,CL-2601-006,05,CL-2601-006-A1-A7,05,6,0
BS-2601-002,08,4,3,DT-EQP-02_20260512T0000_T13,8,9,WF.010510,CL-2601-005,10,CL-2601-005-A5,10,3,5
BS-2601-002,08,4,2,DT-EQP-02_20260512T0000_T13,8,10,WF.010510,CL-2601-005,10,CL-2601-005-A5,10,9,1
BS-2601-002,08,4,1,DT-EQP-02_20260512T0000_T13,8,11,WF.010605,CL-2601-006,05,CL-2601-006-A1-A7,05,2,6
BS-2601-002,08,3,11,DT-EQP-02_20260512T0000_T13,9,1,WF.010221,CL-2601-002,21,CL-2601-002-A4,21,6,8
BS-2601-002,08,3,10,DT-EQP-02_20260512T0000_T13,9,2,WF.010510,CL-2601-005,10,CL-2601-005-A5,10,3,11
BS-2601-002,08,3,7,DT-EQP-02_20260512T0000_T13,9,5,WF.010605,CL-2601-006,05,CL-2601-006-A1-A7,05,5,0
BS-2601-002,08,3,5,DT-EQP-02_20260512T0000_T13,9,7,WF.010510,CL-2601-005,10,CL-2601-005-A5,10,6,7
BS-2601-002,08,3,2,DT-EQP-02_20260512T0000_T13,9,10,WF.010510,CL-2601-005,10,CL-2601-005-A5,10,10,8
BS-2601-002,08,3,1,DT-EQP-02_20260512T0000_T13,9,11,WF.010510,CL-2601-005,10,CL-2601-005-A5,10,5,0
BS-2601-002,08,2,9,DT-EQP-02_20260512T0000_T13,10,3,WF.010605,CL-2601-006,05,CL-2601-006-A1-A7,05,1,3
BS-2601-002,08,2,6,DT-EQP-02_20260512T0000_T13,10,6,WF.010605,CL-2601-006,05,CL-2601-006-A1-A7,05,5,10
BS-2601-002,08,2,4,DT-EQP-02_20260512T0000_T13,10,8,WF.010221,CL-2601-002,21,CL-2601-002-A4,21,5,6
BS-2601-002,08,1,9,DT-EQP-02_20260512T0000_T13,11,3,WF.010510,CL-2601-005,10,CL-2601-005-A5,10,9,5
BS-2601-002,08,1,7,DT-EQP-02_20260512T0000_T13,11,5,WF.010510,CL-2601-005,10,CL-2601-005-A5,10,7,12
BS-2601-002,08,1,5,DT-EQP-02_20260512T0000_T13,11,7,WF.010605,CL-2601-006,05,CL-2601-006-A1-A7,05,3,1
BS-2601-002,08,1,4,DT-EQP-02_20260512T0000_T13,11,8,WF.010605,CL-2601-006,05,CL-2601-006-A1-A7,05,10,6
BS-2601-002,08,0,7,DT-EQP-02_20260512T0000_T13,12,5,WF.010605,CL-2601-006,05,CL-2601-006-A1-A7,05,1,5
BS-2601-002,09,12,6,DT-EQP-02_20260512T0000_T14,0,6,WF.010410,CL-2601-004,10,CL-2601-004,10,11,9
BS-2601-002,09,11,9,DT-EQP-02_20260512T0000_T14,1,3,WF.010410,CL-2601-004,10,CL-2601-004,10,10,2
BS-2601-002,09,11,5,DT-EQP-02_20260512T0000_T14,1,7,WF.010410,CL-2601-004,10,CL-2601-004,10,11,3
BS-2601-002,09,11,3,DT-EQP-02_20260512T0000_T14,1,9,WF.010410,CL-2601-004,10,CL-2601-004,10,6,6
BS-2601-002,09,10,4,DT-EQP-02_20260512T0000_T14,2,8,WF.010410,CL-2601-004,10,CL-2601-004,10,8,3
BS-2601-002,09,10,2,DT-EQP-02_20260512T0000_T14,2,10,WF.010410,CL-2601-004,10,CL-2601-004,10,6,8
BS-2601-002,09,9,11,DT-EQP-02_20260512T0000_T14,3,1,WF.010410,CL-2601-004,10,CL-2601-004,10,9,2
BS-2601-002,09,9,10,DT-EQP-02_20260512T0000_T14,3,2,WF.010410,CL-2601-004,10,CL-2601-004,10,8,11
BS-2601-002,09,9,7,DT-EQP-02_20260512T0000_T14,3,5,WF.010410,CL-2601-004,10,CL-2601-004,10,7,7
BS-2601-002,09,9,5,DT-EQP-02_20260512T0000_T14,3,7,WF.010410,CL-2601-004,10,CL-2601-004,10,4,4
BS-2601-002,09,9,2,DT-EQP-02_20260512T0000_T14,3,10,WF.010410,CL-2601-004,10,CL-2601-004,10,8,10
BS-2601-002,09,9,1,DT-EQP-02_20260512T0000_T14,3,11,WF.010310,CL-2601-003,10,CL-2601-003,10,6,10
BS-2601-002,09,8,8,DT-EQP-02_20260512T0000_T14,4,4,WF.010410,CL-2601-004,10,CL-2601-004,10,3,4
BS-2601-002,09,8,7,DT-EQP-02_20260512T0000_T14,4,5,WF.010310,CL-2601-003,10,CL-2601-003,10,4,11
BS-2601-002,09,8,4,DT-EQP-02_20260512T0000_T14,4,8,WF.010410,CL-2601-004,10,CL-2601-004,10,11,7
BS-2601-002,09,8,2,DT-EQP-02_20260512T0000_T14,4,10,WF.010310,CL-2601-003,10,CL-2601-003,10,2,3
BS-2601-002,09,7,11,DT-EQP-02_20260512T0000_T14,5,1,WF.010410,CL-2601-004,10,CL-2601-004,10,6,1
BS-2601-002,09,7,9,DT-EQP-02_20260512T0000_T14,5,3,WF.010410,CL-2601-004,10,CL-2601-004,10,5,8
BS-2601-002,09,7,8,DT-EQP-02_20260512T0000_T14,5,4,WF.010410,CL-2601-004,10,CL-2601-004,10,5,9
BS-2601-002,09,7,7,DT-EQP-02_20260512T0000_T14,5,5,WF.010410,CL-2601-004,10,CL-2601-004,10,5,1
BS-2601-002,09,7,4,DT-EQP-02_20260512T0000_T14,5,8,WF.010410,CL-2601-004,10,CL-2601-004,10,3,1
BS-2601-002,09,7,3,DT-EQP-02_20260512T0000_T14,5,9,WF.010410,CL-2601-004,10,CL-2601-004,10,10,10
BS-2601-002,09,6,12,DT-EQP-02_20260512T0000_T14,6,0,WF.010410,CL-2601-004,10,CL-2601-004,10,3,7
BS-2601-002,09,6,10,DT-EQP-02_20260512T0000_T14,6,2,WF.010410,CL-2601-004,10,CL-2601-004,10,8,5
BS-2601-002,09,6,9,DT-EQP-02_20260512T0000_T14,6,3,WF.010310,CL-2601-003,10,CL-2601-003,10,11,6
BS-2601-002,09,6,4,DT-EQP-02_20260512T0000_T14,6,8,WF.010410,CL-2601-004,10,CL-2601-004,10,7,12
BS-2601-002,09,6,2,DT-EQP-02_20260512T0000_T14,6,10,WF.010310,CL-2601-003,10,CL-2601-003,10,7,11
BS-2601-002,09,6,0,DT-EQP-02_20260512T0000_T14,6,12,WF.010410,CL-2601-004,10,CL-2601-004,10,9,7
BS-2601-002,09,5,11,DT-EQP-02_20260512T0000_T14,7,1,WF.010310,CL-2601-003,10,CL-2601-003,10,1,8
BS-2601-002,09,5,9,DT-EQP-02_20260512T0000_T14,7,3,WF.010410,CL-2601-004,10,CL-2601-004,10,5,4
BS-2601-002,09,5,8,DT-EQP-02_20260512T0000_T14,7,4,WF.010310,CL-2601-003,10,CL-2601-003,10,1,3
BS-2601-002,09,5,7,DT-EQP-02_20260512T0000_T14,7,5,WF.010410,CL-2601-004,10,CL-2601-004,10,8,9
BS-2601-002,09,5,5,DT-EQP-02_20260512T0000_T14,7,7,WF.010410,CL-2601-004,10,CL-2601-004,10,4,10
BS-2601-002,09,5,4,DT-EQP-02_20260512T0000_T14,7,8,WF.010410,CL-2601-004,10,CL-2601-004,10,3,3
BS-2601-002,09,5,3,DT-EQP-02_20260512T0000_T14,7,9,WF.010410,CL-2601-004,10,CL-2601-004,10,3,9
BS-2601-002,09,5,1,DT-EQP-02_20260512T0000_T14,7,11,WF.010410,CL-2601-004,10,CL-2601-004,10,7,2
BS-2601-002,09,4,10,DT-EQP-02_20260512T0000_T14,8,2,WF.010410,CL-2601-004,10,CL-2601-004,10,5,0
BS-2601-002,09,4,7,DT-EQP-02_20260512T0000_T14,8,5,WF.010310,CL-2601-003,10,CL-2601-003,10,1,5
BS-2601-002,09,4,6,DT-EQP-02_20260512T0000_T14,8,6,WF.010410,CL-2601-004,10,CL-2601-004,10,4,3
BS-2601-002,09,4,5,DT-EQP-02_20260512T0000_T14,8,7,WF.010410,CL-2601-004,10,CL-2601-004,10,2,3
BS-2601-002,09,4,4,DT-EQP-02_20260512T0000_T14,8,8,WF.010310,CL-2601-003,10,CL-2601-003,10,1,4
BS-2601-002,09,4,2,DT-EQP-02_20260512T0000_T14,8,10,WF.010410,CL-2601-004,10,CL-2601-004,10,4,6
BS-2601-002,09,3,2,DT-EQP-02_20260512T0000_T14,9,10,WF.010410,CL-2601-004,10,CL-2601-004,10,9,4
BS-2601-002,09,3,1,DT-EQP-02_20260512T0000_T14,9,11,WF.010410,CL-2601-004,10,CL-2601-004,10,10,7
BS-2601-002,09,2,10,DT-EQP-02_20260512T0000_T14,10,2,WF.010410,CL-2601-004,10,CL-2601-004,10,9,1
BS-2601-002,09,2,8,DT-EQP-02_20260512T0000_T14,10,4,WF.010310,CL-2601-003,10,CL-2601-003,10,6,7
BS-2601-002,09,2,6,DT-EQP-02_20260512T0000_T14,10,6,WF.010310,CL-2601-003,10,CL-2601-003,10,5,5
BS-2601-002,09,2,4,DT-EQP-02_20260512T0000_T14,10,8,WF.010410,CL-2601-004,10,CL-2601-004,10,1,4
BS-2601-002,09,2,3,DT-EQP-02_20260512T0000_T14,10,9,WF.010410,CL-2601-004,10,CL-2601-004,10,4,2
BS-2601-002,09,2,2,DT-EQP-02_20260512T0000_T14,10,10,WF.010310,CL-2601-003,10,CL-2601-003,10,6,2
BS-2601-002,09,1,7,DT-EQP-02_20260512T0000_T14,11,5,WF.010410,CL-2601-004,10,CL-2601-004,10,10,6
BS-2601-002,09,1,5,DT-EQP-02_20260512T0000_T14,11,7,WF.010410,CL-2601-004,10,CL-2601-004,10,1,8
BS-2601-002,09,0,6,DT-EQP-02_20260512T0000_T14,12,6,WF.010410,CL-2601-004,10,CL-2601-004,10,6,9
BS-2601-002,10,11,9,DT-EQP-02_20260512T0000_T15,1,3,WF.010423,CL-2601-004,23,CL-2601-004,23,4,6
BS-2601-002,10,11,8,DT-EQP-02_20260512T0000_T15,1,4,WF.010123,CL-2601-001,23,CL-2601-001,23,4,4
BS-2601-002,10,11,7,DT-EQP-02_20260512T0000_T15,1,5,WF.010423,CL-2601-004,23,CL-2601-004,23,7,12
BS-2601-002,10,11,4,DT-EQP-02_20260512T0000_T15,1,8,WF.010423,CL-2601-004,23,CL-2601-004,23,11,7
BS-2601-002,10,10,10,DT-EQP-02_20260512T0000_T15,2,2,WF.010123,CL-2601-001,23,CL-2601-001,23,6,12
BS-2601-002,10,10,8,DT-EQP-02_20260512T0000_T15,2,4,WF.010123,CL-2601-001,23,CL-2601-001,23,8,2
BS-2601-002,10,10,7,DT-EQP-02_20260512T0000_T15,2,5,WF.010123,CL-2601-001,23,CL-2601-001,23,7,4
BS-2601-002,10,10,5,DT-EQP-02_20260512T0000_T15,2,7,WF.010123,CL-2601-001,23,CL-2601-001,23,12,7
BS-2601-002,10,10,4,DT-EQP-02_20260512T0000_T15,2,8,WF.010123,CL-2601-001,23,CL-2601-001,23,11,8
BS-2601-002,10,10,3,DT-EQP-02_20260512T0000_T15,2,9,WF.010423,CL-2601-004,23,CL-2601-004,23,7,3
BS-2601-002,10,9,8,DT-EQP-02_20260512T0000_T15,3,4,WF.010123,CL-2601-001,23,CL-2601-001,23,2,5
BS-2601-002,10,9,6,DT-EQP-02_20260512T0000_T15,3,6,WF.010123,CL-2601-001,23,CL-2601-001,23,4,10
BS-2601-002,10,9,3,DT-EQP-02_20260512T0000_T15,3,9,WF.010123,CL-2601-001,23,CL-2601-001,23,4,7
BS-2601-002,10,9,1,DT-EQP-02_20260512T0000_T15,3,11,WF.010423,CL-2601-004,23,CL-2601-004,23,9,9
BS-2601-002,10,8,4,DT-EQP-02_20260512T0000_T15,4,8,WF.010123,CL-2601-001,23,CL-2601-001,23,8,6
BS-2601-002,10,8,3,DT-EQP-02_20260512T0000_T15,4,9,WF.010123,CL-2601-001,23,CL-2601-001,23,7,6
BS-2601-002,10,8,2,DT-EQP-02_20260512T0000_T15,4,10,WF.010123,CL-2601-001,23,CL-2601-001,23,9,9
BS-2601-002,10,8,1,DT-EQP-02_20260512T0000_T15,4,11,WF.010423,CL-2601-004,23,CL-2601-004,23,6,9
BS-2601-002,10,7,5,DT-EQP-02_20260512T0000_T15,5,7,WF.010423,CL-2601-004,23,CL-2601-004,23,5,7
BS-2601-002,10,7,0,DT-EQP-02_20260512T0000_T15,5,12,WF.010423,CL-2601-004,23,CL-2601-004,23,9,2
BS-2601-002,10,6,11,DT-EQP-02_20260512T0000_T15,6,1,WF.010423,CL-2601-004,23,CL-2601-004,23,10,4
BS-2601-002,10,6,7,DT-EQP-02_20260512T0000_T15,6,5,WF.010123,CL-2601-001,23,CL-2601-001,23,5,7
BS-2601-002,10,6,1,DT-EQP-02_20260512T0000_T15,6,11,WF.010123,CL-2601-001,23,CL-2601-001,23,6,8
BS-2601-002,10,6,0,DT-EQP-02_20260512T0000_T15,6,12,WF.010123,CL-2601-001,23,CL-2601-001,23,5,6
BS-2601-002,10,5,7,DT-EQP-02_20260512T0000_T15,7,5,WF.010423,CL-2601-004,23,CL-2601-004,23,11,9
BS-2601-002,10,5,5,DT-EQP-02_20260512T0000_T15,7,7,WF.010423,CL-2601-004,23,CL-2601-004,23,10,3
BS-2601-002,10,5,3,DT-EQP-02_20260512T0000_T15,7,9,WF.010123,CL-2601-001,23,CL-2601-001,23,6,1
BS-2601-002,10,5,1,DT-EQP-02_20260512T0000_T15,7,11,WF.010123,CL-2601-001,23,CL-2601-001,23,5,5
BS-2601-002,10,5,0,DT-EQP-02_20260512T0000_T15,7,12,WF.010123,CL-2601-001,23,CL-2601-001,23,8,11
BS-2601-002,10,4,11,DT-EQP-02_20260512T0000_T15,8,1,WF.010123,CL-2601-001,23,CL-2601-001,23,7,2
BS-2601-002,10,4,10,DT-EQP-02_20260512T0000_T15,8,2,WF.010423,CL-2601-004,23,CL-2601-004,23,1,4
BS-2601-002,10,4,7,DT-EQP-02_20260512T0000_T15,8,5,WF.010423,CL-2601-004,23,CL-2601-004,23,3,5
BS-2601-002,10,4,6,DT-EQP-02_20260512T0000_T15,8,6,WF.010423,CL-2601-004,23,CL-2601-004,23,7,1
BS-2601-002,10,4,2,DT-EQP-02_20260512T0000_T15,8,10,WF.010423,CL-2601-004,23,CL-2601-004,23,5,6
BS-2601-002,10,3,6,DT-EQP-02_20260512T0000_T15,9,6,WF.010423,CL-2601-004,23,CL-2601-004,23,8,3
BS-2601-002,10,3,4,DT-EQP-02_20260512T0000_T15,9,8,WF.010123,CL-2601-001,23,CL-2601-001,23,11,7
BS-2601-002,10,2,6,DT-EQP-02_20260512T0000_T15,10,6,WF.010123,CL-2601-001,23,CL-2601-001,23,1,7
BS-2601-002,10,1,9,DT-EQP-02_20260512T0000_T15,11,3,WF.010423,CL-2601-004,23,CL-2601-004,23,10,2
BS-2601-002,10,1,6,DT-EQP-02_20260512T0000_T15,11,6,WF.010123,CL-2601-001,23,CL-2601-001,23,9,1
BS-2601-002,10,1,4,DT-EQP-02_20260512T0000_T15,11,8,WF.010123,CL-2601-001,23,CL-2601-001,23,2,6
BS-2601-002,10,0,5,DT-EQP-02_20260512T0000_T15,12,7,WF.010123,CL-2601-001,23,CL-2601-001,23,9,10
BS-2601-002,11,12,6,DT-EQP-02_20260512T0000_T16,0,6,WF.010211,CL-2601-002,11,CL-2601-002-A4,11,6,7
BS-2601-002,11,11,9,DT-EQP-02_20260512T0000_T16,1,3,WF.010306,CL-2601-003,06,CL-2601-003,06,3,11
BS-2601-002,11,11,7,DT-EQP-02_20260512T0000_T16,1,5,WF.010812,CL-2601-008,12,CL-2601-008,12,5,8
BS-2601-002,11,11,6,DT-EQP-02_20260512T0000_T16,1,6,WF.010812,CL-2601-008,12,CL-2601-008,12,9,8
BS-2601-002,11,11,3,DT-EQP-02_20260512T0000_T16,1,9,WF.010211,CL-2601-002,11,CL-2601-002-A4,11,4,8
BS-2601-002,11,10,10,DT-EQP-02_20260512T0000_T16,2,2,WF.010812,CL-2601-008,12,CL-2601-008,12,5,3
BS-2601-002,11,10,9,DT-EQP-02_20260512T0000_T16,2,3,WF.010306,CL-2601-003,06,CL-2601-003,06,11,9
BS-2601-002,11,10,8,DT-EQP-02_20260512T0000_T16,2,4,WF.010812,CL-2601-008,12,CL-2601-008,12,1,4
BS-2601-002,11,10,7,DT-EQP-02_20260512T0000_T16,2,5,WF.010812,CL-2601-008,12,CL-2601-008,12,7,12
BS-2601-002,11,10,6,DT-EQP-02_20260512T0000_T16,2,6,WF.010211,CL-2601-002,11,CL-2601-002-A4,11,5,3
BS-2601-002,11,10,5,DT-EQP-02_20260512T0000_T16,2,7,WF.010211,CL-2601-002,11,CL-2601-002-A4,11,4,6
BS-2601-002,11,10,3,DT-EQP-02_20260512T0000_T16,2,9,WF.010211,CL-2601-002,11,CL-2601-002-A4,11,4,2
BS-2601-002,11,10,2,DT-EQP-02_20260512T0000_T16,2,10,WF.010211,CL-2601-002,11,CL-2601-002-A4,11,7,2
BS-2601-002,11,9,9,DT-EQP-02_20260512T0000_T16,3,3,WF.010211,CL-2601-002,11,CL-2601-002-A4,11,8,5
BS-2601-002,11,9,4,DT-EQP-02_20260512T0000_T16,3,8,WF.010812,CL-2601-008,12,CL-2601-008,12,10,10
BS-2601-002,11,9,3,DT-EQP-02_20260512T0000_T16,3,9,WF.010211,CL-2601-002,11,CL-2601-002-A4,11,11,8
BS-2601-002,11,8,11,DT-EQP-02_20260512T0000_T16,4,1,WF.010812,CL-2601-008,12,CL-2601-008,12,1,8
BS-2601-002,11,8,6,DT-EQP-02_20260512T0000_T16,4,6,WF.010812,CL-2601-008,12,CL-2601-008,12,10,4
BS-2601-002,11,8,5,DT-EQP-02_20260512T0000_T16,4,7,WF.010812,CL-2601-008,12,CL-2601-008,12,5,1
BS-2601-002,11,7,12,DT-EQP-02_20260512T0000_T16,5,0,WF.010812,CL-2601-008,12,CL-2601-008,12,2,3
BS-2601-002,11,7,10,DT-EQP-02_20260512T0000_T16,5,2,WF.010211,CL-2601-002,11,CL-2601-002-A4,11,9,11
BS-2601-002,11,7,9,DT-EQP-02_20260512T0000_T16,5,3,WF.010306,CL-2601-003,06,CL-2601-003,06,7,4
BS-2601-002,11,7,8,DT-EQP-02_20260512T0000_T16,5,4,WF.010812,CL-2601-008,12,CL-2601-008,12,3,9
BS-2601-002,11,7,7,DT-EQP-02_20260512T0000_T16,5,5,WF.010211,CL-2601-002,11,CL-2601-002-A4,11,10,6
BS-2601-002,11,7,3,DT-EQP-02_20260512T0000_T16,5,9,WF.010211,CL-2601-002,11,CL-2601-002-A4,11,0,7
BS-2601-002,11,7,0,DT-EQP-02_20260512T0000_T16,5,12,WF.010306,CL-2601-003,06,CL-2601-003,06,3,6
BS-2601-002,11,6,9,DT-EQP-02_20260512T0000_T16,6,3,WF.010812,CL-2601-008,12,CL-2601-008,12,7,2
BS-2601-002,11,6,8,DT-EQP-02_20260512T0000_T16,6,4,WF.010211,CL-2601-002,11,CL-2601-002-A4,11,5,0
BS-2601-002,11,6,7,DT-EQP-02_20260512T0000_T16,6,5,WF.010812,CL-2601-008,12,CL-2601-008,12,3,4
BS-2601-002,11,6,6,DT-EQP-02_20260512T0000_T16,6,6,WF.010812,CL-2601-008,12,CL-2601-008,12,8,10
BS-2601-002,11,6,3,DT-EQP-02_20260512T0000_T16,6,9,WF.010211,CL-2601-002,11,CL-2601-002-A4,11,7,7
BS-2601-002,11,6,2,DT-EQP-02_20260512T0000_T16,6,10,WF.010306,CL-2601-003,06,CL-2601-003,06,11,3
BS-2601-002,11,6,1,DT-EQP-02_20260512T0000_T16,6,11,WF.010306,CL-2601-003,06,CL-2601-003,06,8,5
BS-2601-002,11,6,0,DT-EQP-02_20260512T0000_T16,6,12,WF.010211,CL-2601-002,11,CL-2601-002-A4,11,6,3
BS-2601-002,11,5,10,DT-EQP-02_20260512T0000_T16,7,2,WF.010306,CL-2601-003,06,CL-2601-003,06,8,9
BS-2601-002,11,5,9,DT-EQP-02_20260512T0000_T16,7,3,WF.010306,CL-2601-003,06,CL-2601-003,06,1,3
BS-2601-002,11,5,8,DT-EQP-02_20260512T0000_T16,7,4,WF.010211,CL-2601-002,11,CL-2601-002-A4,11,10,2
BS-2601-002,11,5,7,DT-EQP-02_20260512T0000_T16,7,5,WF.010306,CL-2601-003,06,CL-2601-003,06,7,12
BS-2601-002,11,5,0,DT-EQP-02_20260512T0000_T16,7,12,WF.010306,CL-2601-003,06,CL-2601-003,06,8,4
BS-2601-002,11,4,7,DT-EQP-02_20260512T0000_T16,8,5,WF.010211,CL-2601-002,11,CL-2601-002-A4,11,6,11
BS-2601-002,11,4,3,DT-EQP-02_20260512T0000_T16,8,9,WF.010812,CL-2601-008,12,CL-2601-008,12,6,7
BS-2601-002,11,3,10,DT-EQP-02_20260512T0000_T16,9,2,WF.010812,CL-2601-008,12,CL-2601-008,12,4,11
BS-2601-002,11,3,9,DT-EQP-02_20260512T0000_T16,9,3,WF.010812,CL-2601-008,12,CL-2601-008,12,9,9
BS-2601-002,11,3,6,DT-EQP-02_20260512T0000_T16,9,6,WF.010812,CL-2601-008,12,CL-2601-008,12,7,8
BS-2601-002,11,2,8,DT-EQP-02_20260512T0000_T16,10,4,WF.010306,CL-2601-003,06,CL-2601-003,06,5,2
BS-2601-002,11,2,5,DT-EQP-02_20260512T0000_T16,10,7,WF.010306,CL-2601-003,06,CL-2601-003,06,6,10
BS-2601-002,11,2,4,DT-EQP-02_20260512T0000_T16,10,8,WF.010211,CL-2601-002,11,CL-2601-002-A4,11,9,10
BS-2601-002,11,1,9,DT-EQP-02_20260512T0000_T16,11,3,WF.010211,CL-2601-002,11,CL-2601-002-A4,11,9,6
BS-2601-002,11,1,3,DT-EQP-02_20260512T0000_T16,11,9,WF.010211,CL-2601-002,11,CL-2601-002-A4,11,11,4
BS-2601-002,11,0,5,DT-EQP-02_20260512T0000_T16,12,7,WF.010211,CL-2601-002,11,CL-2601-002-A4,11,3,3
BS-2601-002,12,11,9,DT-EQP-02_20260512T0000_T17,1,3,WF.010721,CL-2601-007,21,CL-2601-007-A2,21,4,11
BS-2601-002,12,11,7,DT-EQP-02_20260512T0000_T17,1,5,WF.010421,CL-2601-004,21,CL-2601-004,21,7,0
BS-2601-002,12,11,5,DT-EQP-02_20260512T0000_T17,1,7,WF.010416,CL-2601-004,16,CL-2601-004,16,1,5
BS-2601-002,12,11,3,DT-EQP-02_20260512T0000_T17,1,9,WF.010416,CL-2601-004,16,CL-2601-004,16,7,8
BS-2601-002,12,10,6,DT-EQP-02_20260512T0000_T17,2,6,WF.010421,CL-2601-004,21,CL-2601-004,21,1,8
BS-2601-002,12,10,4,DT-EQP-02_20260512T0000_T17,2,8,WF.010421,CL-2601-004,21,CL-2601-004,21,5,11
BS-2601-002,12,9,11,DT-EQP-02_20260512T0000_T17,3,1,WF.010416,CL-2601-004,16,CL-2601-004,16,7,2
BS-2601-002,12,9,7,DT-EQP-02_20260512T0000_T17,3,5,WF.010416,CL-2601-004,16,CL-2601-004,16,3,2
BS-2601-002,12,9,4,DT-EQP-02_20260512T0000_T17,3,8,WF.010416,CL-2601-004,16,CL-2601-004,16,2,8
BS-2601-002,12,8,6,DT-EQP-02_20260512T0000_T17,4,6,WF.010416,CL-2601-004,16,CL-2601-004,16,11,7
BS-2601-002,12,8,2,DT-EQP-02_20260512T0000_T17,4,10,WF.010421,CL-2601-004,21,CL-2601-004,21,11,4
BS-2601-002,12,7,12,DT-EQP-02_20260512T0000_T17,5,0,WF.010721,CL-2601-007,21,CL-2601-007-A2,21,12,6
BS-2601-002,12,7,4,DT-EQP-02_20260512T0000_T17,5,8,WF.010421,CL-2601-004,21,CL-2601-004,21,1,7
BS-2601-002,12,7,3,DT-EQP-02_20260512T0000_T17,5,9,WF.010416,CL-2601-004,16,CL-2601-004,16,1,4
BS-2601-002,12,7,2,DT-EQP-02_20260512T0000_T17,5,10,WF.010416,CL-2601-004,16,CL-2601-004,16,6,8
BS-2601-002,12,7,1,DT-EQP-02_20260512T0000_T17,5,11,WF.010721,CL-2601-007,21,CL-2601-007-A2,21,8,2
BS-2601-002,12,7,0,DT-EQP-02_20260512T0000_T17,5,12,WF.010721,CL-2601-007,21,CL-2601-007-A2,21,10,5
BS-2601-002,12,6,12,DT-EQP-02_20260512T0000_T17,6,0,WF.010721,CL-2601-007,21,CL-2601-007-A2,21,4,1
BS-2601-002,12,6,10,DT-EQP-02_20260512T0000_T17,6,2,WF.010421,CL-2601-004,21,CL-2601-004,21,8,1
BS-2601-002,12,6,8,DT-EQP-02_20260512T0000_T17,6,4,WF.010421,CL-2601-004,21,CL-2601-004,21,11,8
BS-2601-002,12,6,3,DT-EQP-02_20260512T0000_T17,6,9,WF.010421,CL-2601-004,21,CL-2601-004,21,7,8
BS-2601-002,12,6,2,DT-EQP-02_20260512T0000_T17,6,10,WF.010421,CL-2601-004,21,CL-2601-004,21,6,0
BS-2601-002,12,6,1,DT-EQP-02_20260512T0000_T17,6,11,WF.010416,CL-2601-004,16,CL-2601-004,16,3,6
BS-2601-002,12,6,0,DT-EQP-02_20260512T0000_T17,6,12,WF.010416,CL-2601-004,16,CL-2601-004,16,3,8
BS-2601-002,12,5,10,DT-EQP-02_20260512T0000_T17,7,2,WF.010416,CL-2601-004,16,CL-2601-004,16,11,5
BS-2601-002,12,5,8,DT-EQP-02_20260512T0000_T17,7,4,WF.010416,CL-2601-004,16,CL-2601-004,16,3,11
BS-2601-002,12,5,5,DT-EQP-02_20260512T0000_T17,7,7,WF.010721,CL-2601-007,21,CL-2601-007-A2,21,2,3
BS-2601-002,12,5,4,DT-EQP-02_20260512T0000_T17,7,8,WF.010416,CL-2601-004,16,CL-2601-004,16,1,9
BS-2601-002,12,5,2,DT-EQP-02_20260512T0000_T17,7,10,WF.010721,CL-2601-007,21,CL-2601-007-A2,21,11,3
BS-2601-002,12,4,11,DT-EQP-02_20260512T0000_T17,8,1,WF.010721,CL-2601-007,21,CL-2601-007-A2,21,5,0
BS-2601-002,12,3,10,DT-EQP-02_20260512T0000_T17,9,2,WF.010721,CL-2601-007,21,CL-2601-007-A2,21,0,6
BS-2601-002,12,3,6,DT-EQP-02_20260512T0000_T17,9,6,WF.010721,CL-2601-007,21,CL-2601-007-A2,21,1,6
BS-2601-002,12,2,8,DT-EQP-02_20260512T0000_T17,10,4,WF.010421,CL-2601-004,21,CL-2601-004,21,2,4
BS-2601-002,12,2,2,DT-EQP-02_20260512T0000_T17,10,10,WF.010416,CL-2601-004,16,CL-2601-004,16,6,3
BS-2601-002,12,1,9,DT-EQP-02_20260512T0000_T17,11,3,WF.010416,CL-2601-004,16,CL-2601-004,16,6,7
BS-2601-002,12,1,6,DT-EQP-02_20260512T0000_T17,11,6,WF.010416,CL-2601-004,16,CL-2601-004,16,10,9
BS-2601-002,12,1,5,DT-EQP-02_20260512T0000_T17,11,7,WF.010721,CL-2601-007,21,CL-2601-007-A2,21,11,8
BS-2601-002,12,0,5,DT-EQP-02_20260512T0000_T17,12,7,WF.010421,CL-2601-004,21,CL-2601-004,21,1,6
BS-2601-002,13,12,5,DT-EQP-02_20260512T0000_T18,0,7,WF.010220,CL-2601-002,20,CL-2601-002,20,6,1
BS-2601-002,13,11,8,DT-EQP-02_20260512T0000_T18,1,4,WF.010220,CL-2601-002,20,CL-2601-002,20,10,8
BS-2601-002,13,11,7,DT-EQP-02_20260512T0000_T18,1,5,WF.010516,CL-2601-005,16,CL-2601-005-A5,16,12,7
BS-2601-002,13,11,4,DT-EQP-02_20260512T0000_T18,1,8,WF.010516,CL-2601-005,16,CL-2601-005-A5,16,11,7
BS-2601-002,13,11,3,DT-EQP-02_20260512T0000_T18,1,9,WF.010220,CL-2601-002,20,CL-2601-002,20,6,9
BS-2601-002,13,10,10,DT-EQP-02_20260512T0000_T18,2,2,WF.010515,CL-2601-005,15,CL-2601-005-A5,15,4,7
BS-2601-002,13,9,11,DT-EQP-02_20260512T0000_T18,3,1,WF.010516,CL-2601-005,16,CL-2601-005-A5,16,9,8
BS-2601-002,13,9,9,DT-EQP-02_20260512T0000_T18,3,3,WF.010515,CL-2601-005,15,CL-2601-005-A5,15,2,10
BS-2601-002,13,9,6,DT-EQP-02_20260512T0000_T18,3,6,WF.010515,CL-2601-005,15,CL-2601-005-A5,15,8,9
BS-2601-002,13,9,4,DT-EQP-02_20260512T0000_T18,3,8,WF.010515,CL-2601-005,15,CL-2601-005-A5,15,1,9
BS-2601-002,13,8,6,DT-EQP-02_20260512T0000_T18,4,6,WF.010220,CL-2601-002,20,CL-2601-002,20,2,8
BS-2601-002,13,8,1,DT-EQP-02_20260512T0000_T18,4,11,WF.010516,CL-2601-005,16,CL-2601-005-A5,16,8,11
BS-2601-002,13,7,12,DT-EQP-02_20260512T0000_T18,5,0,WF.010220,CL-2601-002,20,CL-2601-002,20,10,10
BS-2601-002,13,7,10,DT-EQP-02_20260512T0000_T18,5,2,WF.010515,CL-2601-005,15,CL-2601-005-A5,15,9,5
BS-2601-002,13,7,6,DT-EQP-02_20260512T0000_T18,5,6,WF.010516,CL-2601-005,16,CL-2601-005-A5,16,8,5
BS-2601-002,13,7,4,DT-EQP-02_20260512T0000_T18,5,8,WF.010220,CL-2601-002,20,CL-2601-002,20,5,0
BS-2601-002,13,7,3,DT-EQP-02_20260512T0000_T18,5,9,WF.010220,CL-2601-002,20,CL-2601-002,20,2,9
BS-2601-002,13,7,2,DT-EQP-02_20260512T0000_T18,5,10,WF.010515,CL-2601-005,15,CL-2601-005-A5,15,4,5
BS-2601-002,13,6,12,DT-EQP-02_20260512T0000_T18,6,0,WF.010515,CL-2601-005,15,CL-2601-005-A5,15,1,4
BS-2601-002,13,6,10,DT-EQP-02_20260512T0000_T18,6,2,WF.010515,CL-2601-005,15,CL-2601-005-A5,15,6,10
BS-2601-002,13,6,8,DT-EQP-02_20260512T0000_T18,6,4,WF.010220,CL-2601-002,20,CL-2601-002,20,12,5
BS-2601-002,13,6,7,DT-EQP-02_20260512T0000_T18,6,5,WF.010220,CL-2601-002,20,CL-2601-002,20,7,11
BS-2601-002,13,6,3,DT-EQP-02_20260512T0000_T18,6,9,WF.010516,CL-2601-005,16,CL-2601-005-A5,16,9,9
BS-2601-002,13,6,1,DT-EQP-02_20260512T0000_T18,6,11,WF.010220,CL-2601-002,20,CL-2601-002,20,8,9
BS-2601-002,13,5,11,DT-EQP-02_20260512T0000_T18,7,1,WF.010220,CL-2601-002,20,CL-2601-002,20,7,0
BS-2601-002,13,5,10,DT-EQP-02_20260512T0000_T18,7,2,WF.010516,CL-2601-005,16,CL-2601-005-A5,16,4,9
BS-2601-002,13,5,9,DT-EQP-02_20260512T0000_T18,7,3,WF.010515,CL-2601-005,15,CL-2601-005-A5,15,3,7
BS-2601-002,13,5,8,DT-EQP-02_20260512T0000_T18,7,4,WF.010516,CL-2601-005,16,CL-2601-005-A5,16,5,6
BS-2601-002,13,5,1,DT-EQP-02_20260512T0000_T18,7,11,WF.010515,CL-2601-005,15,CL-2601-005-A5,15,5,10
BS-2601-002,13,4,11,DT-EQP-02_20260512T0000_T18,8,1,WF.010220,CL-2601-002,20,CL-2601-002,20,6,5
BS-2601-002,13,4,4,DT-EQP-02_20260512T0000_T18,8,8,WF.010220,CL-2601-002,20,CL-2601-002,20,11,3
BS-2601-002,13,4,1,DT-EQP-02_20260512T0000_T18,8,11,WF.010220,CL-2601-002,20,CL-2601-002,20,4,5
BS-2601-002,13,3,8,DT-EQP-02_20260512T0000_T18,9,4,WF.010516,CL-2601-005,16,CL-2601-005-A5,16,3,3
BS-2601-002,13,3,6,DT-EQP-02_20260512T0000_T18,9,6,WF.010220,CL-2601-002,20,CL-2601-002,20,2,7
BS-2601-002,13,2,10,DT-EQP-02_20260512T0000_T18,10,2,WF.010515,CL-2601-005,15,CL-2601-005-A5,15,7,9
BS-2601-002,13,2,6,DT-EQP-02_20260512T0000_T18,10,6,WF.010516,CL-2601-005,16,CL-2601-005-A5,16,11,3
BS-2601-002,13,2,4,DT-EQP-02_20260512T0000_T18,10,8,WF.010515,CL-2601-005,15,CL-2601-005-A5,15,0,7
BS-2601-002,13,2,3,DT-EQP-02_20260512T0000_T18,10,9,WF.010516,CL-2601-005,16,CL-2601-005-A5,16,0,7
BS-2601-002,13,1,9,DT-EQP-02_20260512T0000_T18,11,3,WF.010516,CL-2601-005,16,CL-2601-005-A5,16,4,3
BS-2601-002,13,1,7,DT-EQP-02_20260512T0000_T18,11,5,WF.010220,CL-2601-002,20,CL-2601-002,20,1,3
BS-2601-002,13,1,6,DT-EQP-02_20260512T0000_T18,11,6,WF.010516,CL-2601-005,16,CL-2601-005-A5,16,6,8
BS-2601-002,13,1,5,DT-EQP-02_20260512T0000_T18,11,7,WF.010220,CL-2601-002,20,CL-2601-002,20,7,8
BS-2601-002,13,1,3,DT-EQP-02_20260512T0000_T18,11,9,WF.010516,CL-2601-005,16,CL-2601-005-A5,16,10,10
BS-2601-002,14,11,9,DT-EQP-02_20260512T0000_T19,1,3,WF.010121,CL-2601-001,21,CL-2601-001,21,8,8
BS-2601-002,14,11,7,DT-EQP-02_20260512T0000_T19,1,5,WF.010405,CL-2601-004,05,CL-2601-004,05,7,7
BS-2601-002,14,11,5,DT-EQP-02_20260512T0000_T19,1,7,WF.010121,CL-2601-001,21,CL-2601-001,21,10,4
BS-2601-002,14,10,9,DT-EQP-02_20260512T0000_T19,2,3,WF.010121,CL-2601-001,21,CL-2601-001,21,11,5
BS-2601-002,14,10,8,DT-EQP-02_20260512T0000_T19,2,4,WF.010121,CL-2601-001,21,CL-2601-001,21,8,6
BS-2601-002,14,10,4,DT-EQP-02_20260512T0000_T19,2,8,WF.010121,CL-2601-001,21,CL-2601-001,21,3,3
BS-2601-002,14,9,11,DT-EQP-02_20260512T0000_T19,3,1,WF.010121,CL-2601-001,21,CL-2601-001,21,12,5
BS-2601-002,14,9,7,DT-EQP-02_20260512T0000_T19,3,5,WF.010121,CL-2601-001,21,CL-2601-001,21,5,12
BS-2601-002,14,9,5,DT-EQP-02_20260512T0000_T19,3,7,WF.010405,CL-2601-004,05,CL-2601-004,05,8,7
BS-2601-002,14,9,4,DT-EQP-02_20260512T0000_T19,3,8,WF.010121,CL-2601-001,21,CL-2601-001,21,0,6
BS-2601-002,14,8,11,DT-EQP-02_20260512T0000_T19,4,1,WF.010121,CL-2601-001,21,CL-2601-001,21,9,1
BS-2601-002,14,8,3,DT-EQP-02_20260512T0000_T19,4,9,WF.010405,CL-2601-004,05,CL-2601-004,05,3,1
BS-2601-002,14,8,1,DT-EQP-02_20260512T0000_T19,4,11,WF.010121,CL-2601-001,21,CL-2601-001,21,4,5
BS-2601-002,14,7,11,DT-EQP-02_20260512T0000_T19,5,1,WF.010121,CL-2601-001,21,CL-2601-001,21,7,4
BS-2601-002,14,7,9,DT-EQP-02_20260512T0000_T19,5,3,WF.010121,CL-2601-001,21,CL-2601-001,21,3,5
BS-2601-002,14,7,8,DT-EQP-02_20260512T0000_T19,5,4,WF.010121,CL-2601-001,21,CL-2601-001,21,10,9
BS-2601-002,14,7,3,DT-EQP-02_20260512T0000_T19,5,9,WF.010405,CL-2601-004,05,CL-2601-004,05,0,7
BS-2601-002,14,6,12,DT-EQP-02_20260512T0000_T19,6,0,WF.010121,CL-2601-001,21,CL-2601-001,21,10,8
BS-2601-002,14,6,7,DT-EQP-02_20260512T0000_T19,6,5,WF.010121,CL-2601-001,21,CL-2601-001,21,6,12
BS-2601-002,14,5,9,DT-EQP-02_20260512T0000_T19,7,3,WF.010121,CL-2601-001,21,CL-2601-001,21,6,6
BS-2601-002,14,5,8,DT-EQP-02_20260512T0000_T19,7,4,WF.010405,CL-2601-004,05,CL-2601-004,05,6,1
BS-2601-002,14,5,6,DT-EQP-02_20260512T0000_T19,7,6,WF.010121,CL-2601-001,21,CL-2601-001,21,11,9
BS-2601-002,14,5,4,DT-EQP-02_20260512T0000_T19,7,8,WF.010121,CL-2601-001,21,CL-2601-001,21,2,10
BS-2601-002,14,5,3,DT-EQP-02_20260512T0000_T19,7,9,WF.010405,CL-2601-004,05,CL-2601-004,05,1,8
BS-2601-002,14,4,11,DT-EQP-02_20260512T0000_T19,8,1,WF.010405,CL-2601-004,05,CL-2601-004,05,5,1
BS-2601-002,14,4,10,DT-EQP-02_20260512T0000_T19,8,2,WF.010405,CL-2601-004,05,CL-2601-004,05,6,6
BS-2601-002,14,4,5,DT-EQP-02_20260512T0000_T19,8,7,WF.010121,CL-2601-001,21,CL-2601-001,21,10,5
BS-2601-002,14,4,3,DT-EQP-02_20260512T0000_T19,8,9,WF.010121,CL-2601-001,21,CL-2601-001,21,0,5
BS-2601-002,14,4,2,DT-EQP-02_20260512T0000_T19,8,10,WF.010121,CL-2601-001,21,CL-2601-001,21,3,4
BS-2601-002,14,3,11,DT-EQP-02_20260512T0000_T19,9,1,WF.010121,CL-2601-001,21,CL-2601-001,21,9,9
BS-2601-002,14,3,10,DT-EQP-02_20260512T0000_T19,9,2,WF.010121,CL-2601-001,21,CL-2601-001,21,1,5
BS-2601-002,14,3,8,DT-EQP-02_20260512T0000_T19,9,4,WF.010121,CL-2601-001,21,CL-2601-001,21,11,6
BS-2601-002,14,3,5,DT-EQP-02_20260512T0000_T19,9,7,WF.010405,CL-2601-004,05,CL-2601-004,05,5,8
BS-2601-002,14,3,4,DT-EQP-02_20260512T0000_T19,9,8,WF.010121,CL-2601-001,21,CL-2601-001,21,12,7
BS-2601-002,14,3,2,DT-EQP-02_20260512T0000_T19,9,10,WF.010121,CL-2601-001,21,CL-2601-001,21,3,2
BS-2601-002,14,2,8,DT-EQP-02_20260512T0000_T19,10,4,WF.010121,CL-2601-001,21,CL-2601-001,21,6,3
BS-2601-002,14,2,4,DT-EQP-02_20260512T0000_T19,10,8,WF.010121,CL-2601-001,21,CL-2601-001,21,12,6
BS-2601-002,14,1,9,DT-EQP-02_20260512T0000_T19,11,3,WF.010121,CL-2601-001,21,CL-2601-001,21,5,5
BS-2601-002,14,1,8,DT-EQP-02_20260512T0000_T19,11,4,WF.010405,CL-2601-004,05,CL-2601-004,05,2,3
BS-2601-002,14,1,7,DT-EQP-02_20260512T0000_T19,11,5,WF.010405,CL-2601-004,05,CL-2601-004,05,8,9
BS-2601-002,14,1,5,DT-EQP-02_20260512T0000_T19,11,7,WF.010405,CL-2601-004,05,CL-2601-004,05,8,11
BS-2601-002,15,12,7,DT-EQP-02_20260512T0000_T20,0,5,WF.010716,CL-2601-007,16,CL-2601-007-A2-A6-A8,16,10,4
BS-2601-002,15,11,4,DT-EQP-02_20260512T0000_T20,1,8,WF.010713,CL-2601-007,13,CL-2601-007-A2-A3,13,8,2
BS-2601-002,15,10,9,DT-EQP-02_20260512T0000_T20,2,3,WF.010716,CL-2601-007,16,CL-2601-007-A2-A6-A8,16,8,10
BS-2601-002,15,10,7,DT-EQP-02_20260512T0000_T20,2,5,WF.010713,CL-2601-007,13,CL-2601-007-A2-A3,13,7,5
BS-2601-002,15,10,5,DT-EQP-02_20260512T0000_T20,2,7,WF.010716,CL-2601-007,16,CL-2601-007-A2-A6-A8,16,1,3
BS-2601-002,15,9,10,DT-EQP-02_20260512T0000_T20,3,2,WF.010716,CL-2601-007,16,CL-2601-007-A2-A6-A8,16,11,5
BS-2601-002,15,9,8,DT-EQP-02_20260512T0000_T20,3,4,WF.010716,CL-2601-007,16,CL-2601-007-A2-A6-A8,16,4,1
BS-2601-002,15,9,7,DT-EQP-02_20260512T0000_T20,3,5,WF.010607,CL-2601-006,07,CL-2601-006,07,9,9
BS-2601-002,15,9,6,DT-EQP-02_20260512T0000_T20,3,6,WF.010716,CL-2601-007,16,CL-2601-007-A2-A6-A8,16,4,3
BS-2601-002,15,9,5,DT-EQP-02_20260512T0000_T20,3,7,WF.010716,CL-2601-007,16,CL-2601-007-A2-A6-A8,16,4,2
BS-2601-002,15,9,2,DT-EQP-02_20260512T0000_T20,3,10,WF.010713,CL-2601-007,13,CL-2601-007-A2-A3,13,2,8
BS-2601-002,15,8,7,DT-EQP-02_20260512T0000_T20,4,5,WF.010713,CL-2601-007,13,CL-2601-007-A2-A3,13,10,6
BS-2601-002,15,8,6,DT-EQP-02_20260512T0000_T20,4,6,WF.010713,CL-2601-007,13,CL-2601-007-A2-A3,13,5,3
BS-2601-002,15,8,5,DT-EQP-02_20260512T0000_T20,4,7,WF.010713,CL-2601-007,13,CL-2601-007-A2-A3,13,10,3
BS-2601-002,15,8,3,DT-EQP-02_20260512T0000_T20,4,9,WF.010607,CL-2601-006,07,CL-2601-006,07,9,1
BS-2601-002,15,7,12,DT-EQP-02_20260512T0000_T20,5,0,WF.010713,CL-2601-007,13,CL-2601-007-A2-A3,13,5,7
BS-2601-002,15,7,10,DT-EQP-02_20260512T0000_T20,5,2,WF.010716,CL-2601-007,16,CL-2601-007-A2-A6-A8,16,10,8
BS-2601-002,15,7,7,DT-EQP-02_20260512T0000_T20,5,5,WF.010716,CL-2601-007,16,CL-2601-007-A2-A6-A8,16,10,10
BS-2601-002,15,7,5,DT-EQP-02_20260512T0000_T20,5,7,WF.010716,CL-2601-007,16,CL-2601-007-A2-A6-A8,16,10,6
BS-2601-002,15,7,4,DT-EQP-02_20260512T0000_T20,5,8,WF.010607,CL-2601-006,07,CL-2601-006,07,2,6
BS-2601-002,15,7,3,DT-EQP-02_20260512T0000_T20,5,9,WF.010713,CL-2601-007,13,CL-2601-007-A2-A3,13,2,10
BS-2601-002,15,6,8,DT-EQP-02_20260512T0000_T20,6,4,WF.010713,CL-2601-007,13,CL-2601-007-A2-A3,13,10,4
BS-2601-002,15,6,3,DT-EQP-02_20260512T0000_T20,6,9,WF.010716,CL-2601-007,16,CL-2601-007-A2-A6-A8,16,9,10
BS-2601-002,15,5,10,DT-EQP-02_20260512T0000_T20,7,2,WF.010713,CL-2601-007,13,CL-2601-007-A2-A3,13,3,4
BS-2601-002,15,5,4,DT-EQP-02_20260512T0000_T20,7,8,WF.010713,CL-2601-007,13,CL-2601-007-A2-A3,13,11,6
BS-2601-002,15,5,3,DT-EQP-02_20260512T0000_T20,7,9,WF.010713,CL-2601-007,13,CL-2601-007-A2-A3,13,5,4
BS-2601-002,15,5,2,DT-EQP-02_20260512T0000_T20,7,10,WF.010716,CL-2601-007,16,CL-2601-007-A2-A6-A8,16,7,8
BS-2601-002,15,5,0,DT-EQP-02_20260512T0000_T20,7,12,WF.010716,CL-2601-007,16,CL-2601-007-A2-A6-A8,16,7,7
BS-2601-002,15,4,11,DT-EQP-02_20260512T0000_T20,8,1,WF.010716,CL-2601-007,16,CL-2601-007-A2-A6-A8,16,3,2
BS-2601-002,15,4,7,DT-EQP-02_20260512T0000_T20,8,5,WF.010607,CL-2601-006,07,CL-2601-006,07,5,9
BS-2601-002,15,4,6,DT-EQP-02_20260512T0000_T20,8,6,WF.010716,CL-2601-007,16,CL-2601-007-A2-A6-A8,16,9,8
BS-2601-002,15,4,5,DT-EQP-02_20260512T0000_T20,8,7,WF.010716,CL-2601-007,16,CL-2601-007-A2-A6-A8,16,3,7
BS-2601-002,15,4,3,DT-EQP-02_20260512T0000_T20,8,9,WF.010713,CL-2601-007,13,CL-2601-007-A2-A3,13,4,6
BS-2601-002,15,3,10,DT-EQP-02_20260512T0000_T20,9,2,WF.010716,CL-2601-007,16,CL-2601-007-A2-A6-A8,16,8,3
BS-2601-002,15,3,7,DT-EQP-02_20260512T0000_T20,9,5,WF.010716,CL-2601-007,16,CL-2601-007-A2-A6-A8,16,11,6
BS-2601-002,15,3,6,DT-EQP-02_20260512T0000_T20,9,6,WF.010716,CL-2601-007,16,CL-2601-007-A2-A6-A8,16,6,2
BS-2601-002,15,3,2,DT-EQP-02_20260512T0000_T20,9,10,WF.010713,CL-2601-007,13,CL-2601-007-A2-A3,13,6,3
BS-2601-002,15,2,7,DT-EQP-02_20260512T0000_T20,10,5,WF.010716,CL-2601-007,16,CL-2601-007-A2-A6-A8,16,4,8
BS-2601-002,15,2,3,DT-EQP-02_20260512T0000_T20,10,9,WF.010713,CL-2601-007,13,CL-2601-007-A2-A3,13,6,11
BS-2601-002,15,1,8,DT-EQP-02_20260512T0000_T20,11,4,WF.010716,CL-2601-007,16,CL-2601-007-A2-A6-A8,16,1,8
BS-2601-002,15,0,7,DT-EQP-02_20260512T0000_T20,12,5,WF.010713,CL-2601-007,13,CL-2601-007-A2-A3,13,7,4
BS-2601-002,15,0,5,DT-EQP-02_20260512T0000_T20,12,7,WF.010713,CL-2601-007,13,CL-2601-007-A2-A3,13,7,6
BS-2601-002,16,12,6,DT-EQP-01_20260513T0000_T01,0,6,WF.010124,CL-2601-001,24,CL-2601-001,24,6,11
BS-2601-002,16,12,5,DT-EQP-01_20260513T0000_T01,0,7,WF.010124,CL-2601-001,24,CL-2601-001,24,3,10
BS-2601-002,16,11,7,DT-EQP-01_20260513T0000_T01,1,5,WF.010422,CL-2601-004,22,CL-2601-004,22,8,9
BS-2601-002,16,11,5,DT-EQP-01_20260513T0000_T01,1,7,WF.010323,CL-2601-003,23,CL-2601-003,23,4,1
BS-2601-002,16,10,10,DT-EQP-01_20260513T0000_T01,2,2,WF.010323,CL-2601-003,23,CL-2601-003,23,8,10
BS-2601-002,16,10,9,DT-EQP-01_20260513T0000_T01,2,3,WF.010323,CL-2601-003,23,CL-2601-003,23,9,10
BS-2601-002,16,10,6,DT-EQP-01_20260513T0000_T01,2,6,WF.010323,CL-2601-003,23,CL-2601-003,23,9,11
BS-2601-002,16,10,4,DT-EQP-01_20260513T0000_T01,2,8,WF.010323,CL-2601-003,23,CL-2601-003,23,7,10
BS-2601-002,16,10,3,DT-EQP-01_20260513T0000_T01,2,9,WF.010124,CL-2601-001,24,CL-2601-001,24,8,6
BS-2601-002,16,10,2,DT-EQP-01_20260513T0000_T01,2,10,WF.010124,CL-2601-001,24,CL-2601-001,24,9,7
BS-2601-002,16,9,10,DT-EQP-01_20260513T0000_T01,3,2,WF.010323,CL-2601-003,23,CL-2601-003,23,8,1
BS-2601-002,16,9,8,DT-EQP-01_20260513T0000_T01,3,4,WF.010422,CL-2601-004,22,CL-2601-004,22,3,6
BS-2601-002,16,9,4,DT-EQP-01_20260513T0000_T01,3,8,WF.010422,CL-2601-004,22,CL-2601-004,22,8,8
BS-2601-002,16,8,11,DT-EQP-01_20260513T0000_T01,4,1,WF.010422,CL-2601-004,22,CL-2601-004,22,7,6
BS-2601-002,16,8,10,DT-EQP-01_20260513T0000_T01,4,2,WF.010422,CL-2601-004,22,CL-2601-004,22,8,7
BS-2601-002,16,8,9,DT-EQP-01_20260513T0000_T01,4,3,WF.010124,CL-2601-001,24,CL-2601-001,24,5,2
BS-2601-002,16,8,6,DT-EQP-01_20260513T0000_T01,4,6,WF.010323,CL-2601-003,23,CL-2601-003,23,10,6
BS-2601-002,16,8,4,DT-EQP-01_20260513T0000_T01,4,8,WF.010124,CL-2601-001,24,CL-2601-001,24,4,8
BS-2601-002,16,8,3,DT-EQP-01_20260513T0000_T01,4,9,WF.010323,CL-2601-003,23,CL-2601-003,23,1,4
BS-2601-002,16,8,2,DT-EQP-01_20260513T0000_T01,4,10,WF.010323,CL-2601-003,23,CL-2601-003,23,7,9
BS-2601-002,16,7,6,DT-EQP-01_20260513T0000_T01,5,6,WF.010323,CL-2601-003,23,CL-2601-003,23,2,9
BS-2601-002,16,7,1,DT-EQP-01_20260513T0000_T01,5,11,WF.010422,CL-2601-004,22,CL-2601-004,22,4,3
BS-2601-002,16,6,12,DT-EQP-01_20260513T0000_T01,6,0,WF.010422,CL-2601-004,22,CL-2601-004,22,10,10
BS-2601-002,16,6,10,DT-EQP-01_20260513T0000_T01,6,2,WF.010323,CL-2601-003,23,CL-2601-003,23,2,2
BS-2601-002,16,6,8,DT-EQP-01_20260513T0000_T01,6,4,WF.010422,CL-2601-004,22,CL-2601-004,22,9,10
BS-2601-002,16,6,7,DT-EQP-01_20260513T0000_T01,6,5,WF.010323,CL-2601-003,23,CL-2601-003,23,4,10
BS-2601-002,16,6,4,DT-EQP-01_20260513T0000_T01,6,8,WF.010323,CL-2601-003,23,CL-2601-003,23,4,4
BS-2601-002,16,6,0,DT-EQP-01_20260513T0000_T01,6,12,WF.010422,CL-2601-004,22,CL-2601-004,22,3,8
BS-2601-002,16,5,11,DT-EQP-01_20260513T0000_T01,7,1,WF.010422,CL-2601-004,22,CL-2601-004,22,2,9
BS-2601-002,16,5,1,DT-EQP-01_20260513T0000_T01,7,11,WF.010323,CL-2601-003,23,CL-2601-003,23,12,5
BS-2601-002,16,5,0,DT-EQP-01_20260513T0000_T01,7,12,WF.010323,CL-2601-003,23,CL-2601-003,23,3,10
BS-2601-002,16,4,10,DT-EQP-01_20260513T0000_T01,8,2,WF.010422,CL-2601-004,22,CL-2601-004,22,10,6
BS-2601-002,16,4,9,DT-EQP-01_20260513T0000_T01,8,3,WF.010124,CL-2601-001,24,CL-2601-001,24,7,0
BS-2601-002,16,4,8,DT-EQP-01_20260513T0000_T01,8,4,WF.010323,CL-2601-003,23,CL-2601-003,23,11,9
BS-2601-002,16,4,4,DT-EQP-01_20260513T0000_T01,8,8,WF.010422,CL-2601-004,22,CL-2601-004,22,8,1
BS-2601-002,16,4,3,DT-EQP-01_20260513T0000_T01,8,9,WF.010422,CL-2601-004,22,CL-2601-004,22,11,4
BS-2601-002,16,4,2,DT-EQP-01_20260513T0000_T01,8,10,WF.010323,CL-2601-003,23,CL-2601-003,23,4,6
BS-2601-002,16,3,10,DT-EQP-01_20260513T0000_T01,9,2,WF.010124,CL-2601-001,24,CL-2601-001,24,5,12
BS-2601-002,16,3,4,DT-EQP-01_20260513T0000_T01,9,8,WF.010124,CL-2601-001,24,CL-2601-001,24,6,8
BS-2601-002,16,3,2,DT-EQP-01_20260513T0000_T01,9,10,WF.010124,CL-2601-001,24,CL-2601-001,24,6,12
BS-2601-002,16,2,8,DT-EQP-01_20260513T0000_T01,10,4,WF.010323,CL-2601-003,23,CL-2601-003,23,4,2
BS-2601-002,16,2,6,DT-EQP-01_20260513T0000_T01,10,6,WF.010124,CL-2601-001,24,CL-2601-001,24,5,7
BS-2601-002,16,2,4,DT-EQP-01_20260513T0000_T01,10,8,WF.010323,CL-2601-003,23,CL-2601-003,23,12,6
BS-2601-002,16,2,2,DT-EQP-01_20260513T0000_T01,10,10,WF.010323,CL-2601-003,23,CL-2601-003,23,6,11
BS-2601-002,16,1,7,DT-EQP-01_20260513T0000_T01,11,5,WF.010422,CL-2601-004,22,CL-2601-004,22,10,9
BS-2601-002,16,1,5,DT-EQP-01_20260513T0000_T01,11,7,WF.010124,CL-2601-001,24,CL-2601-001,24,1,5
BS-2601-002,16,1,4,DT-EQP-01_20260513T0000_T01,11,8,WF.010422,CL-2601-004,22,CL-2601-004,22,6,8
BS-2601-002,16,0,5,DT-EQP-01_20260513T0000_T01,12,7,WF.010124,CL-2601-001,24,CL-2601-001,24,3,9
BS-2601-002,17,12,7,DT-EQP-01_20260513T0000_T02,0,5,WF.010205,CL-2601-002,05,CL-2601-002-A4,05,1,8
BS-2601-002,17,11,6,DT-EQP-01_20260513T0000_T02,1,6,WF.010509,CL-2601-005,09,CL-2601-005-A5,09,8,11
BS-2601-002,17,11,3,DT-EQP-01_20260513T0000_T02,1,9,WF.010205,CL-2601-002,05,CL-2601-002-A4,05,7,1
BS-2601-002,17,10,7,DT-EQP-01_20260513T0000_T02,2,5,WF.010509,CL-2601-005,09,CL-2601-005-A5,09,6,10
BS-2601-002,17,10,4,DT-EQP-01_20260513T0000_T02,2,8,WF.010509,CL-2601-005,09,CL-2601-005-A5,09,6,0
BS-2601-002,17,9,8,DT-EQP-01_20260513T0000_T02,3,4,WF.010205,CL-2601-002,05,CL-2601-002-A4,05,7,11
BS-2601-002,17,9,7,DT-EQP-01_20260513T0000_T02,3,5,WF.010509,CL-2601-005,09,CL-2601-005-A5,09,10,4
BS-2601-002,17,9,4,DT-EQP-01_20260513T0000_T02,3,8,WF.010324,CL-2601-003,24,CL-2601-003,24,4,3
BS-2601-002,17,8,11,DT-EQP-01_20260513T0000_T02,4,1,WF.010205,CL-2601-002,05,CL-2601-002-A4,05,5,2
BS-2601-002,17,8,6,DT-EQP-01_20260513T0000_T02,4,6,WF.010324,CL-2601-003,24,CL-2601-003,24,7,12
BS-2601-002,17,8,3,DT-EQP-01_20260513T0000_T02,4,9,WF.010324,CL-2601-003,24,CL-2601-003,24,5,7
BS-2601-002,17,8,2,DT-EQP-01_20260513T0000_T02,4,10,WF.010205,CL-2601-002,05,CL-2601-002-A4,05,11,3
BS-2601-002,17,8,1,DT-EQP-01_20260513T0000_T02,4,11,WF.010324,CL-2601-003,24,CL-2601-003,24,4,6
BS-2601-002,17,7,9,DT-EQP-01_20260513T0000_T02,5,3,WF.010205,CL-2601-002,05,CL-2601-002-A4,05,6,8
BS-2601-002,17,7,7,DT-EQP-01_20260513T0000_T02,5,5,WF.010324,CL-2601-003,24,CL-2601-003,24,9,3
BS-2601-002,17,7,4,DT-EQP-01_20260513T0000_T02,5,8,WF.010324,CL-2601-003,24,CL-2601-003,24,9,1
BS-2601-002,17,7,3,DT-EQP-01_20260513T0000_T02,5,9,WF.010509,CL-2601-005,09,CL-2601-005-A5,09,6,5
BS-2601-002,17,6,9,DT-EQP-01_20260513T0000_T02,6,3,WF.010205,CL-2601-002,05,CL-2601-002-A4,05,11,4
BS-2601-002,17,6,8,DT-EQP-01_20260513T0000_T02,6,4,WF.010324,CL-2601-003,24,CL-2601-003,24,9,2
BS-2601-002,17,6,7,DT-EQP-01_20260513T0000_T02,6,5,WF.010324,CL-2601-003,24,CL-2601-003,24,7,5
BS-2601-002,17,6,2,DT-EQP-01_20260513T0000_T02,6,10,WF.010205,CL-2601-002,05,CL-2601-002-A4,05,7,12
BS-2601-002,17,5,7,DT-EQP-01_20260513T0000_T02,7,5,WF.010324,CL-2601-003,24,CL-2601-003,24,12,6
BS-2601-002,17,5,6,DT-EQP-01_20260513T0000_T02,7,6,WF.010205,CL-2601-002,05,CL-2601-002-A4,05,8,10
BS-2601-002,17,5,3,DT-EQP-01_20260513T0000_T02,7,9,WF.010324,CL-2601-003,24,CL-2601-003,24,7,7
BS-2601-002,17,4,8,DT-EQP-01_20260513T0000_T02,8,4,WF.010509,CL-2601-005,09,CL-2601-005-A5,09,1,5
BS-2601-002,17,4,7,DT-EQP-01_20260513T0000_T02,8,5,WF.010509,CL-2601-005,09,CL-2601-005-A5,09,2,3
BS-2601-002,17,4,5,DT-EQP-01_20260513T0000_T02,8,7,WF.010509,CL-2601-005,09,CL-2601-005-A5,09,5,5
BS-2601-002,17,3,11,DT-EQP-01_20260513T0000_T02,9,1,WF.010205,CL-2601-002,05,CL-2601-002-A4,05,6,12
BS-2601-002,17,3,4,DT-EQP-01_20260513T0000_T02,9,8,WF.010205,CL-2601-002,05,CL-2601-002-A4,05,2,2
BS-2601-002,17,3,1,DT-EQP-01_20260513T0000_T02,9,11,WF.010509,CL-2601-005,09,CL-2601-005-A5,09,11,8
BS-2601-002,17,2,10,DT-EQP-01_20260513T0000_T02,10,2,WF.010324,CL-2601-003,24,CL-2601-003,24,10,5
BS-2601-002,17,2,4,DT-EQP-01_20260513T0000_T02,10,8,WF.010509,CL-2601-005,09,CL-2601-005-A5,09,6,1
BS-2601-002,17,2,3,DT-EQP-01_20260513T0000_T02,10,9,WF.010509,CL-2601-005,09,CL-2601-005-A5,09,7,0
BS-2601-002,17,1,7,DT-EQP-01_20260513T0000_T02,11,5,WF.010324,CL-2601-003,24,CL-2601-003,24,11,3
BS-2601-002,17,1,6,DT-EQP-01_20260513T0000_T02,11,6,WF.010509,CL-2601-005,09,CL-2601-005-A5,09,6,4
BS-2601-002,17,1,4,DT-EQP-01_20260513T0000_T02,11,8,WF.010205,CL-2601-002,05,CL-2601-002-A4,05,4,4
BS-2601-002,17,0,5,DT-EQP-01_20260513T0000_T02,12,7,WF.010509,CL-2601-005,09,CL-2601-005-A5,09,2,10
BS-2601-002,18,12,5,DT-EQP-01_20260513T0000_T03,0,7,WF.010319,CL-2601-003,19,CL-2601-003,19,9,10
BS-2601-002,18,11,9,DT-EQP-01_20260513T0000_T03,1,3,WF.010203,CL-2601-002,03,CL-2601-002,03,9,8
BS-2601-002,18,11,8,DT-EQP-01_20260513T0000_T03,1,4,WF.010420,CL-2601-004,20,CL-2601-004,20,6,5
BS-2601-002,18,11,7,DT-EQP-01_20260513T0000_T03,1,5,WF.010420,CL-2601-004,20,CL-2601-004,20,11,7
BS-2601-002,18,11,6,DT-EQP-01_20260513T0000_T03,1,6,WF.010203,CL-2601-002,03,CL-2601-002,03,1,4
BS-2601-002,18,11,5,DT-EQP-01_20260513T0000_T03,1,7,WF.010203,CL-2601-002,03,CL-2601-002,03,3,5
BS-2601-002,18,11,3,DT-EQP-01_20260513T0000_T03,1,9,WF.010420,CL-2601-004,20,CL-2601-004,20,1,7
BS-2601-002,18,10,8,DT-EQP-01_20260513T0000_T03,2,4,WF.010319,CL-2601-003,19,CL-2601-003,19,0,7
BS-2601-002,18,9,7,DT-EQP-01_20260513T0000_T03,3,5,WF.010203,CL-2601-002,03,CL-2601-002,03,12,5
BS-2601-002,18,9,5,DT-EQP-01_20260513T0000_T03,3,7,WF.010420,CL-2601-004,20,CL-2601-004,20,10,10
BS-2601-002,18,9,4,DT-EQP-01_20260513T0000_T03,3,8,WF.010203,CL-2601-002,03,CL-2601-002,03,5,1
BS-2601-002,18,9,2,DT-EQP-01_20260513T0000_T03,3,10,WF.010319,CL-2601-003,19,CL-2601-003,19,5,8
BS-2601-002,18,9,1,DT-EQP-01_20260513T0000_T03,3,11,WF.010420,CL-2601-004,20,CL-2601-004,20,8,9
BS-2601-002,18,8,10,DT-EQP-01_20260513T0000_T03,4,2,WF.010203,CL-2601-002,03,CL-2601-002,03,11,9
BS-2601-002,18,8,7,DT-EQP-01_20260513T0000_T03,4,5,WF.010319,CL-2601-003,19,CL-2601-003,19,1,5
BS-2601-002,18,8,5,DT-EQP-01_20260513T0000_T03,4,7,WF.010319,CL-2601-003,19,CL-2601-003,19,4,7
BS-2601-002,18,8,2,DT-EQP-01_20260513T0000_T03,4,10,WF.010203,CL-2601-002,03,CL-2601-002,03,4,2
BS-2601-002,18,7,11,DT-EQP-01_20260513T0000_T03,5,1,WF.010319,CL-2601-003,19,CL-2601-003,19,3,3
BS-2601-002,18,7,7,DT-EQP-01_20260513T0000_T03,5,5,WF.010420,CL-2601-004,20,CL-2601-004,20,4,1
BS-2601-002,18,7,2,DT-EQP-01_20260513T0000_T03,5,10,WF.010319,CL-2601-003,19,CL-2601-003,19,5,2
BS-2601-002,18,7,0,DT-EQP-01_20260513T0000_T03,5,12,WF.010203,CL-2601-002,03,CL-2601-002,03,8,5
BS-2601-002,18,6,8,DT-EQP-01_20260513T0000_T03,6,4,WF.010420,CL-2601-004,20,CL-2601-004,20,2,5
BS-2601-002,18,6,4,DT-EQP-01_20260513T0000_T03,6,8,WF.010319,CL-2601-003,19,CL-2601-003,19,2,2
BS-2601-002,18,6,3,DT-EQP-01_20260513T0000_T03,6,9,WF.010319,CL-2601-003,19,CL-2601-003,19,6,5
BS-2601-002,18,6,1,DT-EQP-01_20260513T0000_T03,6,11,WF.010203,CL-2601-002,03,CL-2601-002,03,6,3
BS-2601-002,18,6,0,DT-EQP-01_20260513T0000_T03,6,12,WF.010420,CL-2601-004,20,CL-2601-004,20,5,1
BS-2601-002,18,5,10,DT-EQP-01_20260513T0000_T03,7,2,WF.010420,CL-2601-004,20,CL-2601-004,20,9,3
BS-2601-002,18,5,9,DT-EQP-01_20260513T0000_T03,7,3,WF.010203,CL-2601-002,03,CL-2601-002,03,5,5
BS-2601-002,18,5,7,DT-EQP-01_20260513T0000_T03,7,5,WF.010319,CL-2601-003,19,CL-2601-003,19,6,9
BS-2601-002,18,5,6,DT-EQP-01_20260513T0000_T03,7,6,WF.010203,CL-2601-002,03,CL-2601-002,03,6,7
BS-2601-002,18,5,5,DT-EQP-01_20260513T0000_T03,7,7,WF.010319,CL-2601-003,19,CL-2601-003,19,5,1
BS-2601-002,18,5,3,DT-EQP-01_20260513T0000_T03,7,9,WF.010319,CL-2601-003,19,CL-2601-003,19,6,10
BS-2601-002,18,5,1,DT-EQP-01_20260513T0000_T03,7,11,WF.010203,CL-2601-002,03,CL-2601-002,03,11,6
BS-2601-002,18,4,9,DT-EQP-01_20260513T0000_T03,8,3,WF.010203,CL-2601-002,03,CL-2601-002,03,10,3
BS-2601-002,18,4,7,DT-EQP-01_20260513T0000_T03,8,5,WF.010203,CL-2601-002,03,CL-2601-002,03,4,1
BS-2601-002,18,4,4,DT-EQP-01_20260513T0000_T03,8,8,WF.010319,CL-2601-003,19,CL-2601-003,19,0,6
BS-2601-002,18,4,3,DT-EQP-01_20260513T0000_T03,8,9,WF.010420,CL-2601-004,20,CL-2601-004,20,9,9
BS-2601-002,18,4,2,DT-EQP-01_20260513T0000_T03,8,10,WF.010319,CL-2601-003,19,CL-2601-003,19,3,2
BS-2601-002,18,4,1,DT-EQP-01_20260513T0000_T03,8,11,WF.010203,CL-2601-002,03,CL-2601-002,03,0,7
BS-2601-002,18,3,11,DT-EQP-01_20260513T0000_T03,9,1,WF.010319,CL-2601-003,19,CL-2601-003,19,4,3
BS-2601-002,18,3,10,DT-EQP-01_20260513T0000_T03,9,2,WF.010203,CL-2601-002,03,CL-2601-002,03,9,2
BS-2601-002,18,3,8,DT-EQP-01_20260513T0000_T03,9,4,WF.010319,CL-2601-003,19,CL-2601-003,19,8,6
BS-2601-002,18,3,3,DT-EQP-01_20260513T0000_T03,9,9,WF.010203,CL-2601-002,03,CL-2601-002,03,4,6
BS-2601-002,18,2,3,DT-EQP-01_20260513T0000_T03,10,9,WF.010319,CL-2601-003,19,CL-2601-003,19,3,6
BS-2601-002,18,2,2,DT-EQP-01_20260513T0000_T03,10,10,WF.010420,CL-2601-004,20,CL-2601-004,20,1,5
BS-2601-002,18,1,5,DT-EQP-01_20260513T0000_T03,11,7,WF.010420,CL-2601-004,20,CL-2601-004,20,8,3
BS-2601-002,18,1,4,DT-EQP-01_20260513T0000_T03,11,8,WF.010420,CL-2601-004,20,CL-2601-004,20,5,6
BS-2601-002,18,1,3,DT-EQP-01_20260513T0000_T03,11,9,WF.010203,CL-2601-002,03,CL-2601-002,03,7,9
BS-2601-002,19,12,7,DT-EQP-01_20260513T0000_T04,0,5,WF.010317,CL-2601-003,17,CL-2601-003,17,11,7
BS-2601-002,19,12,6,DT-EQP-01_20260513T0000_T04,0,6,WF.010317,CL-2601-003,17,CL-2601-003,17,10,8
BS-2601-002,19,11,6,DT-EQP-01_20260513T0000_T04,1,6,WF.010317,CL-2601-003,17,CL-2601-003,17,7,5
BS-2601-002,19,10,10,DT-EQP-01_20260513T0000_T04,2,2,WF.010317,CL-2601-003,17,CL-2601-003,17,8,10
BS-2601-002,19,10,9,DT-EQP-01_20260513T0000_T04,2,3,WF.010317,CL-2601-003,17,CL-2601-003,17,11,4
BS-2601-002,19,10,8,DT-EQP-01_20260513T0000_T04,2,4,WF.010317,CL-2601-003,17,CL-2601-003,17,4,3
BS-2601-002,19,10,5,DT-EQP-01_20260513T0000_T04,2,7,WF.010317,CL-2601-003,17,CL-2601-003,17,3,5
BS-2601-002,19,10,4,DT-EQP-01_20260513T0000_T04,2,8,WF.010317,CL-2601-003,17,CL-2601-003,17,5,4
BS-2601-002,19,9,8,DT-EQP-01_20260513T0000_T04,3,4,WF.010317,CL-2601-003,17,CL-2601-003,17,8,7
BS-2601-002,19,9,6,DT-EQP-01_20260513T0000_T04,3,6,WF.010317,CL-2601-003,17,CL-2601-003,17,5,9
BS-2601-002,19,9,4,DT-EQP-01_20260513T0000_T04,3,8,WF.010317,CL-2601-003,17,CL-2601-003,17,1,9
BS-2601-002,19,9,3,DT-EQP-01_20260513T0000_T04,3,9,WF.010317,CL-2601-003,17,CL-2601-003,17,5,10
BS-2601-002,19,9,2,DT-EQP-01_20260513T0000_T04,3,10,WF.010317,CL-2601-003,17,CL-2601-003,17,0,6
BS-2601-002,19,8,10,DT-EQP-01_20260513T0000_T04,4,2,WF.010317,CL-2601-003,17,CL-2601-003,17,9,2
BS-2601-002,19,8,5,DT-EQP-01_20260513T0000_T04,4,7,WF.010317,CL-2601-003,17,CL-2601-003,17,4,1
BS-2601-002,19,8,4,DT-EQP-01_20260513T0000_T04,4,8,WF.010317,CL-2601-003,17,CL-2601-003,17,9,11
BS-2601-002,19,8,2,DT-EQP-01_20260513T0000_T04,4,10,WF.010317,CL-2601-003,17,CL-2601-003,17,7,2
BS-2601-002,19,7,11,DT-EQP-01_20260513T0000_T04,5,1,WF.010317,CL-2601-003,17,CL-2601-003,17,10,4
BS-2601-002,19,7,10,DT-EQP-01_20260513T0000_T04,5,2,WF.010317,CL-2601-003,17,CL-2601-003,17,2,6
BS-2601-002,19,7,6,DT-EQP-01_20260513T0000_T04,5,6,WF.010317,CL-2601-003,17,CL-2601-003,17,2,3
BS-2601-002,19,7,4,DT-EQP-01_20260513T0000_T04,5,8,WF.010317,CL-2601-003,17,CL-2601-003,17,10,9
BS-2601-002,19,6,12,DT-EQP-01_20260513T0000_T04,6,0,WF.010317,CL-2601-003,17,CL-2601-003,17,7,9
BS-2601-002,19,6,11,DT-EQP-01_20260513T0000_T04,6,1,WF.010317,CL-2601-003,17,CL-2601-003,17,6,8
BS-2601-002,19,6,10,DT-EQP-01_20260513T0000_T04,6,2,WF.010317,CL-2601-003,17,CL-2601-003,17,11,3
BS-2601-002,19,6,5,DT-EQP-01_20260513T0000_T04,6,7,WF.010317,CL-2601-003,17,CL-2601-003,17,10,5
BS-2601-002,19,6,0,DT-EQP-01_20260513T0000_T04,6,12,WF.010317,CL-2601-003,17,CL-2601-003,17,3,8
BS-2601-002,19,5,9,DT-EQP-01_20260513T0000_T04,7,3,WF.010317,CL-2601-003,17,CL-2601-003,17,4,5
BS-2601-002,19,5,7,DT-EQP-01_20260513T0000_T04,7,5,WF.010317,CL-2601-003,17,CL-2601-003,17,2,7
BS-2601-002,19,5,5,DT-EQP-01_20260513T0000_T04,7,7,WF.010317,CL-2601-003,17,CL-2601-003,17,9,4
BS-2601-002,19,5,4,DT-EQP-01_20260513T0000_T04,7,8,WF.010317,CL-2601-003,17,CL-2601-003,17,7,11
BS-2601-002,19,5,2,DT-EQP-01_20260513T0000_T04,7,10,WF.010317,CL-2601-003,17,CL-2601-003,17,9,3
BS-2601-002,19,5,1,DT-EQP-01_20260513T0000_T04,7,11,WF.010317,CL-2601-003,17,CL-2601-003,17,8,4
BS-2601-002,19,5,0,DT-EQP-01_20260513T0000_T04,7,12,WF.010317,CL-2601-003,17,CL-2601-003,17,4,11
BS-2601-002,19,4,9,DT-EQP-01_20260513T0000_T04,8,3,WF.010317,CL-2601-003,17,CL-2601-003,17,10,3
BS-2601-002,19,4,8,DT-EQP-01_20260513T0000_T04,8,4,WF.010317,CL-2601-003,17,CL-2601-003,17,8,2
BS-2601-002,19,4,4,DT-EQP-01_20260513T0000_T04,8,8,WF.010317,CL-2601-003,17,CL-2601-003,17,4,9
BS-2601-002,19,4,2,DT-EQP-01_20260513T0000_T04,8,10,WF.010317,CL-2601-003,17,CL-2601-003,17,1,4
BS-2601-002,19,3,11,DT-EQP-01_20260513T0000_T04,9,1,WF.010317,CL-2601-003,17,CL-2601-003,17,9,1
BS-2601-002,19,3,10,DT-EQP-01_20260513T0000_T04,9,2,WF.010317,CL-2601-003,17,CL-2601-003,17,5,6
BS-2601-002,19,2,6,DT-EQP-01_20260513T0000_T04,10,6,WF.010317,CL-2601-003,17,CL-2601-003,17,4,4
BS-2601-002,19,2,5,DT-EQP-01_20260513T0000_T04,10,7,WF.010317,CL-2601-003,17,CL-2601-003,17,7,7
BS-2601-002,19,1,7,DT-EQP-01_20260513T0000_T04,11,5,WF.010317,CL-2601-003,17,CL-2601-003,17,3,3
BS-2601-002,19,1,4,DT-EQP-01_20260513T0000_T04,11,8,WF.010317,CL-2601-003,17,CL-2601-003,17,6,3
BS-2601-002,19,1,3,DT-EQP-01_20260513T0000_T04,11,9,WF.010317,CL-2601-003,17,CL-2601-003,17,11,6
BS-2601-002,19,0,7,DT-EQP-01_20260513T0000_T04,12,5,WF.010317,CL-2601-003,17,CL-2601-003,17,5,7
BS-2601-002,19,0,5,DT-EQP-01_20260513T0000_T04,12,7,WF.010317,CL-2601-003,17,CL-2601-003,17,3,7
BS-2601-002,20,11,7,DT-EQP-01_20260513T0000_T05,1,5,WF.010302,CL-2601-003,02,CL-2601-003,02,5,0
BS-2601-002,20,10,9,DT-EQP-01_20260513T0000_T05,2,3,WF.010524,CL-2601-005,24,CL-2601-005-A5,24,9,8
BS-2601-002,20,10,7,DT-EQP-01_20260513T0000_T05,2,5,WF.010302,CL-2601-003,02,CL-2601-003,02,2,8
BS-2601-002,20,10,4,DT-EQP-01_20260513T0000_T05,2,8,WF.010302,CL-2601-003,02,CL-2601-003,02,10,6
BS-2601-002,20,10,3,DT-EQP-01_20260513T0000_T05,2,9,WF.010619,CL-2601-006,19,CL-2601-006,19,9,3
BS-2601-002,20,9,10,DT-EQP-01_20260513T0000_T05,3,2,WF.010302,CL-2601-003,02,CL-2601-003,02,5,9
BS-2601-002,20,9,9,DT-EQP-01_20260513T0000_T05,3,3,WF.010619,CL-2601-006,19,CL-2601-006,19,10,7
BS-2601-002,20,9,7,DT-EQP-01_20260513T0000_T05,3,5,WF.010524,CL-2601-005,24,CL-2601-005-A5,24,6,11
BS-2601-002,20,8,11,DT-EQP-01_20260513T0000_T05,4,1,WF.010302,CL-2601-003,02,CL-2601-003,02,6,2
BS-2601-002,20,8,4,DT-EQP-01_20260513T0000_T05,4,8,WF.010302,CL-2601-003,02,CL-2601-003,02,6,10
BS-2601-002,20,8,3,DT-EQP-01_20260513T0000_T05,4,9,WF.010302,CL-2601-003,02,CL-2601-003,02,7,11
BS-2601-002,20,8,1,DT-EQP-01_20260513T0000_T05,4,11,WF.010302,CL-2601-003,02,CL-2601-003,02,11,3
BS-2601-002,20,7,11,DT-EQP-01_20260513T0000_T05,5,1,WF.010302,CL-2601-003,02,CL-2601-003,02,3,3
BS-2601-002,20,7,8,DT-EQP-01_20260513T0000_T05,5,4,WF.010619,CL-2601-006,19,CL-2601-006,19,12,7
BS-2601-002,20,7,6,DT-EQP-01_20260513T0000_T05,5,6,WF.010524,CL-2601-005,24,CL-2601-005-A5,24,8,2
BS-2601-002,20,7,4,DT-EQP-01_20260513T0000_T05,5,8,WF.010302,CL-2601-003,02,CL-2601-003,02,5,3
BS-2601-002,20,6,12,DT-EQP-01_20260513T0000_T05,6,0,WF.010524,CL-2601-005,24,CL-2601-005-A5,24,0,6
BS-2601-002,20,6,9,DT-EQP-01_20260513T0000_T05,6,3,WF.010302,CL-2601-003,02,CL-2601-003,02,2,10
BS-2601-002,20,6,6,DT-EQP-01_20260513T0000_T05,6,6,WF.010302,CL-2601-003,02,CL-2601-003,02,0,6
BS-2601-002,20,6,2,DT-EQP-01_20260513T0000_T05,6,10,WF.010619,CL-2601-006,19,CL-2601-006,19,2,8
BS-2601-002,20,6,0,DT-EQP-01_20260513T0000_T05,6,12,WF.010619,CL-2601-006,19,CL-2601-006,19,7,1
BS-2601-002,20,5,11,DT-EQP-01_20260513T0000_T05,7,1,WF.010302,CL-2601-003,02,CL-2601-003,02,7,1
BS-2601-002,20,5,9,DT-EQP-01_20260513T0000_T05,7,3,WF.010619,CL-2601-006,19,CL-2601-006,19,5,11
BS-2601-002,20,5,8,DT-EQP-01_20260513T0000_T05,7,4,WF.010302,CL-2601-003,02,CL-2601-003,02,4,9
BS-2601-002,20,5,7,DT-EQP-01_20260513T0000_T05,7,5,WF.010524,CL-2601-005,24,CL-2601-005-A5,24,5,11
BS-2601-002,20,5,6,DT-EQP-01_20260513T0000_T05,7,6,WF.010524,CL-2601-005,24,CL-2601-005-A5,24,9,9
BS-2601-002,20,5,0,DT-EQP-01_20260513T0000_T05,7,12,WF.010302,CL-2601-003,02,CL-2601-003,02,2,5
BS-2601-002,20,4,9,DT-EQP-01_20260513T0000_T05,8,3,WF.010619,CL-2601-006,19,CL-2601-006,19,7,11
BS-2601-002,20,4,6,DT-EQP-01_20260513T0000_T05,8,6,WF.010302,CL-2601-003,02,CL-2601-003,02,8,3
BS-2601-002,20,4,5,DT-EQP-01_20260513T0000_T05,8,7,WF.010619,CL-2601-006,19,CL-2601-006,19,7,2
BS-2601-002,20,3,8,DT-EQP-01_20260513T0000_T05,9,4,WF.010524,CL-2601-005,24,CL-2601-005-A5,24,9,3
BS-2601-002,20,3,5,DT-EQP-01_20260513T0000_T05,9,7,WF.010302,CL-2601-003,02,CL-2601-003,02,1,5
BS-2601-002,20,3,3,DT-EQP-01_20260513T0000_T05,9,9,WF.010302,CL-2601-003,02,CL-2601-003,02,6,6
BS-2601-002,20,3,1,DT-EQP-01_20260513T0000_T05,9,11,WF.010524,CL-2601-005,24,CL-2601-005-A5,24,4,9
BS-2601-002,20,2,10,DT-EQP-01_20260513T0000_T05,10,2,WF.010619,CL-2601-006,19,CL-2601-006,19,6,10
BS-2601-002,20,2,7,DT-EQP-01_20260513T0000_T05,10,5,WF.010302,CL-2601-003,02,CL-2601-003,02,10,8
BS-2601-002,20,2,6,DT-EQP-01_20260513T0000_T05,10,6,WF.010302,CL-2601-003,02,CL-2601-003,02,4,3
BS-2601-002,20,1,4,DT-EQP-01_20260513T0000_T05,11,8,WF.010619,CL-2601-006,19,CL-2601-006,19,11,6
BS-2601-002,20,0,6,DT-EQP-01_20260513T0000_T05,12,6,WF.010619,CL-2601-006,19,CL-2601-006,19,3,6
BS-2601-002,21,12,6,DT-EQP-01_20260513T0000_T06,0,6,WF.010421,CL-2601-004,21,CL-2601-004,21,8,11
BS-2601-002,21,11,9,DT-EQP-01_20260513T0000_T06,1,3,WF.010113,CL-2601-001,13,CL-2601-001,13,4,10
BS-2601-002,21,11,7,DT-EQP-01_20260513T0000_T06,1,5,WF.010719,CL-2601-007,19,CL-2601-007-A2-A6-A8,19,2,4
BS-2601-002,21,10,9,DT-EQP-01_20260513T0000_T06,2,3,WF.010719,CL-2601-007,19,CL-2601-007-A2-A6-A8,19,6,9
BS-2601-002,21,10,5,DT-EQP-01_20260513T0000_T06,2,7,WF.010113,CL-2601-001,13,CL-2601-001,13,4,4
BS-2601-002,21,10,4,DT-EQP-01_20260513T0000_T06,2,8,WF.010719,CL-2601-007,19,CL-2601-007-A2-A6-A8,19,3,4
BS-2601-002,21,10,2,DT-EQP-01_20260513T0000_T06,2,10,WF.010421,CL-2601-004,21,CL-2601-004,21,8,6
BS-2601-002,21,9,6,DT-EQP-01_20260513T0000_T06,3,6,WF.010113,CL-2601-001,13,CL-2601-001,13,11,7
BS-2601-002,21,9,4,DT-EQP-01_20260513T0000_T06,3,8,WF.010113,CL-2601-001,13,CL-2601-001,13,5,1
BS-2601-002,21,9,2,DT-EQP-01_20260513T0000_T06,3,10,WF.010421,CL-2601-004,21,CL-2601-004,21,2,5
BS-2601-002,21,8,11,DT-EQP-01_20260513T0000_T06,4,1,WF.010719,CL-2601-007,19,CL-2601-007-A2-A6-A8,19,1,5
BS-2601-002,21,8,10,DT-EQP-01_20260513T0000_T06,4,2,WF.010113,CL-2601-001,13,CL-2601-001,13,7,9
BS-2601-002,21,8,8,DT-EQP-01_20260513T0000_T06,4,4,WF.010113,CL-2601-001,13,CL-2601-001,13,1,7
BS-2601-002,21,8,7,DT-EQP-01_20260513T0000_T06,4,5,WF.010113,CL-2601-001,13,CL-2601-001,13,7,7
BS-2601-002,21,8,3,DT-EQP-01_20260513T0000_T06,4,9,WF.010719,CL-2601-007,19,CL-2601-007-A2-A6-A8,19,8,11
BS-2601-002,21,7,11,DT-EQP-01_20260513T0000_T06,5,1,WF.010113,CL-2601-001,13,CL-2601-001,13,9,3
BS-2601-002,21,7,9,DT-EQP-01_20260513T0000_T06,5,3,WF.010113,CL-2601-001,13,CL-2601-001,13,1,4
BS-2601-002,21,7,8,DT-EQP-01_20260513T0000_T06,5,4,WF.010719,CL-2601-007,19,CL-2601-007-A2-A6-A8,19,1,7
BS-2601-002,21,7,6,DT-EQP-01_20260513T0000_T06,5,6,WF.010421,CL-2601-004,21,CL-2601-004,21,6,8
BS-2601-002,21,7,4,DT-EQP-01_20260513T0000_T06,5,8,WF.010719,CL-2601-007,19,CL-2601-007-A2-A6-A8,19,3,3
BS-2601-002,21,7,3,DT-EQP-01_20260513T0000_T06,5,9,WF.010719,CL-2601-007,19,CL-2601-007-A2-A6-A8,19,10,5
BS-2601-002,21,6,11,DT-EQP-01_20260513T0000_T06,6,1,WF.010719,CL-2601-007,19,CL-2601-007-A2-A6-A8,19,6,3
BS-2601-002,21,6,9,DT-EQP-01_20260513T0000_T06,6,3,WF.010113,CL-2601-001,13,CL-2601-001,13,6,6
BS-2601-002,21,6,7,DT-EQP-01_20260513T0000_T06,6,5,WF.010719,CL-2601-007,19,CL-2601-007-A2-A6-A8,19,5,9
BS-2601-002,21,6,6,DT-EQP-01_20260513T0000_T06,6,6,WF.010719,CL-2601-007,19,CL-2601-007-A2-A6-A8,19,6,10
BS-2601-002,21,6,3,DT-EQP-01_20260513T0000_T06,6,9,WF.010421,CL-2601-004,21,CL-2601-004,21,5,2
BS-2601-002,21,5,9,DT-EQP-01_20260513T0000_T06,7,3,WF.010421,CL-2601-004,21,CL-2601-004,21,3,7
BS-2601-002,21,5,8,DT-EQP-01_20260513T0000_T06,7,4,WF.010421,CL-2601-004,21,CL-2601-004,21,5,5
BS-2601-002,21,5,6,DT-EQP-01_20260513T0000_T06,7,6,WF.010421,CL-2601-004,21,CL-2601-004,21,2,8
BS-2601-002,21,5,2,DT-EQP-01_20260513T0000_T06,7,10,WF.010421,CL-2601-004,21,CL-2601-004,21,7,7
BS-2601-002,21,5,0,DT-EQP-01_20260513T0000_T06,7,12,WF.010113,CL-2601-001,13,CL-2601-001,13,4,9
BS-2601-002,21,4,9,DT-EQP-01_20260513T0000_T06,8,3,WF.010719,CL-2601-007,19,CL-2601-007-A2-A6-A8,19,8,4
BS-2601-002,21,4,6,DT-EQP-01_20260513T0000_T06,8,6,WF.010719,CL-2601-007,19,CL-2601-007-A2-A6-A8,19,9,7
BS-2601-002,21,4,2,DT-EQP-01_20260513T0000_T06,8,10,WF.010719,CL-2601-007,19,CL-2601-007-A2-A6-A8,19,10,4
BS-2601-002,21,3,11,DT-EQP-01_20260513T0000_T06,9,1,WF.010421,CL-2601-004,21,CL-2601-004,21,11,5
BS-2601-002,21,3,10,DT-EQP-01_20260513T0000_T06,9,2,WF.010421,CL-2601-004,21,CL-2601-004,21,3,8
BS-2601-002,21,3,7,DT-EQP-01_20260513T0000_T06,9,5,WF.010421,CL-2601-004,21,CL-2601-004,21,12,5
BS-2601-002,21,3,6,DT-EQP-01_20260513T0000_T06,9,6,WF.010113,CL-2601-001,13,CL-2601-001,13,7,11
BS-2601-002,21,3,3,DT-EQP-01_20260513T0000_T06,9,9,WF.010421,CL-2601-004,21,CL-2601-004,21,10,8
BS-2601-002,21,3,2,DT-EQP-01_20260513T0000_T06,9,10,WF.010113,CL-2601-001,13,CL-2601-001,13,9,2
BS-2601-002,21,2,10,DT-EQP-01_20260513T0000_T06,10,2,WF.010113,CL-2601-001,13,CL-2601-001,13,5,7
BS-2601-002,21,2,8,DT-EQP-01_20260513T0000_T06,10,4,WF.010719,CL-2601-007,19,CL-2601-007-A2-A6-A8,19,4,2
BS-2601-002,21,2,7,DT-EQP-01_20260513T0000_T06,10,5,WF.010113,CL-2601-001,13,CL-2601-001,13,2,4
BS-2601-002,21,2,3,DT-EQP-01_20260513T0000_T06,10,9,WF.010421,CL-2601-004,21,CL-2601-004,21,7,9
BS-2601-002,21,1,8,DT-EQP-01_20260513T0000_T06,11,4,WF.010421,CL-2601-004,21,CL-2601-004,21,3,10
BS-2601-002,21,1,5,DT-EQP-01_20260513T0000_T06,11,7,WF.010719,CL-2601-007,19,CL-2601-007-A2-A6-A8,19,4,4
BS-2601-002,21,1,3,DT-EQP-01_20260513T0000_T06,11,9,WF.010421,CL-2601-004,21,CL-2601-004,21,9,3
BS-2601-002,21,0,6,DT-EQP-01_20260513T0000_T06,12,6,WF.010113,CL-2601-001,13,CL-2601-001,13,7,5
BS-2601-002,22,12,6,DT-EQP-01_20260513T0000_T07,0,6,WF.010325,CL-2601-003,25,CL-2601-003,25,4,11
BS-2601-002,22,11,9,DT-EQP-01_20260513T0000_T07,1,3,WF.010325,CL-2601-003,25,CL-2601-003,25,4,10
BS-2601-002,22,10,7,DT-EQP-01_20260513T0000_T07,2,5,WF.010325,CL-2601-003,25,CL-2601-003,25,8,6
BS-2601-002,22,10,3,DT-EQP-01_20260513T0000_T07,2,9,WF.010325,CL-2601-003,25,CL-2601-003,25,5,11
BS-2601-002,22,9,10,DT-EQP-01_20260513T0000_T07,3,2,WF.010325,CL-2601-003,25,CL-2601-003,25,3,11
BS-2601-002,22,9,8,DT-EQP-01_20260513T0000_T07,3,4,WF.010325,CL-2601-003,25,CL-2601-003,25,5,0
BS-2601-002,22,9,5,DT-EQP-01_20260513T0000_T07,3,7,WF.010325,CL-2601-003,25,CL-2601-003,25,7,11
BS-2601-002,22,9,2,DT-EQP-01_20260513T0000_T07,3,10,WF.010325,CL-2601-003,25,CL-2601-003,25,6,1
BS-2601-002,22,9,1,DT-EQP-01_20260513T0000_T07,3,11,WF.010325,CL-2601-003,25,CL-2601-003,25,2,6
BS-2601-002,22,8,4,DT-EQP-01_20260513T0000_T07,4,8,WF.010325,CL-2601-003,25,CL-2601-003,25,7,7
BS-2601-002,22,7,9,DT-EQP-01_20260513T0000_T07,5,3,WF.010325,CL-2601-003,25,CL-2601-003,25,8,1
BS-2601-002,22,7,8,DT-EQP-01_20260513T0000_T07,5,4,WF.010325,CL-2601-003,25,CL-2601-003,25,6,0
BS-2601-002,22,7,6,DT-EQP-01_20260513T0000_T07,5,6,WF.010325,CL-2601-003,25,CL-2601-003,25,9,11
BS-2601-002,22,7,5,DT-EQP-01_20260513T0000_T07,5,7,WF.010325,CL-2601-003,25,CL-2601-003,25,3,7
BS-2601-002,22,7,4,DT-EQP-01_20260513T0000_T07,5,8,WF.010325,CL-2601-003,25,CL-2601-003,25,10,8
BS-2601-002,22,7,2,DT-EQP-01_20260513T0000_T07,5,10,WF.010325,CL-2601-003,25,CL-2601-003,25,10,7
BS-2601-002,22,6,3,DT-EQP-01_20260513T0000_T07,6,9,WF.010325,CL-2601-003,25,CL-2601-003,25,12,6
BS-2601-002,22,6,1,DT-EQP-01_20260513T0000_T07,6,11,WF.010325,CL-2601-003,25,CL-2601-003,25,4,9
BS-2601-002,22,5,10,DT-EQP-01_20260513T0000_T07,7,2,WF.010325,CL-2601-003,25,CL-2601-003,25,6,5
BS-2601-002,22,5,8,DT-EQP-01_20260513T0000_T07,7,4,WF.010325,CL-2601-003,25,CL-2601-003,25,3,10
BS-2601-002,22,5,5,DT-EQP-01_20260513T0000_T07,7,7,WF.010325,CL-2601-003,25,CL-2601-003,25,3,4
BS-2601-002,22,4,9,DT-EQP-01_20260513T0000_T07,8,3,WF.010325,CL-2601-003,25,CL-2601-003,25,6,8
BS-2601-002,22,4,5,DT-EQP-01_20260513T0000_T07,8,7,WF.010325,CL-2601-003,25,CL-2601-003,25,12,5
BS-2601-002,22,4,4,DT-EQP-01_20260513T0000_T07,8,8,WF.010325,CL-2601-003,25,CL-2601-003,25,3,8
BS-2601-002,22,4,3,DT-EQP-01_20260513T0000_T07,8,9,WF.010325,CL-2601-003,25,CL-2601-003,25,8,4
BS-2601-002,22,3,10,DT-EQP-01_20260513T0000_T07,9,2,WF.010325,CL-2601-003,25,CL-2601-003,25,1,7
BS-2601-002,22,3,8,DT-EQP-01_20260513T0000_T07,9,4,WF.010325,CL-2601-003,25,CL-2601-003,25,7,2
BS-2601-002,22,3,5,DT-EQP-01_20260513T0000_T07,9,7,WF.010325,CL-2601-003,25,CL-2601-003,25,7,5
BS-2601-002,22,3,4,DT-EQP-01_20260513T0000_T07,9,8,WF.010325,CL-2601-003,25,CL-2601-003,25,7,0
BS-2601-002,22,2,7,DT-EQP-01_20260513T0000_T07,10,5,WF.010325,CL-2601-003,25,CL-2601-003,25,6,6
BS-2601-002,22,2,5,DT-EQP-01_20260513T0000_T07,10,7,WF.010325,CL-2601-003,25,CL-2601-003,25,5,7
BS-2601-002,22,2,3,DT-EQP-01_20260513T0000_T07,10,9,WF.010325,CL-2601-003,25,CL-2601-003,25,9,10
BS-2601-002,22,1,9,DT-EQP-01_20260513T0000_T07,11,3,WF.010325,CL-2601-003,25,CL-2601-003,25,3,1
BS-2601-002,22,1,6,DT-EQP-01_20260513T0000_T07,11,6,WF.010325,CL-2601-003,25,CL-2601-003,25,7,1
BS-2601-002,22,1,3,DT-EQP-01_20260513T0000_T07,11,9,WF.010325,CL-2601-003,25,CL-2601-003,25,2,3
BS-2601-002,22,0,6,DT-EQP-01_20260513T0000_T07,12,6,WF.010325,CL-2601-003,25,CL-2601-003,25,9,3
BS-2601-002,23,11,7,DT-EQP-01_20260513T0000_T08,1,5,WF.010422,CL-2601-004,22,CL-2601-004,22,2,3
BS-2601-002,23,11,5,DT-EQP-01_20260513T0000_T08,1,7,WF.010518,CL-2601-005,18,CL-2601-005-A5,18,9,1
BS-2601-002,23,11,3,DT-EQP-01_20260513T0000_T08,1,9,WF.010518,CL-2601-005,18,CL-2601-005-A5,18,4,5
BS-2601-002,23,10,6,DT-EQP-01_20260513T0000_T08,2,6,WF.010422,CL-2601-004,22,CL-2601-004,22,7,10
BS-2601-002,23,9,10,DT-EQP-01_20260513T0000_T08,3,2,WF.010518,CL-2601-005,18,CL-2601-005-A5,18,6,9
BS-2601-002,23,9,8,DT-EQP-01_20260513T0000_T08,3,4,WF.010422,CL-2601-004,22,CL-2601-004,22,11,8
BS-2601-002,23,9,7,DT-EQP-01_20260513T0000_T08,3,5,WF.010518,CL-2601-005,18,CL-2601-005-A5,18,9,3
BS-2601-002,23,9,3,DT-EQP-01_20260513T0000_T08,3,9,WF.010518,CL-2601-005,18,CL-2601-005-A5,18,12,5
BS-2601-002,23,9,1,DT-EQP-01_20260513T0000_T08,3,11,WF.010422,CL-2601-004,22,CL-2601-004,22,10,5
BS-2601-002,23,8,11,DT-EQP-01_20260513T0000_T08,4,1,WF.010518,CL-2601-005,18,CL-2601-005-A5,18,3,11
BS-2601-002,23,8,9,DT-EQP-01_20260513T0000_T08,4,3,WF.010422,CL-2601-004,22,CL-2601-004,22,7,2
BS-2601-002,23,8,7,DT-EQP-01_20260513T0000_T08,4,5,WF.010518,CL-2601-005,18,CL-2601-005-A5,18,10,5
BS-2601-002,23,8,5,DT-EQP-01_20260513T0000_T08,4,7,WF.010518,CL-2601-005,18,CL-2601-005-A5,18,2,9
BS-2601-002,23,8,1,DT-EQP-01_20260513T0000_T08,4,11,WF.010518,CL-2601-005,18,CL-2601-005-A5,18,8,7
BS-2601-002,23,7,11,DT-EQP-01_20260513T0000_T08,5,1,WF.010518,CL-2601-005,18,CL-2601-005-A5,18,7,12
BS-2601-002,23,7,8,DT-EQP-01_20260513T0000_T08,5,4,WF.010422,CL-2601-004,22,CL-2601-004,22,7,3
BS-2601-002,23,7,7,DT-EQP-01_20260513T0000_T08,5,5,WF.010518,CL-2601-005,18,CL-2601-005-A5,18,5,4
BS-2601-002,23,7,6,DT-EQP-01_20260513T0000_T08,5,6,WF.010422,CL-2601-004,22,CL-2601-004,22,6,4
BS-2601-002,23,7,5,DT-EQP-01_20260513T0000_T08,5,7,WF.010518,CL-2601-005,18,CL-2601-005-A5,18,6,12
BS-2601-002,23,7,4,DT-EQP-01_20260513T0000_T08,5,8,WF.010518,CL-2601-005,18,CL-2601-005-A5,18,8,4
BS-2601-002,23,7,1,DT-EQP-01_20260513T0000_T08,5,11,WF.010518,CL-2601-005,18,CL-2601-005-A5,18,7,10
BS-2601-002,23,6,10,DT-EQP-01_20260513T0000_T08,6,2,WF.010422,CL-2601-004,22,CL-2601-004,22,5,4
BS-2601-002,23,6,7,DT-EQP-01_20260513T0000_T08,6,5,WF.010518,CL-2601-005,18,CL-2601-005-A5,18,4,1
BS-2601-002,23,6,6,DT-EQP-01_20260513T0000_T08,6,6,WF.010422,CL-2601-004,22,CL-2601-004,22,10,4
BS-2601-002,23,6,5,DT-EQP-01_20260513T0000_T08,6,7,WF.010518,CL-2601-005,18,CL-2601-005-A5,18,11,5
BS-2601-002,23,5,9,DT-EQP-01_20260513T0000_T08,7,3,WF.010518,CL-2601-005,18,CL-2601-005-A5,18,7,0
BS-2601-002,23,5,5,DT-EQP-01_20260513T0000_T08,7,7,WF.010422,CL-2601-004,22,CL-2601-004,22,3,2
BS-2601-002,23,5,4,DT-EQP-01_20260513T0000_T08,7,8,WF.010518,CL-2601-005,18,CL-2601-005-A5,18,9,9
BS-2601-002,23,5,3,DT-EQP-01_20260513T0000_T08,7,9,WF.010518,CL-2601-005,18,CL-2601-005-A5,18,6,3
BS-2601-002,23,5,1,DT-EQP-01_20260513T0000_T08,7,11,WF.010518,CL-2601-005,18,CL-2601-005-A5,18,4,7
BS-2601-002,23,4,11,DT-EQP-01_20260513T0000_T08,8,1,WF.010422,CL-2601-004,22,CL-2601-004,22,3,3
BS-2601-002,23,4,7,DT-EQP-01_20260513T0000_T08,8,5,WF.010518,CL-2601-005,18,CL-2601-005-A5,18,11,4
BS-2601-002,23,4,5,DT-EQP-01_20260513T0000_T08,8,7,WF.010422,CL-2601-004,22,CL-2601-004,22,9,9
BS-2601-002,23,4,3,DT-EQP-01_20260513T0000_T08,8,9,WF.010518,CL-2601-005,18,CL-2601-005-A5,18,6,4
BS-2601-002,23,3,9,DT-EQP-01_20260513T0000_T08,9,3,WF.010518,CL-2601-005,18,CL-2601-005-A5,18,2,5
BS-2601-002,23,3,5,DT-EQP-01_20260513T0000_T08,9,7,WF.010518,CL-2601-005,18,CL-2601-005-A5,18,8,1
BS-2601-002,23,3,4,DT-EQP-01_20260513T0000_T08,9,8,WF.010518,CL-2601-005,18,CL-2601-005-A5,18,10,10
BS-2601-002,23,3,3,DT-EQP-01_20260513T0000_T08,9,9,WF.010422,CL-2601-004,22,CL-2601-004,22,9,8
BS-2601-002,23,3,2,DT-EQP-01_20260513T0000_T08,9,10,WF.010422,CL-2601-004,22,CL-2601-004,22,8,4
BS-2601-002,23,2,9,DT-EQP-01_20260513T0000_T08,10,3,WF.010518,CL-2601-005,18,CL-2601-005-A5,18,10,3
BS-2601-002,23,2,6,DT-EQP-01_20260513T0000_T08,10,6,WF.010422,CL-2601-004,22,CL-2601-004,22,3,1
BS-2601-002,23,1,8,DT-EQP-01_20260513T0000_T08,11,4,WF.010422,CL-2601-004,22,CL-2601-004,22,1,6
BS-2601-002,23,1,7,DT-EQP-01_20260513T0000_T08,11,5,WF.010518,CL-2601-005,18,CL-2601-005-A5,18,1,9
BS-2601-002,23,1,5,DT-EQP-01_20260513T0000_T08,11,7,WF.010518,CL-2601-005,18,CL-2601-005-A5,18,1,3
BS-2601-002,23,1,3,DT-EQP-01_20260513T0000_T08,11,9,WF.010518,CL-2601-005,18,CL-2601-005-A5,18,0,5
BS-2601-002,24,12,7,DT-EQP-01_20260513T0000_T09,0,5,WF.010122,CL-2601-001,22,CL-2601-001,22,2,7
BS-2601-002,24,11,6,DT-EQP-01_20260513T0000_T09,1,6,WF.010324,CL-2601-003,24,CL-2601-003,24,0,6
BS-2601-002,24,10,10,DT-EQP-01_20260513T0000_T09,2,2,WF.010122,CL-2601-001,22,CL-2601-001,22,1,9
BS-2601-002,24,10,8,DT-EQP-01_20260513T0000_T09,2,4,WF.010324,CL-2601-003,24,CL-2601-003,24,4,4
BS-2601-002,24,10,6,DT-EQP-01_20260513T0000_T09,2,6,WF.010324,CL-2601-003,24,CL-2601-003,24,1,7
BS-2601-002,24,10,5,DT-EQP-01_20260513T0000_T09,2,7,WF.010324,CL-2601-003,24,CL-2601-003,24,3,8
BS-2601-002,24,9,6,DT-EQP-01_20260513T0000_T09,3,6,WF.010122,CL-2601-001,22,CL-2601-001,22,1,4
BS-2601-002,24,9,3,DT-EQP-01_20260513T0000_T09,3,9,WF.010324,CL-2601-003,24,CL-2601-003,24,3,9
BS-2601-002,24,9,2,DT-EQP-01_20260513T0000_T09,3,10,WF.010122,CL-2601-001,22,CL-2601-001,22,8,8
BS-2601-002,24,8,11,DT-EQP-01_20260513T0000_T09,4,1,WF.010122,CL-2601-001,22,CL-2601-001,22,11,4
BS-2601-002,24,8,9,DT-EQP-01_20260513T0000_T09,4,3,WF.010122,CL-2601-001,22,CL-2601-001,22,12,7
BS-2601-002,24,8,7,DT-EQP-01_20260513T0000_T09,4,5,WF.010122,CL-2601-001,22,CL-2601-001,22,5,5
BS-2601-002,24,8,6,DT-EQP-01_20260513T0000_T09,4,6,WF.010324,CL-2601-003,24,CL-2601-003,24,7,8
BS-2601-002,24,8,4,DT-EQP-01_20260513T0000_T09,4,8,WF.010324,CL-2601-003,24,CL-2601-003,24,7,10
BS-2601-002,24,8,2,DT-EQP-01_20260513T0000_T09,4,10,WF.010122,CL-2601-001,22,CL-2601-001,22,2,8
BS-2601-002,24,7,9,DT-EQP-01_20260513T0000_T09,5,3,WF.010324,CL-2601-003,24,CL-2601-003,24,10,9
BS-2601-002,24,7,7,DT-EQP-01_20260513T0000_T09,5,5,WF.010324,CL-2601-003,24,CL-2601-003,24,8,9
BS-2601-002,24,7,6,DT-EQP-01_20260513T0000_T09,5,6,WF.010324,CL-2601-003,24,CL-2601-003,24,6,11
BS-2601-002,24,7,1,DT-EQP-01_20260513T0000_T09,5,11,WF.010324,CL-2601-003,24,CL-2601-003,24,4,11
BS-2601-002,24,6,11,DT-EQP-01_20260513T0000_T09,6,1,WF.010122,CL-2601-001,22,CL-2601-001,22,4,11
BS-2601-002,24,6,10,DT-EQP-01_20260513T0000_T09,6,2,WF.010122,CL-2601-001,22,CL-2601-001,22,10,4
BS-2601-002,24,6,9,DT-EQP-01_20260513T0000_T09,6,3,WF.010324,CL-2601-003,24,CL-2601-003,24,0,7
BS-2601-002,24,6,7,DT-EQP-01_20260513T0000_T09,6,5,WF.010122,CL-2601-001,22,CL-2601-001,22,8,3
BS-2601-002,24,6,2,DT-EQP-01_20260513T0000_T09,6,10,WF.010324,CL-2601-003,24,CL-2601-003,24,8,7
BS-2601-002,24,6,1,DT-EQP-01_20260513T0000_T09,6,11,WF.010122,CL-2601-001,22,CL-2601-001,22,1,8
BS-2601-002,24,5,12,DT-EQP-01_20260513T0000_T09,7,0,WF.010122,CL-2601-001,22,CL-2601-001,22,3,3
BS-2601-002,24,5,6,DT-EQP-01_20260513T0000_T09,7,6,WF.010122,CL-2601-001,22,CL-2601-001,22,10,5
BS-2601-002,24,5,3,DT-EQP-01_20260513T0000_T09,7,9,WF.010324,CL-2601-003,24,CL-2601-003,24,9,6
BS-2601-002,24,4,11,DT-EQP-01_20260513T0000_T09,8,1,WF.010324,CL-2601-003,24,CL-2601-003,24,7,11
BS-2601-002,24,4,10,DT-EQP-01_20260513T0000_T09,8,2,WF.010324,CL-2601-003,24,CL-2601-003,24,1,9
BS-2601-002,24,4,9,DT-EQP-01_20260513T0000_T09,8,3,WF.010122,CL-2601-001,22,CL-2601-001,22,5,8
BS-2601-002,24,4,6,DT-EQP-01_20260513T0000_T09,8,6,WF.010122,CL-2601-001,22,CL-2601-001,22,6,10
BS-2601-002,24,3,11,DT-EQP-01_20260513T0000_T09,9,1,WF.010122,CL-2601-001,22,CL-2601-001,22,3,4
BS-2601-002,24,3,8,DT-EQP-01_20260513T0000_T09,9,4,WF.010324,CL-2601-003,24,CL-2601-003,24,4,7
BS-2601-002,24,3,4,DT-EQP-01_20260513T0000_T09,9,8,WF.010324,CL-2601-003,24,CL-2601-003,24,9,10
BS-2601-002,24,2,9,DT-EQP-01_20260513T0000_T09,10,3,WF.010324,CL-2601-003,24,CL-2601-003,24,10,10
BS-2601-002,24,2,7,DT-EQP-01_20260513T0000_T09,10,5,WF.010324,CL-2601-003,24,CL-2601-003,24,6,5
BS-2601-002,24,2,4,DT-EQP-01_20260513T0000_T09,10,8,WF.010122,CL-2601-001,22,CL-2601-001,22,6,9
BS-2601-002,24,2,3,DT-EQP-01_20260513T0000_T09,10,9,WF.010324,CL-2601-003,24,CL-2601-003,24,9,5
BS-2601-002,24,1,6,DT-EQP-01_20260513T0000_T09,11,6,WF.010324,CL-2601-003,24,CL-2601-003,24,10,6
BS-2601-002,24,1,3,DT-EQP-01_20260513T0000_T09,11,9,WF.010122,CL-2601-001,22,CL-2601-001,22,7,9
BS-2601-002,24,0,7,DT-EQP-01_20260513T0000_T09,12,5,WF.010122,CL-2601-001,22,CL-2601-001,22,1,3
BS-2601-002,25,12,7,DT-EQP-01_20260513T0000_T10,0,5,WF.010509,CL-2601-005,09,CL-2601-005-A5,09,6,11
BS-2601-002,25,11,7,DT-EQP-01_20260513T0000_T10,1,5,WF.010509,CL-2601-005,09,CL-2601-005-A5,09,4,3
BS-2601-002,25,10,9,DT-EQP-01_20260513T0000_T10,2,3,WF.010509,CL-2601-005,09,CL-2601-005-A5,09,8,6
BS-2601-002,25,10,7,DT-EQP-01_20260513T0000_T10,2,5,WF.010509,CL-2601-005,09,CL-2601-005-A5,09,4,9
BS-2601-002,25,10,6,DT-EQP-01_20260513T0000_T10,2,6,WF.010509,CL-2601-005,09,CL-2601-005-A5,09,6,9
BS-2601-002,25,10,5,DT-EQP-01_20260513T0000_T10,2,7,WF.010509,CL-2601-005,09,CL-2601-005-A5,09,0,5
BS-2601-002,25,10,3,DT-EQP-01_20260513T0000_T10,2,9,WF.010509,CL-2601-005,09,CL-2601-005-A5,09,12,5
BS-2601-002,25,9,9,DT-EQP-01_20260513T0000_T10,3,3,WF.010509,CL-2601-005,09,CL-2601-005-A5,09,4,11
BS-2601-002,25,9,6,DT-EQP-01_20260513T0000_T10,3,6,WF.010509,CL-2601-005,09,CL-2601-005-A5,09,11,6
BS-2601-002,25,9,5,DT-EQP-01_20260513T0000_T10,3,7,WF.010509,CL-2601-005,09,CL-2601-005-A5,09,7,7
BS-2601-002,25,9,3,DT-EQP-01_20260513T0000_T10,3,9,WF.010509,CL-2601-005,09,CL-2601-005-A5,09,1,3
BS-2601-002,25,9,2,DT-EQP-01_20260513T0000_T10,3,10,WF.010509,CL-2601-005,09,CL-2601-005-A5,09,9,10
BS-2601-002,25,9,1,DT-EQP-01_20260513T0000_T10,3,11,WF.010509,CL-2601-005,09,CL-2601-005-A5,09,10,2
BS-2601-002,25,8,11,DT-EQP-01_20260513T0000_T10,4,1,WF.010509,CL-2601-005,09,CL-2601-005-A5,09,10,6
BS-2601-002,25,8,7,DT-EQP-01_20260513T0000_T10,4,5,WF.010509,CL-2601-005,09,CL-2601-005-A5,09,7,12
BS-2601-002,25,8,6,DT-EQP-01_20260513T0000_T10,4,6,WF.010509,CL-2601-005,09,CL-2601-005-A5,09,5,2
BS-2601-002,25,8,4,DT-EQP-01_20260513T0000_T10,4,8,WF.010509,CL-2601-005,09,CL-2601-005-A5,09,3,6
BS-2601-002,25,7,10,DT-EQP-01_20260513T0000_T10,5,2,WF.010509,CL-2601-005,09,CL-2601-005-A5,09,3,11
BS-2601-002,25,7,8,DT-EQP-01_20260513T0000_T10,5,4,WF.010509,CL-2601-005,09,CL-2601-005-A5,09,7,8
BS-2601-002,25,7,2,DT-EQP-01_20260513T0000_T10,5,10,WF.010509,CL-2601-005,09,CL-2601-005-A5,09,5,0
BS-2601-002,25,6,12,DT-EQP-01_20260513T0000_T10,6,0,WF.010509,CL-2601-005,09,CL-2601-005-A5,09,7,10
BS-2601-002,25,6,11,DT-EQP-01_20260513T0000_T10,6,1,WF.010509,CL-2601-005,09,CL-2601-005-A5,09,9,1
BS-2601-002,25,6,10,DT-EQP-01_20260513T0000_T10,6,2,WF.010509,CL-2601-005,09,CL-2601-005-A5,09,6,12
BS-2601-002,25,6,9,DT-EQP-01_20260513T0000_T10,6,3,WF.010509,CL-2601-005,09,CL-2601-005-A5,09,2,8
BS-2601-002,25,6,7,DT-EQP-01_20260513T0000_T10,6,5,WF.010509,CL-2601-005,09,CL-2601-005-A5,09,7,3
BS-2601-002,25,6,6,DT-EQP-01_20260513T0000_T10,6,6,WF.010509,CL-2601-005,09,CL-2601-005-A5,09,12,7
BS-2601-002,25,6,2,DT-EQP-01_20260513T0000_T10,6,10,WF.010509,CL-2601-005,09,CL-2601-005-A5,09,6,6
BS-2601-002,25,6,0,DT-EQP-01_20260513T0000_T10,6,12,WF.010509,CL-2601-005,09,CL-2601-005-A5,09,11,7
BS-2601-002,25,5,12,DT-EQP-01_20260513T0000_T10,7,0,WF.010509,CL-2601-005,09,CL-2601-005-A5,09,9,5
BS-2601-002,25,5,9,DT-EQP-01_20260513T0000_T10,7,3,WF.010509,CL-2601-005,09,CL-2601-005-A5,09,8,10
BS-2601-002,25,5,7,DT-EQP-01_20260513T0000_T10,7,5,WF.010509,CL-2601-005,09,CL-2601-005-A5,09,6,3
BS-2601-002,25,5,2,DT-EQP-01_20260513T0000_T10,7,10,WF.010509,CL-2601-005,09,CL-2601-005-A5,09,10,10
BS-2601-002,25,5,1,DT-EQP-01_20260513T0000_T10,7,11,WF.010509,CL-2601-005,09,CL-2601-005-A5,09,0,6
BS-2601-002,25,4,8,DT-EQP-01_20260513T0000_T10,8,4,WF.010509,CL-2601-005,09,CL-2601-005-A5,09,2,6
BS-2601-002,25,3,11,DT-EQP-01_20260513T0000_T10,9,1,WF.010509,CL-2601-005,09,CL-2601-005-A5,09,7,5
BS-2601-002,25,3,9,DT-EQP-01_20260513T0000_T10,9,3,WF.010509,CL-2601-005,09,CL-2601-005-A5,09,10,7
BS-2601-002,25,3,5,DT-EQP-01_20260513T0000_T10,9,7,WF.010509,CL-2601-005,09,CL-2601-005-A5,09,2,2
BS-2601-002,25,3,2,DT-EQP-01_20260513T0000_T10,9,10,WF.010509,CL-2601-005,09,CL-2601-005-A5,09,5,6
BS-2601-002,25,2,3,DT-EQP-01_20260513T0000_T10,10,9,WF.010509,CL-2601-005,09,CL-2601-005-A5,09,4,6
BS-2601-002,25,1,5,DT-EQP-01_20260513T0000_T10,11,7,WF.010509,CL-2601-005,09,CL-2601-005-A5,09,4,10
BS-2601-003,01,12,7,DT-EQP-01_20260513T0000_T11,0,5,WF.010807,CL-2601-008,07,CL-2601-008,07,9,1
BS-2601-003,01,12,6,DT-EQP-01_20260513T0000_T11,0,6,WF.010807,CL-2601-008,07,CL-2601-008,07,8,5
BS-2601-003,01,11,8,DT-EQP-01_20260513T0000_T11,1,4,WF.010807,CL-2601-008,07,CL-2601-008,07,5,5
BS-2601-003,01,11,7,DT-EQP-01_20260513T0000_T11,1,5,WF.010807,CL-2601-008,07,CL-2601-008,07,4,8
BS-2601-003,01,11,6,DT-EQP-01_20260513T0000_T11,1,6,WF.010807,CL-2601-008,07,CL-2601-008,07,2,8
BS-2601-003,01,11,4,DT-EQP-01_20260513T0000_T11,1,8,WF.010711,CL-2601-007,11,CL-2601-007-A2-A6-A8,11,8,1
BS-2601-003,01,10,10,DT-EQP-01_20260513T0000_T11,2,2,WF.010807,CL-2601-008,07,CL-2601-008,07,3,9
BS-2601-003,01,10,6,DT-EQP-01_20260513T0000_T11,2,6,WF.010711,CL-2601-007,11,CL-2601-007-A2-A6-A8,11,7,11
BS-2601-003,01,10,5,DT-EQP-01_20260513T0000_T11,2,7,WF.010711,CL-2601-007,11,CL-2601-007-A2-A6-A8,11,1,7
BS-2601-003,01,9,10,DT-EQP-01_20260513T0000_T11,3,2,WF.010807,CL-2601-008,07,CL-2601-008,07,7,12
BS-2601-003,01,9,7,DT-EQP-01_20260513T0000_T11,3,5,WF.010807,CL-2601-008,07,CL-2601-008,07,12,6
BS-2601-003,01,9,6,DT-EQP-01_20260513T0000_T11,3,6,WF.010711,CL-2601-007,11,CL-2601-007-A2-A6-A8,11,6,2
BS-2601-003,01,9,1,DT-EQP-01_20260513T0000_T11,3,11,WF.010807,CL-2601-008,07,CL-2601-008,07,7,9
BS-2601-003,01,8,11,DT-EQP-01_20260513T0000_T11,4,1,WF.010711,CL-2601-007,11,CL-2601-007-A2-A6-A8,11,8,6
BS-2601-003,01,8,9,DT-EQP-01_20260513T0000_T11,4,3,WF.010711,CL-2601-007,11,CL-2601-007-A2-A6-A8,11,7,8
BS-2601-003,01,8,2,DT-EQP-01_20260513T0000_T11,4,10,WF.010807,CL-2601-008,07,CL-2601-008,07,1,7
BS-2601-003,01,7,11,DT-EQP-01_20260513T0000_T11,5,1,WF.010711,CL-2601-007,11,CL-2601-007-A2-A6-A8,11,8,3
BS-2601-003,01,7,9,DT-EQP-01_20260513T0000_T11,5,3,WF.010711,CL-2601-007,11,CL-2601-007-A2-A6-A8,11,11,6
BS-2601-003,01,7,8,DT-EQP-01_20260513T0000_T11,5,4,WF.010807,CL-2601-008,07,CL-2601-008,07,10,10
BS-2601-003,01,7,2,DT-EQP-01_20260513T0000_T11,5,10,WF.010711,CL-2601-007,11,CL-2601-007-A2-A6-A8,11,1,4
BS-2601-003,01,7,1,DT-EQP-01_20260513T0000_T11,5,11,WF.010807,CL-2601-008,07,CL-2601-008,07,10,6
BS-2601-003,01,7,0,DT-EQP-01_20260513T0000_T11,5,12,WF.010711,CL-2601-007,11,CL-2601-007-A2-A6-A8,11,11,3
BS-2601-003,01,6,11,DT-EQP-01_20260513T0000_T11,6,1,WF.010711,CL-2601-007,11,CL-2601-007-A2-A6-A8,11,4,10
BS-2601-003,01,6,10,DT-EQP-01_20260513T0000_T11,6,2,WF.010807,CL-2601-008,07,CL-2601-008,07,5,1
BS-2601-003,01,6,8,DT-EQP-01_20260513T0000_T11,6,4,WF.010807,CL-2601-008,07,CL-2601-008,07,7,6
BS-2601-003,01,6,4,DT-EQP-01_20260513T0000_T11,6,8,WF.010807,CL-2601-008,07,CL-2601-008,07,1,5
BS-2601-003,01,6,2,DT-EQP-01_20260513T0000_T11,6,10,WF.010711,CL-2601-007,11,CL-2601-007-A2-A6-A8,11,12,5
BS-2601-003,01,6,1,DT-EQP-01_20260513T0000_T11,6,11,WF.010711,CL-2601-007,11,CL-2601-007-A2-A6-A8,11,3,4
BS-2601-003,01,5,11,DT-EQP-01_20260513T0000_T11,7,1,WF.010711,CL-2601-007,11,CL-2601-007-A2-A6-A8,11,5,5
BS-2601-003,01,5,7,DT-EQP-01_20260513T0000_T11,7,5,WF.010711,CL-2601-007,11,CL-2601-007-A2-A6-A8,11,6,0
BS-2601-003,01,5,6,DT-EQP-01_20260513T0000_T11,7,6,WF.010711,CL-2601-007,11,CL-2601-007-A2-A6-A8,11,4,4
BS-2601-003,01,3,7,DT-EQP-01_20260513T0000_T11,9,5,WF.010807,CL-2601-008,07,CL-2601-008,07,0,6
BS-2601-003,01,3,2,DT-EQP-01_20260513T0000_T11,9,10,WF.010711,CL-2601-007,11,CL-2601-007-A2-A6-A8,11,6,10
BS-2601-003,01,3,1,DT-EQP-01_20260513T0000_T11,9,11,WF.010807,CL-2601-008,07,CL-2601-008,07,4,4
BS-2601-003,01,2,10,DT-EQP-01_20260513T0000_T11,10,2,WF.010807,CL-2601-008,07,CL-2601-008,07,6,0
BS-2601-003,01,2,4,DT-EQP-01_20260513T0000_T11,10,8,WF.010711,CL-2601-007,11,CL-2601-007-A2-A6-A8,11,9,8
BS-2601-003,01,2,3,DT-EQP-01_20260513T0000_T11,10,9,WF.010711,CL-2601-007,11,CL-2601-007-A2-A6-A8,11,3,7
BS-2601-003,01,1,5,DT-EQP-01_20260513T0000_T11,11,7,WF.010807,CL-2601-008,07,CL-2601-008,07,10,5
BS-2601-003,01,0,7,DT-EQP-01_20260513T0000_T11,12,5,WF.010807,CL-2601-008,07,CL-2601-008,07,7,2
BS-2601-003,02,12,7,DT-EQP-01_20260513T0000_T12,0,5,WF.010612,CL-2601-006,12,CL-2601-006,12,5,12
BS-2601-003,02,12,6,DT-EQP-01_20260513T0000_T12,0,6,WF.010612,CL-2601-006,12,CL-2601-006,12,4,4
BS-2601-003,02,11,6,DT-EQP-01_20260513T0000_T12,1,6,WF.010612,CL-2601-006,12,CL-2601-006,12,4,7
BS-2601-003,02,11,5,DT-EQP-01_20260513T0000_T12,1,7,WF.010612,CL-2601-006,12,CL-2601-006,12,3,9
BS-2601-003,02,10,5,DT-EQP-01_20260513T0000_T12,2,7,WF.010612,CL-2601-006,12,CL-2601-006,12,3,4
BS-2601-003,02,9,10,DT-EQP-01_20260513T0000_T12,3,2,WF.010612,CL-2601-006,12,CL-2601-006,12,8,2
BS-2601-003,02,9,8,DT-EQP-01_20260513T0000_T12,3,4,WF.010612,CL-2601-006,12,CL-2601-006,12,7,1
BS-2601-003,02,9,7,DT-EQP-01_20260513T0000_T12,3,5,WF.010612,CL-2601-006,12,CL-2601-006,12,1,3
BS-2601-003,02,9,5,DT-EQP-01_20260513T0000_T12,3,7,WF.010612,CL-2601-006,12,CL-2601-006,12,12,6
BS-2601-003,02,9,4,DT-EQP-01_20260513T0000_T12,3,8,WF.010612,CL-2601-006,12,CL-2601-006,12,9,3
BS-2601-003,02,9,1,DT-EQP-01_20260513T0000_T12,3,11,WF.010612,CL-2601-006,12,CL-2601-006,12,3,2
BS-2601-003,02,8,11,DT-EQP-01_20260513T0000_T12,4,1,WF.010612,CL-2601-006,12,CL-2601-006,12,10,2
BS-2601-003,02,8,10,DT-EQP-01_20260513T0000_T12,4,2,WF.010612,CL-2601-006,12,CL-2601-006,12,9,10
BS-2601-003,02,8,6,DT-EQP-01_20260513T0000_T12,4,6,WF.010612,CL-2601-006,12,CL-2601-006,12,5,10
BS-2601-003,02,8,4,DT-EQP-01_20260513T0000_T12,4,8,WF.010612,CL-2601-006,12,CL-2601-006,12,8,7
BS-2601-003,02,8,3,DT-EQP-01_20260513T0000_T12,4,9,WF.010612,CL-2601-006,12,CL-2601-006,12,0,6
BS-2601-003,02,8,2,DT-EQP-01_20260513T0000_T12,4,10,WF.010612,CL-2601-006,12,CL-2601-006,12,6,11
BS-2601-003,02,7,10,DT-EQP-01_20260513T0000_T12,5,2,WF.010612,CL-2601-006,12,CL-2601-006,12,2,10
BS-2601-003,02,7,9,DT-EQP-01_20260513T0000_T12,5,3,WF.010612,CL-2601-006,12,CL-2601-006,12,5,7
BS-2601-003,02,7,3,DT-EQP-01_20260513T0000_T12,5,9,WF.010612,CL-2601-006,12,CL-2601-006,12,4,10
BS-2601-003,02,7,1,DT-EQP-01_20260513T0000_T12,5,11,WF.010612,CL-2601-006,12,CL-2601-006,12,6,0
BS-2601-003,02,6,10,DT-EQP-01_20260513T0000_T12,6,2,WF.010612,CL-2601-006,12,CL-2601-006,12,9,1
BS-2601-003,02,6,7,DT-EQP-01_20260513T0000_T12,6,5,WF.010612,CL-2601-006,12,CL-2601-006,12,2,6
BS-2601-003,02,6,5,DT-EQP-01_20260513T0000_T12,6,7,WF.010612,CL-2601-006,12,CL-2601-006,12,5,4
BS-2601-003,02,6,2,DT-EQP-01_20260513T0000_T12,6,10,WF.010612,CL-2601-006,12,CL-2601-006,12,6,8
BS-2601-003,02,6,1,DT-EQP-01_20260513T0000_T12,6,11,WF.010612,CL-2601-006,12,CL-2601-006,12,6,6
BS-2601-003,02,5,12,DT-EQP-01_20260513T0000_T12,7,0,WF.010612,CL-2601-006,12,CL-2601-006,12,6,7
BS-2601-003,02,5,10,DT-EQP-01_20260513T0000_T12,7,2,WF.010612,CL-2601-006,12,CL-2601-006,12,2,9
BS-2601-003,02,5,8,DT-EQP-01_20260513T0000_T12,7,4,WF.010612,CL-2601-006,12,CL-2601-006,12,11,8
BS-2601-003,02,5,7,DT-EQP-01_20260513T0000_T12,7,5,WF.010612,CL-2601-006,12,CL-2601-006,12,8,4
BS-2601-003,02,5,2,DT-EQP-01_20260513T0000_T12,7,10,WF.010612,CL-2601-006,12,CL-2601-006,12,7,3
BS-2601-003,02,4,8,DT-EQP-01_20260513T0000_T12,8,4,WF.010612,CL-2601-006,12,CL-2601-006,12,8,9
BS-2601-003,02,4,1,DT-EQP-01_20260513T0000_T12,8,11,WF.010612,CL-2601-006,12,CL-2601-006,12,10,10
BS-2601-003,02,3,10,DT-EQP-01_20260513T0000_T12,9,2,WF.010612,CL-2601-006,12,CL-2601-006,12,1,9
BS-2601-003,02,3,9,DT-EQP-01_20260513T0000_T12,9,3,WF.010612,CL-2601-006,12,CL-2601-006,12,7,10
BS-2601-003,02,3,6,DT-EQP-01_20260513T0000_T12,9,6,WF.010612,CL-2601-006,12,CL-2601-006,12,8,1
BS-2601-003,02,3,3,DT-EQP-01_20260513T0000_T12,9,9,WF.010612,CL-2601-006,12,CL-2601-006,12,4,11
BS-2601-003,02,2,8,DT-EQP-01_20260513T0000_T12,10,4,WF.010612,CL-2601-006,12,CL-2601-006,12,10,5
BS-2601-003,02,2,4,DT-EQP-01_20260513T0000_T12,10,8,WF.010612,CL-2601-006,12,CL-2601-006,12,7,2
BS-2601-003,02,2,3,DT-EQP-01_20260513T0000_T12,10,9,WF.010612,CL-2601-006,12,CL-2601-006,12,4,9
BS-2601-003,02,1,7,DT-EQP-01_20260513T0000_T12,11,5,WF.010612,CL-2601-006,12,CL-2601-006,12,4,5
BS-2601-003,02,0,5,DT-EQP-01_20260513T0000_T12,12,7,WF.010612,CL-2601-006,12,CL-2601-006,12,5,3
BS-2601-003,03,11,9,DT-EQP-01_20260513T0000_T13,1,3,WF.010820,CL-2601-008,20,CL-2601-008,20,0,7
BS-2601-003,03,11,7,DT-EQP-01_20260513T0000_T13,1,5,WF.010417,CL-2601-004,17,CL-2601-004,17,3,3
BS-2601-003,03,11,6,DT-EQP-01_20260513T0000_T13,1,6,WF.010417,CL-2601-004,17,CL-2601-004,17,6,1
BS-2601-003,03,11,4,DT-EQP-01_20260513T0000_T13,1,8,WF.010820,CL-2601-008,20,CL-2601-008,20,6,8
BS-2601-003,03,10,9,DT-EQP-01_20260513T0000_T13,2,3,WF.010820,CL-2601-008,20,CL-2601-008,20,8,9
BS-2601-003,03,10,7,DT-EQP-01_20260513T0000_T13,2,5,WF.010417,CL-2601-004,17,CL-2601-004,17,9,10
BS-2601-003,03,9,11,DT-EQP-01_20260513T0000_T13,3,1,WF.010417,CL-2601-004,17,CL-2601-004,17,7,4
BS-2601-003,03,9,7,DT-EQP-01_20260513T0000_T13,3,5,WF.010417,CL-2601-004,17,CL-2601-004,17,3,1
BS-2601-003,03,9,1,DT-EQP-01_20260513T0000_T13,3,11,WF.010820,CL-2601-008,20,CL-2601-008,20,10,8
BS-2601-003,03,8,1,DT-EQP-01_20260513T0000_T13,4,11,WF.010417,CL-2601-004,17,CL-2601-004,17,10,9
BS-2601-003,03,7,11,DT-EQP-01_20260513T0000_T13,5,1,WF.010820,CL-2601-008,20,CL-2601-008,20,2,6
BS-2601-003,03,7,5,DT-EQP-01_20260513T0000_T13,5,7,WF.010820,CL-2601-008,20,CL-2601-008,20,9,7
BS-2601-003,03,7,4,DT-EQP-01_20260513T0000_T13,5,8,WF.010820,CL-2601-008,20,CL-2601-008,20,5,12
BS-2601-003,03,7,1,DT-EQP-01_20260513T0000_T13,5,11,WF.010820,CL-2601-008,20,CL-2601-008,20,2,9
BS-2601-003,03,5,11,DT-EQP-01_20260513T0000_T13,7,1,WF.010417,CL-2601-004,17,CL-2601-004,17,5,1
BS-2601-003,03,5,9,DT-EQP-01_20260513T0000_T13,7,3,WF.010820,CL-2601-008,20,CL-2601-008,20,11,5
BS-2601-003,03,5,8,DT-EQP-01_20260513T0000_T13,7,4,WF.010820,CL-2601-008,20,CL-2601-008,20,2,5
BS-2601-003,03,5,1,DT-EQP-01_20260513T0000_T13,7,11,WF.010820,CL-2601-008,20,CL-2601-008,20,4,6
BS-2601-003,03,4,9,DT-EQP-01_20260513T0000_T13,8,3,WF.010417,CL-2601-004,17,CL-2601-004,17,3,11
BS-2601-003,03,4,5,DT-EQP-01_20260513T0000_T13,8,7,WF.010417,CL-2601-004,17,CL-2601-004,17,7,10
BS-2601-003,03,4,3,DT-EQP-01_20260513T0000_T13,8,9,WF.010417,CL-2601-004,17,CL-2601-004,17,4,6
BS-2601-003,03,4,1,DT-EQP-01_20260513T0000_T13,8,11,WF.010417,CL-2601-004,17,CL-2601-004,17,2,9
BS-2601-003,03,3,11,DT-EQP-01_20260513T0000_T13,9,1,WF.010417,CL-2601-004,17,CL-2601-004,17,7,0
BS-2601-003,03,3,10,DT-EQP-01_20260513T0000_T13,9,2,WF.010417,CL-2601-004,17,CL-2601-004,17,6,0
BS-2601-003,03,3,8,DT-EQP-01_20260513T0000_T13,9,4,WF.010820,CL-2601-008,20,CL-2601-008,20,3,1
BS-2601-003,03,3,5,DT-EQP-01_20260513T0000_T13,9,7,WF.010820,CL-2601-008,20,CL-2601-008,20,5,3
BS-2601-003,03,3,4,DT-EQP-01_20260513T0000_T13,9,8,WF.010417,CL-2601-004,17,CL-2601-004,17,5,7
BS-2601-003,03,3,2,DT-EQP-01_20260513T0000_T13,9,10,WF.010417,CL-2601-004,17,CL-2601-004,17,6,7
BS-2601-003,03,3,1,DT-EQP-01_20260513T0000_T13,9,11,WF.010417,CL-2601-004,17,CL-2601-004,17,10,7
BS-2601-003,03,2,10,DT-EQP-01_20260513T0000_T13,10,2,WF.010417,CL-2601-004,17,CL-2601-004,17,7,11
BS-2601-003,03,2,9,DT-EQP-01_20260513T0000_T13,10,3,WF.010820,CL-2601-008,20,CL-2601-008,20,7,7
BS-2601-003,03,2,5,DT-EQP-01_20260513T0000_T13,10,7,WF.010820,CL-2601-008,20,CL-2601-008,20,6,0
BS-2601-003,03,2,2,DT-EQP-01_20260513T0000_T13,10,10,WF.010820,CL-2601-008,20,CL-2601-008,20,3,10
BS-2601-003,03,1,8,DT-EQP-01_20260513T0000_T13,11,4,WF.010417,CL-2601-004,17,CL-2601-004,17,4,8
BS-2601-003,03,1,5,DT-EQP-01_20260513T0000_T13,11,7,WF.010820,CL-2601-008,20,CL-2601-008,20,6,1
BS-2601-003,03,1,3,DT-EQP-01_20260513T0000_T13,11,9,WF.010417,CL-2601-004,17,CL-2601-004,17,4,11
BS-2601-003,04,12,7,DT-EQP-01_20260513T0000_T14,0,5,WF.010508,CL-2601-005,08,CL-2601-005-A5,08,10,4
BS-2601-003,04,12,5,DT-EQP-01_20260513T0000_T14,0,7,WF.010404,CL-2601-004,04,CL-2601-004,04,4,3
BS-2601-003,04,11,7,DT-EQP-01_20260513T0000_T14,1,5,WF.010404,CL-2601-004,04,CL-2601-004,04,7,7
BS-2601-003,04,11,6,DT-EQP-01_20260513T0000_T14,1,6,WF.010508,CL-2601-005,08,CL-2601-005-A5,08,7,1
BS-2601-003,04,11,5,DT-EQP-01_20260513T0000_T14,1,7,WF.010404,CL-2601-004,04,CL-2601-004,04,9,2
BS-2601-003,04,10,9,DT-EQP-01_20260513T0000_T14,2,3,WF.010508,CL-2601-005,08,CL-2601-005-A5,08,4,5
BS-2601-003,04,10,2,DT-EQP-01_20260513T0000_T14,2,10,WF.010404,CL-2601-004,04,CL-2601-004,04,11,6
BS-2601-003,04,9,11,DT-EQP-01_20260513T0000_T14,3,1,WF.010723,CL-2601-007,23,CL-2601-007-A2-A6,23,7,3
BS-2601-003,04,9,6,DT-EQP-01_20260513T0000_T14,3,6,WF.010404,CL-2601-004,04,CL-2601-004,04,10,9
BS-2601-003,04,9,5,DT-EQP-01_20260513T0000_T14,3,7,WF.010508,CL-2601-005,08,CL-2601-005-A5,08,1,9
BS-2601-003,04,9,4,DT-EQP-01_20260513T0000_T14,3,8,WF.010508,CL-2601-005,08,CL-2601-005-A5,08,8,1
BS-2601-003,04,9,3,DT-EQP-01_20260513T0000_T14,3,9,WF.010404,CL-2601-004,04,CL-2601-004,04,10,4
BS-2601-003,04,9,2,DT-EQP-01_20260513T0000_T14,3,10,WF.010404,CL-2601-004,04,CL-2601-004,04,6,10
BS-2601-003,04,8,10,DT-EQP-01_20260513T0000_T14,4,2,WF.010404,CL-2601-004,04,CL-2601-004,04,1,5
BS-2601-003,04,8,9,DT-EQP-01_20260513T0000_T14,4,3,WF.010404,CL-2601-004,04,CL-2601-004,04,10,3
BS-2601-003,04,8,8,DT-EQP-01_20260513T0000_T14,4,4,WF.010404,CL-2601-004,04,CL-2601-004,04,6,1
BS-2601-003,04,8,5,DT-EQP-01_20260513T0000_T14,4,7,WF.010404,CL-2601-004,04,CL-2601-004,04,4,10
BS-2601-003,04,8,4,DT-EQP-01_20260513T0000_T14,4,8,WF.010404,CL-2601-004,04,CL-2601-004,04,6,6
BS-2601-003,04,7,10,DT-EQP-01_20260513T0000_T14,5,2,WF.010404,CL-2601-004,04,CL-2601-004,04,7,11
BS-2601-003,04,7,9,DT-EQP-01_20260513T0000_T14,5,3,WF.010404,CL-2601-004,04,CL-2601-004,04,3,5
BS-2601-003,04,7,6,DT-EQP-01_20260513T0000_T14,5,6,WF.010404,CL-2601-004,04,CL-2601-004,04,12,7
BS-2601-003,04,7,5,DT-EQP-01_20260513T0000_T14,5,7,WF.010723,CL-2601-007,23,CL-2601-007-A2-A6,23,3,4
BS-2601-003,04,7,3,DT-EQP-01_20260513T0000_T14,5,9,WF.010723,CL-2601-007,23,CL-2601-007-A2-A6,23,5,6
BS-2601-003,04,7,2,DT-EQP-01_20260513T0000_T14,5,10,WF.010723,CL-2601-007,23,CL-2601-007-A2-A6,23,11,7
BS-2601-003,04,6,8,DT-EQP-01_20260513T0000_T14,6,4,WF.010508,CL-2601-005,08,CL-2601-005-A5,08,10,8
BS-2601-003,04,6,3,DT-EQP-01_20260513T0000_T14,6,9,WF.010508,CL-2601-005,08,CL-2601-005-A5,08,1,4
BS-2601-003,04,6,1,DT-EQP-01_20260513T0000_T14,6,11,WF.010404,CL-2601-004,04,CL-2601-004,04,4,2
BS-2601-003,04,6,0,DT-EQP-01_20260513T0000_T14,6,12,WF.010723,CL-2601-007,23,CL-2601-007-A2-A6,23,5,9
BS-2601-003,04,5,12,DT-EQP-01_20260513T0000_T14,7,0,WF.010723,CL-2601-007,23,CL-2601-007-A2-A6,23,10,5
BS-2601-003,04,5,10,DT-EQP-01_20260513T0000_T14,7,2,WF.010508,CL-2601-005,08,CL-2601-005-A5,08,6,10
BS-2601-003,04,5,9,DT-EQP-01_20260513T0000_T14,7,3,WF.010404,CL-2601-004,04,CL-2601-004,04,2,4
BS-2601-003,04,5,8,DT-EQP-01_20260513T0000_T14,7,4,WF.010723,CL-2601-007,23,CL-2601-007-A2-A6,23,6,5
BS-2601-003,04,5,4,DT-EQP-01_20260513T0000_T14,7,8,WF.010723,CL-2601-007,23,CL-2601-007-A2-A6,23,11,6
BS-2601-003,04,5,0,DT-EQP-01_20260513T0000_T14,7,12,WF.010723,CL-2601-007,23,CL-2601-007-A2-A6,23,4,5
BS-2601-003,04,4,11,DT-EQP-01_20260513T0000_T14,8,1,WF.010404,CL-2601-004,04,CL-2601-004,04,4,8
BS-2601-003,04,4,10,DT-EQP-01_20260513T0000_T14,8,2,WF.010723,CL-2601-007,23,CL-2601-007-A2-A6,23,1,4
BS-2601-003,04,4,5,DT-EQP-01_20260513T0000_T14,8,7,WF.010723,CL-2601-007,23,CL-2601-007-A2-A6,23,6,11
BS-2601-003,04,4,4,DT-EQP-01_20260513T0000_T14,8,8,WF.010508,CL-2601-005,08,CL-2601-005-A5,08,8,9
BS-2601-003,04,4,2,DT-EQP-01_20260513T0000_T14,8,10,WF.010404,CL-2601-004,04,CL-2601-004,04,2,8
BS-2601-003,04,3,8,DT-EQP-01_20260513T0000_T14,9,4,WF.010508,CL-2601-005,08,CL-2601-005-A5,08,9,5
BS-2601-003,04,3,6,DT-EQP-01_20260513T0000_T14,9,6,WF.010508,CL-2601-005,08,CL-2601-005-A5,08,7,9
BS-2601-003,04,2,10,DT-EQP-01_20260513T0000_T14,10,2,WF.010723,CL-2601-007,23,CL-2601-007-A2-A6,23,1,7
BS-2601-003,04,2,9,DT-EQP-01_20260513T0000_T14,10,3,WF.010723,CL-2601-007,23,CL-2601-007-A2-A6,23,4,7
BS-2601-003,04,2,7,DT-EQP-01_20260513T0000_T14,10,5,WF.010404,CL-2601-004,04,CL-2601-004,04,9,7
BS-2601-003,04,2,4,DT-EQP-01_20260513T0000_T14,10,8,WF.010508,CL-2601-005,08,CL-2601-005-A5,08,2,8
BS-2601-003,04,2,2,DT-EQP-01_20260513T0000_T14,10,10,WF.010723,CL-2601-007,23,CL-2601-007-A2-A6,23,10,4
BS-2601-003,04,1,9,DT-EQP-01_20260513T0000_T14,11,3,WF.010508,CL-2601-005,08,CL-2601-005-A5,08,4,10
BS-2601-003,04,1,7,DT-EQP-01_20260513T0000_T14,11,5,WF.010723,CL-2601-007,23,CL-2601-007-A2-A6,23,4,8
BS-2601-003,04,1,5,DT-EQP-01_20260513T0000_T14,11,7,WF.010508,CL-2601-005,08,CL-2601-005-A5,08,9,1
BS-2601-003,05,11,9,DT-EQP-01_20260513T0000_T15,1,3,WF.010810,CL-2601-008,10,CL-2601-008,10,5,11
BS-2601-003,05,11,7,DT-EQP-01_20260513T0000_T15,1,5,WF.010106,CL-2601-001,06,CL-2601-001,06,8,3
BS-2601-003,05,10,10,DT-EQP-01_20260513T0000_T15,2,2,WF.010106,CL-2601-001,06,CL-2601-001,06,2,10
BS-2601-003,05,9,11,DT-EQP-01_20260513T0000_T15,3,1,WF.010524,CL-2601-005,24,CL-2601-005-A5,24,8,1
BS-2601-003,05,9,10,DT-EQP-01_20260513T0000_T15,3,2,WF.010810,CL-2601-008,10,CL-2601-008,10,10,2
BS-2601-003,05,9,8,DT-EQP-01_20260513T0000_T15,3,4,WF.010810,CL-2601-008,10,CL-2601-008,10,6,6
BS-2601-003,05,9,3,DT-EQP-01_20260513T0000_T15,3,9,WF.010810,CL-2601-008,10,CL-2601-008,10,1,6
BS-2601-003,05,8,6,DT-EQP-01_20260513T0000_T15,4,6,WF.010810,CL-2601-008,10,CL-2601-008,10,1,3
BS-2601-003,05,8,5,DT-EQP-01_20260513T0000_T15,4,7,WF.010524,CL-2601-005,24,CL-2601-005-A5,24,3,3
BS-2601-003,05,8,4,DT-EQP-01_20260513T0000_T15,4,8,WF.010810,CL-2601-008,10,CL-2601-008,10,4,5
BS-2601-003,05,8,2,DT-EQP-01_20260513T0000_T15,4,10,WF.010524,CL-2601-005,24,CL-2601-005-A5,24,3,8
BS-2601-003,05,7,10,DT-EQP-01_20260513T0000_T15,5,2,WF.010524,CL-2601-005,24,CL-2601-005-A5,24,4,3
BS-2601-003,05,7,9,DT-EQP-01_20260513T0000_T15,5,3,WF.010106,CL-2601-001,06,CL-2601-001,06,6,4
BS-2601-003,05,7,6,DT-EQP-01_20260513T0000_T15,5,6,WF.010106,CL-2601-001,06,CL-2601-001,06,10,8
BS-2601-003,05,7,3,DT-EQP-01_20260513T0000_T15,5,9,WF.010810,CL-2601-008,10,CL-2601-008,10,10,7
BS-2601-003,05,7,2,DT-EQP-01_20260513T0000_T15,5,10,WF.010524,CL-2601-005,24,CL-2601-005-A5,24,6,3
BS-2601-003,05,6,7,DT-EQP-01_20260513T0000_T15,6,5,WF.010810,CL-2601-008,10,CL-2601-008,10,6,1
BS-2601-003,05,5,11,DT-EQP-01_20260513T0000_T15,7,1,WF.010524,CL-2601-005,24,CL-2601-005-A5,24,6,8
BS-2601-003,05,5,9,DT-EQP-01_20260513T0000_T15,7,3,WF.010810,CL-2601-008,10,CL-2601-008,10,7,8
BS-2601-003,05,5,3,DT-EQP-01_20260513T0000_T15,7,9,WF.010810,CL-2601-008,10,CL-2601-008,10,4,6
BS-2601-003,05,5,2,DT-EQP-01_20260513T0000_T15,7,10,WF.010106,CL-2601-001,06,CL-2601-001,06,3,5
BS-2601-003,05,5,1,DT-EQP-01_20260513T0000_T15,7,11,WF.010524,CL-2601-005,24,CL-2601-005-A5,24,9,6
BS-2601-003,05,5,0,DT-EQP-01_20260513T0000_T15,7,12,WF.010810,CL-2601-008,10,CL-2601-008,10,4,4
BS-2601-003,05,4,9,DT-EQP-01_20260513T0000_T15,8,3,WF.010810,CL-2601-008,10,CL-2601-008,10,3,6
BS-2601-003,05,4,7,DT-EQP-01_20260513T0000_T15,8,5,WF.010524,CL-2601-005,24,CL-2601-005-A5,24,9,2
BS-2601-003,05,4,6,DT-EQP-01_20260513T0000_T15,8,6,WF.010810,CL-2601-008,10,CL-2601-008,10,6,7
BS-2601-003,05,3,9,DT-EQP-01_20260513T0000_T15,9,3,WF.010106,CL-2601-001,06,CL-2601-001,06,3,7
BS-2601-003,05,3,2,DT-EQP-01_20260513T0000_T15,9,10,WF.010106,CL-2601-001,06,CL-2601-001,06,9,9
BS-2601-003,05,2,8,DT-EQP-01_20260513T0000_T15,10,4,WF.010810,CL-2601-008,10,CL-2601-008,10,7,12
BS-2601-003,05,2,4,DT-EQP-01_20260513T0000_T15,10,8,WF.010524,CL-2601-005,24,CL-2601-005-A5,24,1,3
BS-2601-003,05,2,3,DT-EQP-01_20260513T0000_T15,10,9,WF.010106,CL-2601-001,06,CL-2601-001,06,10,7
BS-2601-003,05,1,9,DT-EQP-01_20260513T0000_T15,11,3,WF.010106,CL-2601-001,06,CL-2601-001,06,10,5
BS-2601-003,05,1,6,DT-EQP-01_20260513T0000_T15,11,6,WF.010810,CL-2601-008,10,CL-2601-008,10,7,10
BS-2601-003,05,1,5,DT-EQP-01_20260513T0000_T15,11,7,WF.010106,CL-2601-001,06,CL-2601-001,06,5,7
BS-2601-003,05,0,7,DT-EQP-01_20260513T0000_T15,12,5,WF.010524,CL-2601-005,24,CL-2601-005-A5,24,2,8
BS-2601-003,05,0,5,DT-EQP-01_20260513T0000_T15,12,7,WF.010810,CL-2601-008,10,CL-2601-008,10,6,12
BS-2601-003,06,12,6,DT-EQP-01_20260513T0000_T16,0,6,WF.010603,CL-2601-006,03,CL-2601-006,03,3,6
BS-2601-003,06,11,7,DT-EQP-01_20260513T0000_T16,1,5,WF.010617,CL-2601-006,17,CL-2601-006,17,5,7
BS-2601-003,06,11,6,DT-EQP-01_20260513T0000_T16,1,6,WF.010617,CL-2601-006,17,CL-2601-006,17,5,10
BS-2601-003,06,10,9,DT-EQP-01_20260513T0000_T16,2,3,WF.010603,CL-2601-006,03,CL-2601-006,03,9,2
BS-2601-003,06,10,8,DT-EQP-01_20260513T0000_T16,2,4,WF.010609,CL-2601-006,09,CL-2601-006,09,8,4
BS-2601-003,06,10,7,DT-EQP-01_20260513T0000_T16,2,5,WF.010617,CL-2601-006,17,CL-2601-006,17,8,9
BS-2601-003,06,9,11,DT-EQP-01_20260513T0000_T16,3,1,WF.010609,CL-2601-006,09,CL-2601-006,09,8,5
BS-2601-003,06,9,8,DT-EQP-01_20260513T0000_T16,3,4,WF.010609,CL-2601-006,09,CL-2601-006,09,6,0
BS-2601-003,06,9,5,DT-EQP-01_20260513T0000_T16,3,7,WF.010609,CL-2601-006,09,CL-2601-006,09,5,6
BS-2601-003,06,9,3,DT-EQP-01_20260513T0000_T16,3,9,WF.010603,CL-2601-006,03,CL-2601-006,03,1,6
BS-2601-003,06,8,10,DT-EQP-01_20260513T0000_T16,4,2,WF.010617,CL-2601-006,17,CL-2601-006,17,9,11
BS-2601-003,06,8,8,DT-EQP-01_20260513T0000_T16,4,4,WF.010603,CL-2601-006,03,CL-2601-006,03,11,4
BS-2601-003,06,8,7,DT-EQP-01_20260513T0000_T16,4,5,WF.010609,CL-2601-006,09,CL-2601-006,09,5,8
BS-2601-003,06,8,3,DT-EQP-01_20260513T0000_T16,4,9,WF.010603,CL-2601-006,03,CL-2601-006,03,6,3
BS-2601-003,06,8,2,DT-EQP-01_20260513T0000_T16,4,10,WF.010603,CL-2601-006,03,CL-2601-006,03,7,11
BS-2601-003,06,7,11,DT-EQP-01_20260513T0000_T16,5,1,WF.010609,CL-2601-006,09,CL-2601-006,09,3,10
BS-2601-003,06,7,8,DT-EQP-01_20260513T0000_T16,5,4,WF.010617,CL-2601-006,17,CL-2601-006,17,5,12
BS-2601-003,06,7,7,DT-EQP-01_20260513T0000_T16,5,5,WF.010617,CL-2601-006,17,CL-2601-006,17,10,7
BS-2601-003,06,7,4,DT-EQP-01_20260513T0000_T16,5,8,WF.010617,CL-2601-006,17,CL-2601-006,17,10,9
BS-2601-003,06,7,2,DT-EQP-01_20260513T0000_T16,5,10,WF.010609,CL-2601-006,09,CL-2601-006,09,4,7
BS-2601-003,06,6,11,DT-EQP-01_20260513T0000_T16,6,1,WF.010617,CL-2601-006,17,CL-2601-006,17,7,9
BS-2601-003,06,6,10,DT-EQP-01_20260513T0000_T16,6,2,WF.010609,CL-2601-006,09,CL-2601-006,09,5,10
BS-2601-003,06,6,6,DT-EQP-01_20260513T0000_T16,6,6,WF.010617,CL-2601-006,17,CL-2601-006,17,7,2
BS-2601-003,06,5,11,DT-EQP-01_20260513T0000_T16,7,1,WF.010603,CL-2601-006,03,CL-2601-006,03,3,4
BS-2601-003,06,5,10,DT-EQP-01_20260513T0000_T16,7,2,WF.010603,CL-2601-006,03,CL-2601-006,03,2,2
BS-2601-003,06,5,7,DT-EQP-01_20260513T0000_T16,7,5,WF.010609,CL-2601-006,09,CL-2601-006,09,8,10
BS-2601-003,06,5,6,DT-EQP-01_20260513T0000_T16,7,6,WF.010609,CL-2601-006,09,CL-2601-006,09,3,6
BS-2601-003,06,5,2,DT-EQP-01_20260513T0000_T16,7,10,WF.010617,CL-2601-006,17,CL-2601-006,17,1,5
BS-2601-003,06,5,1,DT-EQP-01_20260513T0000_T16,7,11,WF.010609,CL-2601-006,09,CL-2601-006,09,4,10
BS-2601-003,06,4,11,DT-EQP-01_20260513T0000_T16,8,1,WF.010617,CL-2601-006,17,CL-2601-006,17,7,11
BS-2601-003,06,4,6,DT-EQP-01_20260513T0000_T16,8,6,WF.010609,CL-2601-006,09,CL-2601-006,09,2,5
BS-2601-003,06,4,2,DT-EQP-01_20260513T0000_T16,8,10,WF.010609,CL-2601-006,09,CL-2601-006,09,9,4
BS-2601-003,06,3,7,DT-EQP-01_20260513T0000_T16,9,5,WF.010617,CL-2601-006,17,CL-2601-006,17,2,6
BS-2601-003,06,3,5,DT-EQP-01_20260513T0000_T16,9,7,WF.010603,CL-2601-006,03,CL-2601-006,03,4,10
BS-2601-003,06,3,2,DT-EQP-01_20260513T0000_T16,9,10,WF.010603,CL-2601-006,03,CL-2601-006,03,6,8
BS-2601-003,06,3,1,DT-EQP-01_20260513T0000_T16,9,11,WF.010603,CL-2601-006,03,CL-2601-006,03,1,4
BS-2601-003,06,2,9,DT-EQP-01_20260513T0000_T16,10,3,WF.010617,CL-2601-006,17,CL-2601-006,17,7,3
BS-2601-003,06,2,8,DT-EQP-01_20260513T0000_T16,10,4,WF.010609,CL-2601-006,09,CL-2601-006,09,6,2
BS-2601-003,06,2,3,DT-EQP-01_20260513T0000_T16,10,9,WF.010609,CL-2601-006,09,CL-2601-006,09,7,1
BS-2601-003,06,1,4,DT-EQP-01_20260513T0000_T16,11,8,WF.010617,CL-2601-006,17,CL-2601-006,17,7,10
BS-2601-003,06,1,3,DT-EQP-01_20260513T0000_T16,11,9,WF.010617,CL-2601-006,17,CL-2601-006,17,6,3
BS-2601-003,06,0,5,DT-EQP-01_20260513T0000_T16,12,7,WF.010609,CL-2601-006,09,CL-2601-006,09,3,3
BS-2601-003,07,11,8,DT-EQP-01_20260513T0000_T17,1,4,WF.010102,CL-2601-001,02,CL-2601-001,02,3,8
BS-2601-003,07,10,9,DT-EQP-01_20260513T0000_T17,2,3,WF.010514,CL-2601-005,14,CL-2601-005-A5,14,3,11
BS-2601-003,07,10,8,DT-EQP-01_20260513T0000_T17,2,4,WF.010710,CL-2601-007,10,CL-2601-007-A2-A3,10,6,5
BS-2601-003,07,10,6,DT-EQP-01_20260513T0000_T17,2,6,WF.010514,CL-2601-005,14,CL-2601-005-A5,14,1,3
BS-2601-003,07,10,4,DT-EQP-01_20260513T0000_T17,2,8,WF.010102,CL-2601-001,02,CL-2601-001,02,2,8
BS-2601-003,07,10,3,DT-EQP-01_20260513T0000_T17,2,9,WF.010514,CL-2601-005,14,CL-2601-005-A5,14,1,5
BS-2601-003,07,9,8,DT-EQP-01_20260513T0000_T17,3,4,WF.010710,CL-2601-007,10,CL-2601-007-A2-A3,10,11,7
BS-2601-003,07,9,4,DT-EQP-01_20260513T0000_T17,3,8,WF.010710,CL-2601-007,10,CL-2601-007-A2-A3,10,6,3
BS-2601-003,07,9,2,DT-EQP-01_20260513T0000_T17,3,10,WF.010102,CL-2601-001,02,CL-2601-001,02,4,3
BS-2601-003,07,8,11,DT-EQP-01_20260513T0000_T17,4,1,WF.010710,CL-2601-007,10,CL-2601-007-A2-A3,10,7,8
BS-2601-003,07,8,3,DT-EQP-01_20260513T0000_T17,4,9,WF.010102,CL-2601-001,02,CL-2601-001,02,3,5
BS-2601-003,07,8,1,DT-EQP-01_20260513T0000_T17,4,11,WF.010102,CL-2601-001,02,CL-2601-001,02,10,7
BS-2601-003,07,7,7,DT-EQP-01_20260513T0000_T17,5,5,WF.010102,CL-2601-001,02,CL-2601-001,02,9,3
BS-2601-003,07,7,6,DT-EQP-01_20260513T0000_T17,5,6,WF.010710,CL-2601-007,10,CL-2601-007-A2-A3,10,4,9
BS-2601-003,07,7,4,DT-EQP-01_20260513T0000_T17,5,8,WF.010710,CL-2601-007,10,CL-2601-007-A2-A3,10,1,9
BS-2601-003,07,7,1,DT-EQP-01_20260513T0000_T17,5,11,WF.010102,CL-2601-001,02,CL-2601-001,02,5,4
BS-2601-003,07,6,10,DT-EQP-01_20260513T0000_T17,6,2,WF.010514,CL-2601-005,14,CL-2601-005-A5,14,5,2
BS-2601-003,07,6,7,DT-EQP-01_20260513T0000_T17,6,5,WF.010514,CL-2601-005,14,CL-2601-005-A5,14,3,5
BS-2601-003,07,6,5,DT-EQP-01_20260513T0000_T17,6,7,WF.010514,CL-2601-005,14,CL-2601-005-A5,14,4,4
BS-2601-003,07,6,4,DT-EQP-01_20260513T0000_T17,6,8,WF.010514,CL-2601-005,14,CL-2601-005-A5,14,5,11
BS-2601-003,07,6,2,DT-EQP-01_20260513T0000_T17,6,10,WF.010514,CL-2601-005,14,CL-2601-005-A5,14,11,8
BS-2601-003,07,6,1,DT-EQP-01_20260513T0000_T17,6,11,WF.010514,CL-2601-005,14,CL-2601-005-A5,14,5,7
BS-2601-003,07,5,8,DT-EQP-01_20260513T0000_T17,7,4,WF.010710,CL-2601-007,10,CL-2601-007-A2-A3,10,2,3
BS-2601-003,07,5,7,DT-EQP-01_20260513T0000_T17,7,5,WF.010514,CL-2601-005,14,CL-2601-005-A5,14,7,11
BS-2601-003,07,5,6,DT-EQP-01_20260513T0000_T17,7,6,WF.010514,CL-2601-005,14,CL-2601-005-A5,14,2,7
BS-2601-003,07,5,4,DT-EQP-01_20260513T0000_T17,7,8,WF.010514,CL-2601-005,14,CL-2601-005-A5,14,6,7
BS-2601-003,07,5,1,DT-EQP-01_20260513T0000_T17,7,11,WF.010514,CL-2601-005,14,CL-2601-005-A5,14,8,1
BS-2601-003,07,4,11,DT-EQP-01_20260513T0000_T17,8,1,WF.010514,CL-2601-005,14,CL-2601-005-A5,14,11,9
BS-2601-003,07,4,10,DT-EQP-01_20260513T0000_T17,8,2,WF.010102,CL-2601-001,02,CL-2601-001,02,4,7
BS-2601-003,07,4,9,DT-EQP-01_20260513T0000_T17,8,3,WF.010710,CL-2601-007,10,CL-2601-007-A2-A3,10,5,1
BS-2601-003,07,4,7,DT-EQP-01_20260513T0000_T17,8,5,WF.010514,CL-2601-005,14,CL-2601-005-A5,14,11,5
BS-2601-003,07,4,5,DT-EQP-01_20260513T0000_T17,8,7,WF.010710,CL-2601-007,10,CL-2601-007-A2-A3,10,2,2
BS-2601-003,07,4,2,DT-EQP-01_20260513T0000_T17,8,10,WF.010514,CL-2601-005,14,CL-2601-005-A5,14,8,7
BS-2601-003,07,3,10,DT-EQP-01_20260513T0000_T17,9,2,WF.010514,CL-2601-005,14,CL-2601-005-A5,14,9,4
BS-2601-003,07,3,2,DT-EQP-01_20260513T0000_T17,9,10,WF.010514,CL-2601-005,14,CL-2601-005-A5,14,7,9
BS-2601-003,07,2,10,DT-EQP-01_20260513T0000_T17,10,2,WF.010514,CL-2601-005,14,CL-2601-005-A5,14,4,2
BS-2601-003,07,2,9,DT-EQP-01_20260513T0000_T17,10,3,WF.010102,CL-2601-001,02,CL-2601-001,02,6,6
BS-2601-003,07,2,8,DT-EQP-01_20260513T0000_T17,10,4,WF.010102,CL-2601-001,02,CL-2601-001,02,3,9
BS-2601-003,07,2,6,DT-EQP-01_20260513T0000_T17,10,6,WF.010710,CL-2601-007,10,CL-2601-007-A2-A3,10,2,4
BS-2601-003,07,2,4,DT-EQP-01_20260513T0000_T17,10,8,WF.010710,CL-2601-007,10,CL-2601-007-A2-A3,10,0,6
BS-2601-003,07,2,3,DT-EQP-01_20260513T0000_T17,10,9,WF.010102,CL-2601-001,02,CL-2601-001,02,7,12
BS-2601-003,07,1,8,DT-EQP-01_20260513T0000_T17,11,4,WF.010514,CL-2601-005,14,CL-2601-005-A5,14,6,11
BS-2601-003,07,1,6,DT-EQP-01_20260513T0000_T17,11,6,WF.010102,CL-2601-001,02,CL-2601-001,02,6,1
BS-2601-003,08,11,7,DT-EQP-01_20260513T0000_T18,1,5,WF.010101,CL-2601-001,01,CL-2601-001,01,10,4
BS-2601-003,08,11,6,DT-EQP-01_20260513T0000_T18,1,6,WF.010101,CL-2601-001,01,CL-2601-001,01,4,9
BS-2601-003,08,11,5,DT-EQP-01_20260513T0000_T18,1,7,WF.010101,CL-2601-001,01,CL-2601-001,01,10,8
BS-2601-003,08,11,3,DT-EQP-01_20260513T0000_T18,1,9,WF.010101,CL-2601-001,01,CL-2601-001,01,7,11
BS-2601-003,08,10,10,DT-EQP-01_20260513T0000_T18,2,2,WF.010101,CL-2601-001,01,CL-2601-001,01,2,6
BS-2601-003,08,10,7,DT-EQP-01_20260513T0000_T18,2,5,WF.010101,CL-2601-001,01,CL-2601-001,01,0,5
BS-2601-003,08,10,2,DT-EQP-01_20260513T0000_T18,2,10,WF.010101,CL-2601-001,01,CL-2601-001,01,5,11
BS-2601-003,08,9,10,DT-EQP-01_20260513T0000_T18,3,2,WF.010101,CL-2601-001,01,CL-2601-001,01,10,5
BS-2601-003,08,9,4,DT-EQP-01_20260513T0000_T18,3,8,WF.010101,CL-2601-001,01,CL-2601-001,01,10,10
BS-2601-003,08,9,2,DT-EQP-01_20260513T0000_T18,3,10,WF.010101,CL-2601-001,01,CL-2601-001,01,7,6
BS-2601-003,08,9,1,DT-EQP-01_20260513T0000_T18,3,11,WF.010101,CL-2601-001,01,CL-2601-001,01,1,4
BS-2601-003,08,8,10,DT-EQP-01_20260513T0000_T18,4,2,WF.010101,CL-2601-001,01,CL-2601-001,01,1,8
BS-2601-003,08,8,9,DT-EQP-01_20260513T0000_T18,4,3,WF.010101,CL-2601-001,01,CL-2601-001,01,12,6
BS-2601-003,08,8,1,DT-EQP-01_20260513T0000_T18,4,11,WF.010101,CL-2601-001,01,CL-2601-001,01,4,5
BS-2601-003,08,7,12,DT-EQP-01_20260513T0000_T18,5,0,WF.010101,CL-2601-001,01,CL-2601-001,01,3,7
BS-2601-003,08,7,5,DT-EQP-01_20260513T0000_T18,5,7,WF.010101,CL-2601-001,01,CL-2601-001,01,12,7
BS-2601-003,08,6,11,DT-EQP-01_20260513T0000_T18,6,1,WF.010101,CL-2601-001,01,CL-2601-001,01,1,5
BS-2601-003,08,6,9,DT-EQP-01_20260513T0000_T18,6,3,WF.010101,CL-2601-001,01,CL-2601-001,01,3,1
BS-2601-003,08,6,2,DT-EQP-01_20260513T0000_T18,6,10,WF.010101,CL-2601-001,01,CL-2601-001,01,4,4
BS-2601-003,08,6,1,DT-EQP-01_20260513T0000_T18,6,11,WF.010101,CL-2601-001,01,CL-2601-001,01,2,2
BS-2601-003,08,5,6,DT-EQP-01_20260513T0000_T18,7,6,WF.010101,CL-2601-001,01,CL-2601-001,01,2,7
BS-2601-003,08,5,2,DT-EQP-01_20260513T0000_T18,7,10,WF.010101,CL-2601-001,01,CL-2601-001,01,10,9
BS-2601-003,08,5,1,DT-EQP-01_20260513T0000_T18,7,11,WF.010101,CL-2601-001,01,CL-2601-001,01,9,4
BS-2601-003,08,4,8,DT-EQP-01_20260513T0000_T18,8,4,WF.010101,CL-2601-001,01,CL-2601-001,01,6,3
BS-2601-003,08,4,6,DT-EQP-01_20260513T0000_T18,8,6,WF.010101,CL-2601-001,01,CL-2601-001,01,4,1
BS-2601-003,08,4,3,DT-EQP-01_20260513T0000_T18,8,9,WF.010101,CL-2601-001,01,CL-2601-001,01,9,3
BS-2601-003,08,3,6,DT-EQP-01_20260513T0000_T18,9,6,WF.010101,CL-2601-001,01,CL-2601-001,01,3,11
BS-2601-003,08,3,5,DT-EQP-01_20260513T0000_T18,9,7,WF.010101,CL-2601-001,01,CL-2601-001,01,2,5
BS-2601-003,08,3,3,DT-EQP-01_20260513T0000_T18,9,9,WF.010101,CL-2601-001,01,CL-2601-001,01,10,6
BS-2601-003,08,2,9,DT-EQP-01_20260513T0000_T18,10,3,WF.010101,CL-2601-001,01,CL-2601-001,01,6,7
BS-2601-003,08,2,4,DT-EQP-01_20260513T0000_T18,10,8,WF.010101,CL-2601-001,01,CL-2601-001,01,2,4
BS-2601-003,08,2,3,DT-EQP-01_20260513T0000_T18,10,9,WF.010101,CL-2601-001,01,CL-2601-001,01,9,10
BS-2601-003,08,2,2,DT-EQP-01_20260513T0000_T18,10,10,WF.010101,CL-2601-001,01,CL-2601-001,01,9,8
BS-2601-003,08,1,9,DT-EQP-01_20260513T0000_T18,11,3,WF.010101,CL-2601-001,01,CL-2601-001,01,6,8
BS-2601-003,08,1,8,DT-EQP-01_20260513T0000_T18,11,4,WF.010101,CL-2601-001,01,CL-2601-001,01,7,10
BS-2601-003,08,1,6,DT-EQP-01_20260513T0000_T18,11,6,WF.010101,CL-2601-001,01,CL-2601-001,01,3,3
BS-2601-003,08,1,5,DT-EQP-01_20260513T0000_T18,11,7,WF.010101,CL-2601-001,01,CL-2601-001,01,5,1
BS-2601-003,08,1,4,DT-EQP-01_20260513T0000_T18,11,8,WF.010101,CL-2601-001,01,CL-2601-001,01,5,6
BS-2601-003,08,0,6,DT-EQP-01_20260513T0000_T18,12,6,WF.010101,CL-2601-001,01,CL-2601-001,01,8,9
BS-2601-003,09,12,7,DT-EQP-01_20260513T0000_T19,0,5,WF.010206,CL-2601-002,06,CL-2601-002,06,6,10
BS-2601-003,09,11,9,DT-EQP-01_20260513T0000_T19,1,3,WF.010406,CL-2601-004,06,CL-2601-004,06,7,4
BS-2601-003,09,11,8,DT-EQP-01_20260513T0000_T19,1,4,WF.010406,CL-2601-004,06,CL-2601-004,06,8,7
BS-2601-003,09,10,9,DT-EQP-01_20260513T0000_T19,2,3,WF.010406,CL-2601-004,06,CL-2601-004,06,12,6
BS-2601-003,09,10,8,DT-EQP-01_20260513T0000_T19,2,4,WF.010206,CL-2601-002,06,CL-2601-002,06,9,5
BS-2601-003,09,10,7,DT-EQP-01_20260513T0000_T19,2,5,WF.010206,CL-2601-002,06,CL-2601-002,06,5,6
BS-2601-003,09,10,3,DT-EQP-01_20260513T0000_T19,2,9,WF.010206,CL-2601-002,06,CL-2601-002,06,8,4
BS-2601-003,09,9,9,DT-EQP-01_20260513T0000_T19,3,3,WF.010721,CL-2601-007,21,CL-2601-007-A2,21,9,6
BS-2601-003,09,9,7,DT-EQP-01_20260513T0000_T19,3,5,WF.010206,CL-2601-002,06,CL-2601-002,06,10,3
BS-2601-003,09,9,6,DT-EQP-01_20260513T0000_T19,3,6,WF.010206,CL-2601-002,06,CL-2601-002,06,6,7
BS-2601-003,09,9,5,DT-EQP-01_20260513T0000_T19,3,7,WF.010406,CL-2601-004,06,CL-2601-004,06,3,7
BS-2601-003,09,9,4,DT-EQP-01_20260513T0000_T19,3,8,WF.010206,CL-2601-002,06,CL-2601-002,06,5,1
BS-2601-003,09,9,1,DT-EQP-01_20260513T0000_T19,3,11,WF.010206,CL-2601-002,06,CL-2601-002,06,1,7
BS-2601-003,09,8,9,DT-EQP-01_20260513T0000_T19,4,3,WF.010206,CL-2601-002,06,CL-2601-002,06,12,7
BS-2601-003,09,8,7,DT-EQP-01_20260513T0000_T19,4,5,WF.010206,CL-2601-002,06,CL-2601-002,06,1,4
BS-2601-003,09,8,6,DT-EQP-01_20260513T0000_T19,4,6,WF.010206,CL-2601-002,06,CL-2601-002,06,5,11
BS-2601-003,09,8,3,DT-EQP-01_20260513T0000_T19,4,9,WF.010206,CL-2601-002,06,CL-2601-002,06,8,3
BS-2601-003,09,8,1,DT-EQP-01_20260513T0000_T19,4,11,WF.010406,CL-2601-004,06,CL-2601-004,06,5,12
BS-2601-003,09,7,10,DT-EQP-01_20260513T0000_T19,5,2,WF.010206,CL-2601-002,06,CL-2601-002,06,9,11
BS-2601-003,09,7,9,DT-EQP-01_20260513T0000_T19,5,3,WF.010206,CL-2601-002,06,CL-2601-002,06,1,3
BS-2601-003,09,7,8,DT-EQP-01_20260513T0000_T19,5,4,WF.010206,CL-2601-002,06,CL-2601-002,06,7,9
BS-2601-003,09,7,6,DT-EQP-01_20260513T0000_T19,5,6,WF.010206,CL-2601-002,06,CL-2601-002,06,7,0
BS-2601-003,09,7,1,DT-EQP-01_20260513T0000_T19,5,11,WF.010206,CL-2601-002,06,CL-2601-002,06,6,0
BS-2601-003,09,6,12,DT-EQP-01_20260513T0000_T19,6,0,WF.010206,CL-2601-002,06,CL-2601-002,06,11,6
BS-2601-003,09,6,9,DT-EQP-01_20260513T0000_T19,6,3,WF.010721,CL-2601-007,21,CL-2601-007-A2,21,9,8
BS-2601-003,09,6,7,DT-EQP-01_20260513T0000_T19,6,5,WF.010721,CL-2601-007,21,CL-2601-007-A2,21,6,12
BS-2601-003,09,5,11,DT-EQP-01_20260513T0000_T19,7,1,WF.010406,CL-2601-004,06,CL-2601-004,06,11,8
BS-2601-003,09,5,5,DT-EQP-01_20260513T0000_T19,7,7,WF.010206,CL-2601-002,06,CL-2601-002,06,10,8
BS-2601-003,09,5,4,DT-EQP-01_20260513T0000_T19,7,8,WF.010721,CL-2601-007,21,CL-2601-007-A2,21,6,8
BS-2601-003,09,5,2,DT-EQP-01_20260513T0000_T19,7,10,WF.010206,CL-2601-002,06,CL-2601-002,06,9,6
BS-2601-003,09,4,3,DT-EQP-01_20260513T0000_T19,8,9,WF.010406,CL-2601-004,06,CL-2601-004,06,6,4
BS-2601-003,09,4,2,DT-EQP-01_20260513T0000_T19,8,10,WF.010206,CL-2601-002,06,CL-2601-002,06,1,5
BS-2601-003,09,4,1,DT-EQP-01_20260513T0000_T19,8,11,WF.010721,CL-2601-007,21,CL-2601-007-A2,21,12,5
BS-2601-003,09,3,6,DT-EQP-01_20260513T0000_T19,9,6,WF.010206,CL-2601-002,06,CL-2601-002,06,7,3
BS-2601-003,09,3,3,DT-EQP-01_20260513T0000_T19,9,9,WF.010206,CL-2601-002,06,CL-2601-002,06,3,7
BS-2601-003,09,3,1,DT-EQP-01_20260513T0000_T19,9,11,WF.010206,CL-2601-002,06,CL-2601-002,06,6,12
BS-2601-003,09,2,6,DT-EQP-01_20260513T0000_T19,10,6,WF.010406,CL-2601-004,06,CL-2601-004,06,7,5
BS-2601-003,09,2,4,DT-EQP-01_20260513T0000_T19,10,8,WF.010206,CL-2601-002,06,CL-2601-002,06,11,3
BS-2601-003,09,2,2,DT-EQP-01_20260513T0000_T19,10,10,WF.010406,CL-2601-004,06,CL-2601-004,06,1,6
BS-2601-003,09,1,7,DT-EQP-01_20260513T0000_T19,11,5,WF.010406,CL-2601-004,06,CL-2601-004,06,4,7
BS-2601-003,09,1,3,DT-EQP-01_20260513T0000_T19,11,9,WF.010206,CL-2601-002,06,CL-2601-002,06,4,4
BS-2601-003,09,0,7,DT-EQP-01_20260513T0000_T19,12,5,WF.010406,CL-2601-004,06,CL-2601-004,06,7,3
BS-2601-003,10,12,6,DT-EQP-01_20260513T0000_T20,0,6,WF.010217,CL-2601-002,17,CL-2601-002,17,10,6
BS-2601-003,10,11,4,DT-EQP-01_20260513T0000_T20,1,8,WF.010217,CL-2601-002,17,CL-2601-002,17,6,10
BS-2601-003,10,10,6,DT-EQP-01_20260513T0000_T20,2,6,WF.010217,CL-2601-002,17,CL-2601-002,17,11,5
BS-2601-003,10,10,5,DT-EQP-01_20260513T0000_T20,2,7,WF.010217,CL-2601-002,17,CL-2601-002,17,7,8
BS-2601-003,10,10,3,DT-EQP-01_20260513T0000_T20,2,9,WF.010217,CL-2601-002,17,CL-2601-002,17,3,6
BS-2601-003,10,9,11,DT-EQP-01_20260513T0000_T20,3,1,WF.010217,CL-2601-002,17,CL-2601-002,17,9,4
BS-2601-003,10,9,10,DT-EQP-01_20260513T0000_T20,3,2,WF.010217,CL-2601-002,17,CL-2601-002,17,9,2
BS-2601-003,10,9,7,DT-EQP-01_20260513T0000_T20,3,5,WF.010217,CL-2601-002,17,CL-2601-002,17,12,6
BS-2601-003,10,9,2,DT-EQP-01_20260513T0000_T20,3,10,WF.010217,CL-2601-002,17,CL-2601-002,17,12,7
BS-2601-003,10,8,9,DT-EQP-01_20260513T0000_T20,4,3,WF.010217,CL-2601-002,17,CL-2601-002,17,3,11
BS-2601-003,10,8,8,DT-EQP-01_20260513T0000_T20,4,4,WF.010217,CL-2601-002,17,CL-2601-002,17,8,3
BS-2601-003,10,8,7,DT-EQP-01_20260513T0000_T20,4,5,WF.010217,CL-2601-002,17,CL-2601-002,17,11,6
BS-2601-003,10,8,6,DT-EQP-01_20260513T0000_T20,4,6,WF.010217,CL-2601-002,17,CL-2601-002,17,7,1
BS-2601-003,10,8,5,DT-EQP-01_20260513T0000_T20,4,7,WF.010217,CL-2601-002,17,CL-2601-002,17,8,1
BS-2601-003,10,7,6,DT-EQP-01_20260513T0000_T20,5,6,WF.010217,CL-2601-002,17,CL-2601-002,17,2,7
BS-2601-003,10,7,5,DT-EQP-01_20260513T0000_T20,5,7,WF.010217,CL-2601-002,17,CL-2601-002,17,6,2
BS-2601-003,10,6,12,DT-EQP-01_20260513T0000_T20,6,0,WF.010217,CL-2601-002,17,CL-2601-002,17,5,12
BS-2601-003,10,6,11,DT-EQP-01_20260513T0000_T20,6,1,WF.010217,CL-2601-002,17,CL-2601-002,17,1,5
BS-2601-003,10,6,9,DT-EQP-01_20260513T0000_T20,6,3,WF.010217,CL-2601-002,17,CL-2601-002,17,5,7
BS-2601-003,10,6,8,DT-EQP-01_20260513T0000_T20,6,4,WF.010217,CL-2601-002,17,CL-2601-002,17,3,3
BS-2601-003,10,6,7,DT-EQP-01_20260513T0000_T20,6,5,WF.010217,CL-2601-002,17,CL-2601-002,17,9,8
BS-2601-003,10,6,4,DT-EQP-01_20260513T0000_T20,6,8,WF.010217,CL-2601-002,17,CL-2601-002,17,4,5
BS-2601-003,10,6,2,DT-EQP-01_20260513T0000_T20,6,10,WF.010217,CL-2601-002,17,CL-2601-002,17,2,10
BS-2601-003,10,6,1,DT-EQP-01_20260513T0000_T20,6,11,WF.010217,CL-2601-002,17,CL-2601-002,17,7,2
BS-2601-003,10,5,12,DT-EQP-01_20260513T0000_T20,7,0,WF.010217,CL-2601-002,17,CL-2601-002,17,7,7
BS-2601-003,10,5,8,DT-EQP-01_20260513T0000_T20,7,4,WF.010217,CL-2601-002,17,CL-2601-002,17,6,11
BS-2601-003,10,5,5,DT-EQP-01_20260513T0000_T20,7,7,WF.010217,CL-2601-002,17,CL-2601-002,17,8,10
BS-2601-003,10,5,1,DT-EQP-01_20260513T0000_T20,7,11,WF.010217,CL-2601-002,17,CL-2601-002,17,7,5
BS-2601-003,10,5,0,DT-EQP-01_20260513T0000_T20,7,12,WF.010217,CL-2601-002,17,CL-2601-002,17,2,9
BS-2601-003,10,4,11,DT-EQP-01_20260513T0000_T20,8,1,WF.010217,CL-2601-002,17,CL-2601-002,17,10,8
BS-2601-003,10,4,8,DT-EQP-01_20260513T0000_T20,8,4,WF.010217,CL-2601-002,17,CL-2601-002,17,7,3
BS-2601-003,10,4,6,DT-EQP-01_20260513T0000_T20,8,6,WF.010217,CL-2601-002,17,CL-2601-002,17,7,6
BS-2601-003,10,3,9,DT-EQP-01_20260513T0000_T20,9,3,WF.010217,CL-2601-002,17,CL-2601-002,17,1,3
BS-2601-003,10,3,5,DT-EQP-01_20260513T0000_T20,9,7,WF.010217,CL-2601-002,17,CL-2601-002,17,10,9
BS-2601-003,10,3,4,DT-EQP-01_20260513T0000_T20,9,8,WF.010217,CL-2601-002,17,CL-2601-002,17,6,1
BS-2601-003,10,3,3,DT-EQP-01_20260513T0000_T20,9,9,WF.010217,CL-2601-002,17,CL-2601-002,17,5,3
BS-2601-003,10,3,2,DT-EQP-01_20260513T0000_T20,9,10,WF.010217,CL-2601-002,17,CL-2601-002,17,9,1
BS-2601-003,10,2,10,DT-EQP-01_20260513T0000_T20,10,2,WF.010217,CL-2601-002,17,CL-2601-002,17,4,3
BS-2601-003,10,2,8,DT-EQP-01_20260513T0000_T20,10,4,WF.010217,CL-2601-002,17,CL-2601-002,17,6,3
BS-2601-003,10,2,3,DT-EQP-01_20260513T0000_T20,10,9,WF.010217,CL-2601-002,17,CL-2601-002,17,9,5
BS-2601-003,10,1,3,DT-EQP-01_20260513T0000_T20,11,9,WF.010217,CL-2601-002,17,CL-2601-002,17,4,1
BS-2601-003,10,0,7,DT-EQP-01_20260513T0000_T20,12,5,WF.010217,CL-2601-002,17,CL-2601-002,17,1,6
BS-2601-003,10,0,5,DT-EQP-01_20260513T0000_T20,12,7,WF.010217,CL-2601-002,17,CL-2601-002,17,1,4
BS-2601-003,11,12,5,DT-EQP-02_20260514T0000_T01,0,7,WF.010604,CL-2601-006,04,CL-2601-006-A1-A7,04,8,11
BS-2601-003,11,11,9,DT-EQP-02_20260514T0000_T01,1,3,WF.010604,CL-2601-006,04,CL-2601-006-A1-A7,04,10,6
BS-2601-003,11,11,7,DT-EQP-02_20260514T0000_T01,1,5,WF.010604,CL-2601-006,04,CL-2601-006-A1-A7,04,5,1
BS-2601-003,11,10,10,DT-EQP-02_20260514T0000_T01,2,2,WF.010604,CL-2601-006,04,CL-2601-006-A1-A7,04,6,9
BS-2601-003,11,10,7,DT-EQP-02_20260514T0000_T01,2,5,WF.010604,CL-2601-006,04,CL-2601-006-A1-A7,04,7,9
BS-2601-003,11,10,6,DT-EQP-02_20260514T0000_T01,2,6,WF.010604,CL-2601-006,04,CL-2601-006-A1-A7,04,4,4
BS-2601-003,11,10,5,DT-EQP-02_20260514T0000_T01,2,7,WF.010604,CL-2601-006,04,CL-2601-006-A1-A7,04,1,4
BS-2601-003,11,10,2,DT-EQP-02_20260514T0000_T01,2,10,WF.010604,CL-2601-006,04,CL-2601-006-A1-A7,04,0,7
BS-2601-003,11,9,11,DT-EQP-02_20260514T0000_T01,3,1,WF.010604,CL-2601-006,04,CL-2601-006-A1-A7,04,7,10
BS-2601-003,11,9,7,DT-EQP-02_20260514T0000_T01,3,5,WF.010604,CL-2601-006,04,CL-2601-006-A1-A7,04,10,9
BS-2601-003,11,9,6,DT-EQP-02_20260514T0000_T01,3,6,WF.010604,CL-2601-006,04,CL-2601-006-A1-A7,04,11,6
BS-2601-003,11,9,1,DT-EQP-02_20260514T0000_T01,3,11,WF.010604,CL-2601-006,04,CL-2601-006-A1-A7,04,1,5
BS-2601-003,11,8,8,DT-EQP-02_20260514T0000_T01,4,4,WF.010604,CL-2601-006,04,CL-2601-006-A1-A7,04,7,12
BS-2601-003,11,8,6,DT-EQP-02_20260514T0000_T01,4,6,WF.010604,CL-2601-006,04,CL-2601-006-A1-A7,04,3,5
BS-2601-003,11,8,5,DT-EQP-02_20260514T0000_T01,4,7,WF.010604,CL-2601-006,04,CL-2601-006-A1-A7,04,4,9
BS-2601-003,11,8,4,DT-EQP-02_20260514T0000_T01,4,8,WF.010604,CL-2601-006,04,CL-2601-006-A1-A7,04,7,11
BS-2601-003,11,7,12,DT-EQP-02_20260514T0000_T01,5,0,WF.010604,CL-2601-006,04,CL-2601-006-A1-A7,04,11,4
BS-2601-003,11,7,11,DT-EQP-02_20260514T0000_T01,5,1,WF.010604,CL-2601-006,04,CL-2601-006-A1-A7,04,0,6
BS-2601-003,11,7,8,DT-EQP-02_20260514T0000_T01,5,4,WF.010604,CL-2601-006,04,CL-2601-006-A1-A7,04,6,6
BS-2601-003,11,7,6,DT-EQP-02_20260514T0000_T01,5,6,WF.010604,CL-2601-006,04,CL-2601-006-A1-A7,04,11,8
BS-2601-003,11,7,3,DT-EQP-02_20260514T0000_T01,5,9,WF.010604,CL-2601-006,04,CL-2601-006-A1-A7,04,11,7
BS-2601-003,11,7,2,DT-EQP-02_20260514T0000_T01,5,10,WF.010604,CL-2601-006,04,CL-2601-006-A1-A7,04,7,6
BS-2601-003,11,6,11,DT-EQP-02_20260514T0000_T01,6,1,WF.010604,CL-2601-006,04,CL-2601-006-A1-A7,04,2,9
BS-2601-003,11,6,10,DT-EQP-02_20260514T0000_T01,6,2,WF.010604,CL-2601-006,04,CL-2601-006-A1-A7,04,9,8
BS-2601-003,11,6,9,DT-EQP-02_20260514T0000_T01,6,3,WF.010604,CL-2601-006,04,CL-2601-006-A1-A7,04,9,1
BS-2601-003,11,6,8,DT-EQP-02_20260514T0000_T01,6,4,WF.010604,CL-2601-006,04,CL-2601-006-A1-A7,04,4,5
BS-2601-003,11,6,4,DT-EQP-02_20260514T0000_T01,6,8,WF.010604,CL-2601-006,04,CL-2601-006-A1-A7,04,8,3
BS-2601-003,11,6,3,DT-EQP-02_20260514T0000_T01,6,9,WF.010604,CL-2601-006,04,CL-2601-006-A1-A7,04,8,10
BS-2601-003,11,6,2,DT-EQP-02_20260514T0000_T01,6,10,WF.010604,CL-2601-006,04,CL-2601-006-A1-A7,04,1,8
BS-2601-003,11,5,11,DT-EQP-02_20260514T0000_T01,7,1,WF.010604,CL-2601-006,04,CL-2601-006-A1-A7,04,6,5
BS-2601-003,11,5,9,DT-EQP-02_20260514T0000_T01,7,3,WF.010604,CL-2601-006,04,CL-2601-006-A1-A7,04,10,5
BS-2601-003,11,5,6,DT-EQP-02_20260514T0000_T01,7,6,WF.010604,CL-2601-006,04,CL-2601-006-A1-A7,04,12,6
BS-2601-003,11,5,4,DT-EQP-02_20260514T0000_T01,7,8,WF.010604,CL-2601-006,04,CL-2601-006-A1-A7,04,5,12
BS-2601-003,11,5,3,DT-EQP-02_20260514T0000_T01,7,9,WF.010604,CL-2601-006,04,CL-2601-006-A1-A7,04,3,11
BS-2601-003,11,5,2,DT-EQP-02_20260514T0000_T01,7,10,WF.010604,CL-2601-006,04,CL-2601-006-A1-A7,04,4,3
BS-2601-003,11,5,1,DT-EQP-02_20260514T0000_T01,7,11,WF.010604,CL-2601-006,04,CL-2601-006-A1-A7,04,10,4
BS-2601-003,11,5,0,DT-EQP-02_20260514T0000_T01,7,12,WF.010604,CL-2601-006,04,CL-2601-006-A1-A7,04,1,9
BS-2601-003,11,4,8,DT-EQP-02_20260514T0000_T01,8,4,WF.010604,CL-2601-006,04,CL-2601-006-A1-A7,04,8,4
BS-2601-003,11,4,6,DT-EQP-02_20260514T0000_T01,8,6,WF.010604,CL-2601-006,04,CL-2601-006-A1-A7,04,9,6
BS-2601-003,11,4,5,DT-EQP-02_20260514T0000_T01,8,7,WF.010604,CL-2601-006,04,CL-2601-006-A1-A7,04,1,7
BS-2601-003,11,3,11,DT-EQP-02_20260514T0000_T01,9,1,WF.010604,CL-2601-006,04,CL-2601-006-A1-A7,04,5,11
BS-2601-003,11,3,5,DT-EQP-02_20260514T0000_T01,9,7,WF.010604,CL-2601-006,04,CL-2601-006-A1-A7,04,2,3
BS-2601-003,11,2,10,DT-EQP-02_20260514T0000_T01,10,2,WF.010604,CL-2601-006,04,CL-2601-006-A1-A7,04,3,6
BS-2601-003,11,2,5,DT-EQP-02_20260514T0000_T01,10,7,WF.010604,CL-2601-006,04,CL-2601-006-A1-A7,04,2,5
BS-2601-003,11,2,2,DT-EQP-02_20260514T0000_T01,10,10,WF.010604,CL-2601-006,04,CL-2601-006-A1-A7,04,3,1
BS-2601-003,11,1,7,DT-EQP-02_20260514T0000_T01,11,5,WF.010604,CL-2601-006,04,CL-2601-006-A1-A7,04,4,2
BS-2601-003,11,1,5,DT-EQP-02_20260514T0000_T01,11,7,WF.010604,CL-2601-006,04,CL-2601-006-A1-A7,04,4,11
BS-2601-003,11,1,3,DT-EQP-02_20260514T0000_T01,11,9,WF.010604,CL-2601-006,04,CL-2601-006-A1-A7,04,6,4
BS-2601-003,11,0,7,DT-EQP-02_20260514T0000_T01,12,5,WF.010604,CL-2601-006,04,CL-2601-006-A1-A7,04,1,6
BS-2601-003,12,11,9,DT-EQP-02_20260514T0000_T02,1,3,WF.010822,CL-2601-008,22,CL-2601-008,22,4,2
BS-2601-003,12,11,5,DT-EQP-02_20260514T0000_T02,1,7,WF.010706,CL-2601-007,06,CL-2601-007-A2-A6-A8,06,5,11
BS-2601-003,12,10,9,DT-EQP-02_20260514T0000_T02,2,3,WF.010822,CL-2601-008,22,CL-2601-008,22,6,3
BS-2601-003,12,10,7,DT-EQP-02_20260514T0000_T02,2,5,WF.010822,CL-2601-008,22,CL-2601-008,22,6,1
BS-2601-003,12,10,4,DT-EQP-02_20260514T0000_T02,2,8,WF.010706,CL-2601-007,06,CL-2601-007-A2-A6-A8,06,8,3
BS-2601-003,12,9,10,DT-EQP-02_20260514T0000_T02,3,2,WF.010822,CL-2601-008,22,CL-2601-008,22,5,5
BS-2601-003,12,9,8,DT-EQP-02_20260514T0000_T02,3,4,WF.010706,CL-2601-007,06,CL-2601-007-A2-A6-A8,06,7,1
BS-2601-003,12,9,4,DT-EQP-02_20260514T0000_T02,3,8,WF.010706,CL-2601-007,06,CL-2601-007-A2-A6-A8,06,9,11
BS-2601-003,12,9,1,DT-EQP-02_20260514T0000_T02,3,11,WF.010706,CL-2601-007,06,CL-2601-007-A2-A6-A8,06,11,3
BS-2601-003,12,8,10,DT-EQP-02_20260514T0000_T02,4,2,WF.010822,CL-2601-008,22,CL-2601-008,22,9,6
BS-2601-003,12,8,7,DT-EQP-02_20260514T0000_T02,4,5,WF.010822,CL-2601-008,22,CL-2601-008,22,1,6
BS-2601-003,12,8,5,DT-EQP-02_20260514T0000_T02,4,7,WF.010822,CL-2601-008,22,CL-2601-008,22,7,11
BS-2601-003,12,8,4,DT-EQP-02_20260514T0000_T02,4,8,WF.010706,CL-2601-007,06,CL-2601-007-A2-A6-A8,06,6,11
BS-2601-003,12,8,2,DT-EQP-02_20260514T0000_T02,4,10,WF.010706,CL-2601-007,06,CL-2601-007-A2-A6-A8,06,6,12
BS-2601-003,12,7,12,DT-EQP-02_20260514T0000_T02,5,0,WF.010822,CL-2601-008,22,CL-2601-008,22,7,8
BS-2601-003,12,7,11,DT-EQP-02_20260514T0000_T02,5,1,WF.010706,CL-2601-007,06,CL-2601-007-A2-A6-A8,06,3,7
BS-2601-003,12,7,10,DT-EQP-02_20260514T0000_T02,5,2,WF.010706,CL-2601-007,06,CL-2601-007-A2-A6-A8,06,3,5
BS-2601-003,12,7,7,DT-EQP-02_20260514T0000_T02,5,5,WF.010706,CL-2601-007,06,CL-2601-007-A2-A6-A8,06,6,6
BS-2601-003,12,7,4,DT-EQP-02_20260514T0000_T02,5,8,WF.010822,CL-2601-008,22,CL-2601-008,22,2,7
BS-2601-003,12,7,2,DT-EQP-02_20260514T0000_T02,5,10,WF.010706,CL-2601-007,06,CL-2601-007-A2-A6-A8,06,8,11
BS-2601-003,12,7,1,DT-EQP-02_20260514T0000_T02,5,11,WF.010706,CL-2601-007,06,CL-2601-007-A2-A6-A8,06,11,6
BS-2601-003,12,5,12,DT-EQP-02_20260514T0000_T02,7,0,WF.010706,CL-2601-007,06,CL-2601-007-A2-A6-A8,06,7,4
BS-2601-003,12,5,10,DT-EQP-02_20260514T0000_T02,7,2,WF.010706,CL-2601-007,06,CL-2601-007-A2-A6-A8,06,5,9
BS-2601-003,12,5,8,DT-EQP-02_20260514T0000_T02,7,4,WF.010822,CL-2601-008,22,CL-2601-008,22,12,7
BS-2601-003,12,5,7,DT-EQP-02_20260514T0000_T02,7,5,WF.010822,CL-2601-008,22,CL-2601-008,22,7,6
BS-2601-003,12,5,5,DT-EQP-02_20260514T0000_T02,7,7,WF.010706,CL-2601-007,06,CL-2601-007-A2-A6-A8,06,9,8
BS-2601-003,12,5,4,DT-EQP-02_20260514T0000_T02,7,8,WF.010706,CL-2601-007,06,CL-2601-007-A2-A6-A8,06,8,6
BS-2601-003,12,5,2,DT-EQP-02_20260514T0000_T02,7,10,WF.010822,CL-2601-008,22,CL-2601-008,22,6,12
BS-2601-003,12,5,1,DT-EQP-02_20260514T0000_T02,7,11,WF.010822,CL-2601-008,22,CL-2601-008,22,12,5
BS-2601-003,12,5,0,DT-EQP-02_20260514T0000_T02,7,12,WF.010706,CL-2601-007,06,CL-2601-007-A2-A6-A8,06,4,4
BS-2601-003,12,4,10,DT-EQP-02_20260514T0000_T02,8,2,WF.010822,CL-2601-008,22,CL-2601-008,22,7,9
BS-2601-003,12,4,4,DT-EQP-02_20260514T0000_T02,8,8,WF.010706,CL-2601-007,06,CL-2601-007-A2-A6-A8,06,6,10
BS-2601-003,12,3,4,DT-EQP-02_20260514T0000_T02,9,8,WF.010706,CL-2601-007,06,CL-2601-007-A2-A6-A8,06,1,9
BS-2601-003,12,3,1,DT-EQP-02_20260514T0000_T02,9,11,WF.010822,CL-2601-008,22,CL-2601-008,22,4,5
BS-2601-003,12,2,9,DT-EQP-02_20260514T0000_T02,10,3,WF.010822,CL-2601-008,22,CL-2601-008,22,9,5
BS-2601-003,12,2,7,DT-EQP-02_20260514T0000_T02,10,5,WF.010822,CL-2601-008,22,CL-2601-008,22,2,9
BS-2601-003,12,2,5,DT-EQP-02_20260514T0000_T02,10,7,WF.010706,CL-2601-007,06,CL-2601-007-A2-A6-A8,06,7,9
BS-2601-003,12,1,9,DT-EQP-02_20260514T0000_T02,11,3,WF.010706,CL-2601-007,06,CL-2601-007-A2-A6-A8,06,7,8
BS-2601-003,12,1,7,DT-EQP-02_20260514T0000_T02,11,5,WF.010822,CL-2601-008,22,CL-2601-008,22,8,3
BS-2601-003,12,1,5,DT-EQP-02_20260514T0000_T02,11,7,WF.010822,CL-2601-008,22,CL-2601-008,22,6,2
BS-2601-003,12,1,3,DT-EQP-02_20260514T0000_T02,11,9,WF.010706,CL-2601-007,06,CL-2601-007-A2-A6-A8,06,10,10
BS-2601-003,12,0,5,DT-EQP-02_20260514T0000_T02,12,7,WF.010822,CL-2601-008,22,CL-2601-008,22,9,1
BS-2601-003,13,12,6,DT-EQP-02_20260514T0000_T03,0,6,WF.010125,CL-2601-001,25,CL-2601-001,25,10,10
BS-2601-003,13,11,9,DT-EQP-02_20260514T0000_T03,1,3,WF.010125,CL-2601-001,25,CL-2601-001,25,7,12
BS-2601-003,13,11,8,DT-EQP-02_20260514T0000_T03,1,4,WF.010523,CL-2601-005,23,CL-2601-005-A5,23,1,4
BS-2601-003,13,11,5,DT-EQP-02_20260514T0000_T03,1,7,WF.010301,CL-2601-003,01,CL-2601-003,01,3,3
BS-2601-003,13,11,4,DT-EQP-02_20260514T0000_T03,1,8,WF.010125,CL-2601-001,25,CL-2601-001,25,2,10
BS-2601-003,13,10,10,DT-EQP-02_20260514T0000_T03,2,2,WF.010301,CL-2601-003,01,CL-2601-003,01,9,9
BS-2601-003,13,10,7,DT-EQP-02_20260514T0000_T03,2,5,WF.010523,CL-2601-005,23,CL-2601-005-A5,23,1,9
BS-2601-003,13,10,3,DT-EQP-02_20260514T0000_T03,2,9,WF.010125,CL-2601-001,25,CL-2601-001,25,7,10
BS-2601-003,13,10,2,DT-EQP-02_20260514T0000_T03,2,10,WF.010125,CL-2601-001,25,CL-2601-001,25,7,11
BS-2601-003,13,9,8,DT-EQP-02_20260514T0000_T03,3,4,WF.010301,CL-2601-003,01,CL-2601-003,01,2,6
BS-2601-003,13,9,7,DT-EQP-02_20260514T0000_T03,3,5,WF.010523,CL-2601-005,23,CL-2601-005-A5,23,4,3
BS-2601-003,13,9,4,DT-EQP-02_20260514T0000_T03,3,8,WF.010301,CL-2601-003,01,CL-2601-003,01,1,3
BS-2601-003,13,9,2,DT-EQP-02_20260514T0000_T03,3,10,WF.010125,CL-2601-001,25,CL-2601-001,25,3,8
BS-2601-003,13,9,1,DT-EQP-02_20260514T0000_T03,3,11,WF.010301,CL-2601-003,01,CL-2601-003,01,8,11
BS-2601-003,13,8,11,DT-EQP-02_20260514T0000_T03,4,1,WF.010523,CL-2601-005,23,CL-2601-005-A5,23,7,3
BS-2601-003,13,8,9,DT-EQP-02_20260514T0000_T03,4,3,WF.010301,CL-2601-003,01,CL-2601-003,01,9,4
BS-2601-003,13,8,7,DT-EQP-02_20260514T0000_T03,4,5,WF.010523,CL-2601-005,23,CL-2601-005-A5,23,8,6
BS-2601-003,13,8,5,DT-EQP-02_20260514T0000_T03,4,7,WF.010125,CL-2601-001,25,CL-2601-001,25,10,9
BS-2601-003,13,8,3,DT-EQP-02_20260514T0000_T03,4,9,WF.010125,CL-2601-001,25,CL-2601-001,25,10,7
BS-2601-003,13,8,1,DT-EQP-02_20260514T0000_T03,4,11,WF.010301,CL-2601-003,01,CL-2601-003,01,11,8
BS-2601-003,13,7,11,DT-EQP-02_20260514T0000_T03,5,1,WF.010523,CL-2601-005,23,CL-2601-005-A5,23,2,3
BS-2601-003,13,7,9,DT-EQP-02_20260514T0000_T03,5,3,WF.010301,CL-2601-003,01,CL-2601-003,01,5,10
BS-2601-003,13,7,8,DT-EQP-02_20260514T0000_T03,5,4,WF.010125,CL-2601-001,25,CL-2601-001,25,6,4
BS-2601-003,13,7,6,DT-EQP-02_20260514T0000_T03,5,6,WF.010125,CL-2601-001,25,CL-2601-001,25,6,8
BS-2601-003,13,7,4,DT-EQP-02_20260514T0000_T03,5,8,WF.010301,CL-2601-003,01,CL-2601-003,01,9,7
BS-2601-003,13,6,12,DT-EQP-02_20260514T0000_T03,6,0,WF.010301,CL-2601-003,01,CL-2601-003,01,5,9
BS-2601-003,13,6,5,DT-EQP-02_20260514T0000_T03,6,7,WF.010301,CL-2601-003,01,CL-2601-003,01,3,6
BS-2601-003,13,6,0,DT-EQP-02_20260514T0000_T03,6,12,WF.010301,CL-2601-003,01,CL-2601-003,01,3,1
BS-2601-003,13,5,11,DT-EQP-02_20260514T0000_T03,7,1,WF.010125,CL-2601-001,25,CL-2601-001,25,5,5
BS-2601-003,13,5,10,DT-EQP-02_20260514T0000_T03,7,2,WF.010301,CL-2601-003,01,CL-2601-003,01,7,9
BS-2601-003,13,5,3,DT-EQP-02_20260514T0000_T03,7,9,WF.010523,CL-2601-005,23,CL-2601-005-A5,23,5,9
BS-2601-003,13,5,2,DT-EQP-02_20260514T0000_T03,7,10,WF.010523,CL-2601-005,23,CL-2601-005-A5,23,8,8
BS-2601-003,13,5,1,DT-EQP-02_20260514T0000_T03,7,11,WF.010125,CL-2601-001,25,CL-2601-001,25,10,8
BS-2601-003,13,4,11,DT-EQP-02_20260514T0000_T03,8,1,WF.010301,CL-2601-003,01,CL-2601-003,01,4,11
BS-2601-003,13,4,9,DT-EQP-02_20260514T0000_T03,8,3,WF.010301,CL-2601-003,01,CL-2601-003,01,6,0
BS-2601-003,13,4,7,DT-EQP-02_20260514T0000_T03,8,5,WF.010523,CL-2601-005,23,CL-2601-005-A5,23,6,4
BS-2601-003,13,4,5,DT-EQP-02_20260514T0000_T03,8,7,WF.010125,CL-2601-001,25,CL-2601-001,25,6,10
BS-2601-003,13,3,10,DT-EQP-02_20260514T0000_T03,9,2,WF.010125,CL-2601-001,25,CL-2601-001,25,9,10
BS-2601-003,13,3,8,DT-EQP-02_20260514T0000_T03,9,4,WF.010125,CL-2601-001,25,CL-2601-001,25,0,5
BS-2601-003,13,3,7,DT-EQP-02_20260514T0000_T03,9,5,WF.010125,CL-2601-001,25,CL-2601-001,25,6,9
BS-2601-003,13,3,2,DT-EQP-02_20260514T0000_T03,9,10,WF.010301,CL-2601-003,01,CL-2601-003,01,6,5
BS-2601-003,13,3,1,DT-EQP-02_20260514T0000_T03,9,11,WF.010125,CL-2601-001,25,CL-2601-001,25,12,7
BS-2601-003,13,2,10,DT-EQP-02_20260514T0000_T03,10,2,WF.010523,CL-2601-005,23,CL-2601-005-A5,23,7,6
BS-2601-003,13,2,9,DT-EQP-02_20260514T0000_T03,10,3,WF.010125,CL-2601-001,25,CL-2601-001,25,10,3
BS-2601-003,13,2,2,DT-EQP-02_20260514T0000_T03,10,10,WF.010523,CL-2601-005,23,CL-2601-005-A5,23,2,6
BS-2601-003,13,1,7,DT-EQP-02_20260514T0000_T03,11,5,WF.010301,CL-2601-003,01,CL-2601-003,01,4,8
BS-2601-003,13,1,5,DT-EQP-02_20260514T0000_T03,11,7,WF.010301,CL-2601-003,01,CL-2601-003,01,6,4
BS-2601-003,13,1,4,DT-EQP-02_20260514T0000_T03,11,8,WF.010523,CL-2601-005,23,CL-2601-005-A5,23,7,12
BS-2601-003,13,1,3,DT-EQP-02_20260514T0000_T03,11,9,WF.010301,CL-2601-003,01,CL-2601-003,01,4,6
BS-2601-003,13,0,6,DT-EQP-02_20260514T0000_T03,12,6,WF.010523,CL-2601-005,23,CL-2601-005-A5,23,8,1
BS-2601-003,14,11,7,DT-EQP-02_20260514T0000_T04,1,5,WF.010409,CL-2601-004,09,CL-2601-004,09,1,9
BS-2601-003,14,11,6,DT-EQP-02_20260514T0000_T04,1,6,WF.010505,CL-2601-005,05,CL-2601-005-A5,05,3,1
BS-2601-003,14,11,5,DT-EQP-02_20260514T0000_T04,1,7,WF.010505,CL-2601-005,05,CL-2601-005-A5,05,7,7
BS-2601-003,14,11,4,DT-EQP-02_20260514T0000_T04,1,8,WF.010505,CL-2601-005,05,CL-2601-005-A5,05,7,11
BS-2601-003,14,10,9,DT-EQP-02_20260514T0000_T04,2,3,WF.010409,CL-2601-004,09,CL-2601-004,09,9,8
BS-2601-003,14,10,8,DT-EQP-02_20260514T0000_T04,2,4,WF.010505,CL-2601-005,05,CL-2601-005-A5,05,6,11
BS-2601-003,14,10,5,DT-EQP-02_20260514T0000_T04,2,7,WF.010409,CL-2601-004,09,CL-2601-004,09,10,10
BS-2601-003,14,10,4,DT-EQP-02_20260514T0000_T04,2,8,WF.010409,CL-2601-004,09,CL-2601-004,09,11,3
BS-2601-003,14,9,10,DT-EQP-02_20260514T0000_T04,3,2,WF.010409,CL-2601-004,09,CL-2601-004,09,6,1
BS-2601-003,14,9,6,DT-EQP-02_20260514T0000_T04,3,6,WF.010122,CL-2601-001,22,CL-2601-001,22,9,9
BS-2601-003,14,8,11,DT-EQP-02_20260514T0000_T04,4,1,WF.010122,CL-2601-001,22,CL-2601-001,22,1,6
BS-2601-003,14,8,10,DT-EQP-02_20260514T0000_T04,4,2,WF.010409,CL-2601-004,09,CL-2601-004,09,3,5
BS-2601-003,14,8,8,DT-EQP-02_20260514T0000_T04,4,4,WF.010122,CL-2601-001,22,CL-2601-001,22,8,11
BS-2601-003,14,8,7,DT-EQP-02_20260514T0000_T04,4,5,WF.010505,CL-2601-005,05,CL-2601-005-A5,05,9,10
BS-2601-003,14,8,6,DT-EQP-02_20260514T0000_T04,4,6,WF.010505,CL-2601-005,05,CL-2601-005-A5,05,8,3
BS-2601-003,14,8,5,DT-EQP-02_20260514T0000_T04,4,7,WF.010122,CL-2601-001,22,CL-2601-001,22,6,4
BS-2601-003,14,8,2,DT-EQP-02_20260514T0000_T04,4,10,WF.010409,CL-2601-004,09,CL-2601-004,09,5,9
BS-2601-003,14,7,11,DT-EQP-02_20260514T0000_T04,5,1,WF.010505,CL-2601-005,05,CL-2601-005-A5,05,7,2
BS-2601-003,14,7,8,DT-EQP-02_20260514T0000_T04,5,4,WF.010505,CL-2601-005,05,CL-2601-005-A5,05,2,5
BS-2601-003,14,7,5,DT-EQP-02_20260514T0000_T04,5,7,WF.010505,CL-2601-005,05,CL-2601-005-A5,05,8,7
BS-2601-003,14,7,1,DT-EQP-02_20260514T0000_T04,5,11,WF.010505,CL-2601-005,05,CL-2601-005-A5,05,3,9
BS-2601-003,14,6,11,DT-EQP-02_20260514T0000_T04,6,1,WF.010409,CL-2601-004,09,CL-2601-004,09,4,9
BS-2601-003,14,6,10,DT-EQP-02_20260514T0000_T04,6,2,WF.010505,CL-2601-005,05,CL-2601-005-A5,05,10,3
BS-2601-003,14,6,4,DT-EQP-02_20260514T0000_T04,6,8,WF.010409,CL-2601-004,09,CL-2601-004,09,6,2
BS-2601-003,14,6,1,DT-EQP-02_20260514T0000_T04,6,11,WF.010505,CL-2601-005,05,CL-2601-005-A5,05,10,4
BS-2601-003,14,5,8,DT-EQP-02_20260514T0000_T04,7,4,WF.010505,CL-2601-005,05,CL-2601-005-A5,05,0,6
BS-2601-003,14,5,7,DT-EQP-02_20260514T0000_T04,7,5,WF.010122,CL-2601-001,22,CL-2601-001,22,5,10
BS-2601-003,14,5,5,DT-EQP-02_20260514T0000_T04,7,7,WF.010505,CL-2601-005,05,CL-2601-005-A5,05,8,1
BS-2601-003,14,5,1,DT-EQP-02_20260514T0000_T04,7,11,WF.010409,CL-2601-004,09,CL-2601-004,09,10,7
BS-2601-003,14,4,8,DT-EQP-02_20260514T0000_T04,8,4,WF.010409,CL-2601-004,09,CL-2601-004,09,6,9
BS-2601-003,14,4,6,DT-EQP-02_20260514T0000_T04,8,6,WF.010505,CL-2601-005,05,CL-2601-005-A5,05,10,6
BS-2601-003,14,4,5,DT-EQP-02_20260514T0000_T04,8,7,WF.010505,CL-2601-005,05,CL-2601-005-A5,05,4,2
BS-2601-003,14,4,4,DT-EQP-02_20260514T0000_T04,8,8,WF.010122,CL-2601-001,22,CL-2601-001,22,6,2
BS-2601-003,14,4,2,DT-EQP-02_20260514T0000_T04,8,10,WF.010122,CL-2601-001,22,CL-2601-001,22,10,7
BS-2601-003,14,3,10,DT-EQP-02_20260514T0000_T04,9,2,WF.010409,CL-2601-004,09,CL-2601-004,09,12,5
BS-2601-003,14,3,6,DT-EQP-02_20260514T0000_T04,9,6,WF.010409,CL-2601-004,09,CL-2601-004,09,4,6
BS-2601-003,14,3,2,DT-EQP-02_20260514T0000_T04,9,10,WF.010505,CL-2601-005,05,CL-2601-005-A5,05,7,8
BS-2601-003,14,2,9,DT-EQP-02_20260514T0000_T04,10,3,WF.010409,CL-2601-004,09,CL-2601-004,09,7,3
BS-2601-003,14,2,8,DT-EQP-02_20260514T0000_T04,10,4,WF.010122,CL-2601-001,22,CL-2601-001,22,7,4
BS-2601-003,14,2,6,DT-EQP-02_20260514T0000_T04,10,6,WF.010409,CL-2601-004,09,CL-2601-004,09,6,7
BS-2601-003,14,2,5,DT-EQP-02_20260514T0000_T04,10,7,WF.010122,CL-2601-001,22,CL-2601-001,22,4,7
BS-2601-003,14,1,4,DT-EQP-02_20260514T0000_T04,11,8,WF.010122,CL-2601-001,22,CL-2601-001,22,1,7
BS-2601-003,15,11,7,DT-EQP-02_20260514T0000_T05,1,5,WF.010122,CL-2601-001,22,CL-2601-001,22,9,10
BS-2601-003,15,11,5,DT-EQP-02_20260514T0000_T05,1,7,WF.010703,CL-2601-007,03,CL-2601-007-A2-A6-A8,03,7,9
BS-2601-003,15,10,9,DT-EQP-02_20260514T0000_T05,2,3,WF.010118,CL-2601-001,18,CL-2601-001,18,10,8
BS-2601-003,15,10,8,DT-EQP-02_20260514T0000_T05,2,4,WF.010703,CL-2601-007,03,CL-2601-007-A2-A6-A8,03,9,4
BS-2601-003,15,10,7,DT-EQP-02_20260514T0000_T05,2,5,WF.010118,CL-2601-001,18,CL-2601-001,18,3,5
BS-2601-003,15,10,6,DT-EQP-02_20260514T0000_T05,2,6,WF.010118,CL-2601-001,18,CL-2601-001,18,8,11
BS-2601-003,15,10,5,DT-EQP-02_20260514T0000_T05,2,7,WF.010118,CL-2601-001,18,CL-2601-001,18,2,8
BS-2601-003,15,10,4,DT-EQP-02_20260514T0000_T05,2,8,WF.010118,CL-2601-001,18,CL-2601-001,18,12,6
BS-2601-003,15,9,10,DT-EQP-02_20260514T0000_T05,3,2,WF.010703,CL-2601-007,03,CL-2601-007-A2-A6-A8,03,9,2
BS-2601-003,15,9,8,DT-EQP-02_20260514T0000_T05,3,4,WF.010703,CL-2601-007,03,CL-2601-007-A2-A6-A8,03,5,0
BS-2601-003,15,9,7,DT-EQP-02_20260514T0000_T05,3,5,WF.010118,CL-2601-001,18,CL-2601-001,18,8,1
BS-2601-003,15,9,5,DT-EQP-02_20260514T0000_T05,3,7,WF.010122,CL-2601-001,22,CL-2601-001,22,2,4
BS-2601-003,15,8,9,DT-EQP-02_20260514T0000_T05,4,3,WF.010118,CL-2601-001,18,CL-2601-001,18,6,5
BS-2601-003,15,8,7,DT-EQP-02_20260514T0000_T05,4,5,WF.010122,CL-2601-001,22,CL-2601-001,22,2,5
BS-2601-003,15,8,5,DT-EQP-02_20260514T0000_T05,4,7,WF.010703,CL-2601-007,03,CL-2601-007-A2-A6-A8,03,7,5
BS-2601-003,15,8,3,DT-EQP-02_20260514T0000_T05,4,9,WF.010118,CL-2601-001,18,CL-2601-001,18,10,9
BS-2601-003,15,8,2,DT-EQP-02_20260514T0000_T05,4,10,WF.010703,CL-2601-007,03,CL-2601-007-A2-A6-A8,03,8,10
BS-2601-003,15,7,11,DT-EQP-02_20260514T0000_T05,5,1,WF.010703,CL-2601-007,03,CL-2601-007-A2-A6-A8,03,3,7
BS-2601-003,15,7,3,DT-EQP-02_20260514T0000_T05,5,9,WF.010703,CL-2601-007,03,CL-2601-007-A2-A6-A8,03,11,8
BS-2601-003,15,7,2,DT-EQP-02_20260514T0000_T05,5,10,WF.010122,CL-2601-001,22,CL-2601-001,22,5,0
BS-2601-003,15,7,1,DT-EQP-02_20260514T0000_T05,5,11,WF.010703,CL-2601-007,03,CL-2601-007-A2-A6-A8,03,8,3
BS-2601-003,15,6,11,DT-EQP-02_20260514T0000_T05,6,1,WF.010122,CL-2601-001,22,CL-2601-001,22,4,4
BS-2601-003,15,6,8,DT-EQP-02_20260514T0000_T05,6,4,WF.010703,CL-2601-007,03,CL-2601-007-A2-A6-A8,03,8,8
BS-2601-003,15,6,5,DT-EQP-02_20260514T0000_T05,6,7,WF.010118,CL-2601-001,18,CL-2601-001,18,5,3
BS-2601-003,15,6,4,DT-EQP-02_20260514T0000_T05,6,8,WF.010118,CL-2601-001,18,CL-2601-001,18,6,12
BS-2601-003,15,6,2,DT-EQP-02_20260514T0000_T05,6,10,WF.010118,CL-2601-001,18,CL-2601-001,18,11,8
BS-2601-003,15,6,1,DT-EQP-02_20260514T0000_T05,6,11,WF.010118,CL-2601-001,18,CL-2601-001,18,10,5
BS-2601-003,15,5,11,DT-EQP-02_20260514T0000_T05,7,1,WF.010118,CL-2601-001,18,CL-2601-001,18,5,10
BS-2601-003,15,5,10,DT-EQP-02_20260514T0000_T05,7,2,WF.010118,CL-2601-001,18,CL-2601-001,18,1,3
BS-2601-003,15,5,9,DT-EQP-02_20260514T0000_T05,7,3,WF.010118,CL-2601-001,18,CL-2601-001,18,3,8
BS-2601-003,15,5,8,DT-EQP-02_20260514T0000_T05,7,4,WF.010118,CL-2601-001,18,CL-2601-001,18,4,9
BS-2601-003,15,5,7,DT-EQP-02_20260514T0000_T05,7,5,WF.010122,CL-2601-001,22,CL-2601-001,22,7,8
BS-2601-003,15,5,6,DT-EQP-02_20260514T0000_T05,7,6,WF.010118,CL-2601-001,18,CL-2601-001,18,10,2
BS-2601-003,15,5,3,DT-EQP-02_20260514T0000_T05,7,9,WF.010703,CL-2601-007,03,CL-2601-007-A2-A6-A8,03,4,4
BS-2601-003,15,4,10,DT-EQP-02_20260514T0000_T05,8,2,WF.010703,CL-2601-007,03,CL-2601-007-A2-A6-A8,03,4,2
BS-2601-003,15,4,9,DT-EQP-02_20260514T0000_T05,8,3,WF.010703,CL-2601-007,03,CL-2601-007-A2-A6-A8,03,9,8
BS-2601-003,15,4,6,DT-EQP-02_20260514T0000_T05,8,6,WF.010703,CL-2601-007,03,CL-2601-007-A2-A6-A8,03,3,6
BS-2601-003,15,3,10,DT-EQP-02_20260514T0000_T05,9,2,WF.010118,CL-2601-001,18,CL-2601-001,18,7,7
BS-2601-003,15,3,8,DT-EQP-02_20260514T0000_T05,9,4,WF.010118,CL-2601-001,18,CL-2601-001,18,10,3
BS-2601-003,15,3,7,DT-EQP-02_20260514T0000_T05,9,5,WF.010703,CL-2601-007,03,CL-2601-007-A2-A6-A8,03,0,6
BS-2601-003,15,3,5,DT-EQP-02_20260514T0000_T05,9,7,WF.010122,CL-2601-001,22,CL-2601-001,22,4,2
BS-2601-003,15,3,4,DT-EQP-02_20260514T0000_T05,9,8,WF.010703,CL-2601-007,03,CL-2601-007-A2-A6-A8,03,7,2
BS-2601-003,15,3,2,DT-EQP-02_20260514T0000_T05,9,10,WF.010703,CL-2601-007,03,CL-2601-007-A2-A6-A8,03,10,3
BS-2601-003,15,2,7,DT-EQP-02_20260514T0000_T05,10,5,WF.010118,CL-2601-001,18,CL-2601-001,18,7,0
BS-2601-003,15,2,6,DT-EQP-02_20260514T0000_T05,10,6,WF.010703,CL-2601-007,03,CL-2601-007-A2-A6-A8,03,2,8
BS-2601-003,15,2,5,DT-EQP-02_20260514T0000_T05,10,7,WF.010122,CL-2601-001,22,CL-2601-001,22,6,5
BS-2601-003,15,2,3,DT-EQP-02_20260514T0000_T05,10,9,WF.010703,CL-2601-007,03,CL-2601-007-A2-A6-A8,03,6,0
BS-2601-003,16,12,7,DT-EQP-02_20260514T0000_T06,0,5,WF.010402,CL-2601-004,02,CL-2601-004,02,3,6
BS-2601-003,16,12,6,DT-EQP-02_20260514T0000_T06,0,6,WF.010402,CL-2601-004,02,CL-2601-004,02,10,8
BS-2601-003,16,12,5,DT-EQP-02_20260514T0000_T06,0,7,WF.010402,CL-2601-004,02,CL-2601-004,02,7,7
BS-2601-003,16,11,9,DT-EQP-02_20260514T0000_T06,1,3,WF.010402,CL-2601-004,02,CL-2601-004,02,2,7
BS-2601-003,16,11,7,DT-EQP-02_20260514T0000_T06,1,5,WF.010402,CL-2601-004,02,CL-2601-004,02,5,1
BS-2601-003,16,11,5,DT-EQP-02_20260514T0000_T06,1,7,WF.010402,CL-2601-004,02,CL-2601-004,02,9,6
BS-2601-003,16,11,3,DT-EQP-02_20260514T0000_T06,1,9,WF.010402,CL-2601-004,02,CL-2601-004,02,5,3
BS-2601-003,16,10,7,DT-EQP-02_20260514T0000_T06,2,5,WF.010402,CL-2601-004,02,CL-2601-004,02,10,6
BS-2601-003,16,10,5,DT-EQP-02_20260514T0000_T06,2,7,WF.010402,CL-2601-004,02,CL-2601-004,02,1,7
BS-2601-003,16,10,3,DT-EQP-02_20260514T0000_T06,2,9,WF.010402,CL-2601-004,02,CL-2601-004,02,6,2
BS-2601-003,16,9,5,DT-EQP-02_20260514T0000_T06,3,7,WF.010402,CL-2601-004,02,CL-2601-004,02,9,1
BS-2601-003,16,9,2,DT-EQP-02_20260514T0000_T06,3,10,WF.010402,CL-2601-004,02,CL-2601-004,02,6,3
BS-2601-003,16,9,1,DT-EQP-02_20260514T0000_T06,3,11,WF.010402,CL-2601-004,02,CL-2601-004,02,7,10
BS-2601-003,16,8,11,DT-EQP-02_20260514T0000_T06,4,1,WF.010402,CL-2601-004,02,CL-2601-004,02,2,5
BS-2601-003,16,8,10,DT-EQP-02_20260514T0000_T06,4,2,WF.010402,CL-2601-004,02,CL-2601-004,02,12,6
BS-2601-003,16,8,6,DT-EQP-02_20260514T0000_T06,4,6,WF.010402,CL-2601-004,02,CL-2601-004,02,7,9
BS-2601-003,16,8,2,DT-EQP-02_20260514T0000_T06,4,10,WF.010402,CL-2601-004,02,CL-2601-004,02,1,5
BS-2601-003,16,8,1,DT-EQP-02_20260514T0000_T06,4,11,WF.010402,CL-2601-004,02,CL-2601-004,02,7,2
BS-2601-003,16,7,11,DT-EQP-02_20260514T0000_T06,5,1,WF.010402,CL-2601-004,02,CL-2601-004,02,1,9
BS-2601-003,16,7,10,DT-EQP-02_20260514T0000_T06,5,2,WF.010402,CL-2601-004,02,CL-2601-004,02,2,6
BS-2601-003,16,7,9,DT-EQP-02_20260514T0000_T06,5,3,WF.010402,CL-2601-004,02,CL-2601-004,02,5,7
BS-2601-003,16,7,1,DT-EQP-02_20260514T0000_T06,5,11,WF.010402,CL-2601-004,02,CL-2601-004,02,3,4
BS-2601-003,16,7,0,DT-EQP-02_20260514T0000_T06,5,12,WF.010402,CL-2601-004,02,CL-2601-004,02,7,11
BS-2601-003,16,6,10,DT-EQP-02_20260514T0000_T06,6,2,WF.010402,CL-2601-004,02,CL-2601-004,02,5,9
BS-2601-003,16,6,4,DT-EQP-02_20260514T0000_T06,6,8,WF.010402,CL-2601-004,02,CL-2601-004,02,1,4
BS-2601-003,16,5,12,DT-EQP-02_20260514T0000_T06,7,0,WF.010402,CL-2601-004,02,CL-2601-004,02,6,5
BS-2601-003,16,5,11,DT-EQP-02_20260514T0000_T06,7,1,WF.010402,CL-2601-004,02,CL-2601-004,02,10,5
BS-2601-003,16,5,10,DT-EQP-02_20260514T0000_T06,7,2,WF.010402,CL-2601-004,02,CL-2601-004,02,12,7
BS-2601-003,16,5,3,DT-EQP-02_20260514T0000_T06,7,9,WF.010402,CL-2601-004,02,CL-2601-004,02,9,4
BS-2601-003,16,5,2,DT-EQP-02_20260514T0000_T06,7,10,WF.010402,CL-2601-004,02,CL-2601-004,02,11,9
BS-2601-003,16,5,1,DT-EQP-02_20260514T0000_T06,7,11,WF.010402,CL-2601-004,02,CL-2601-004,02,11,5
BS-2601-003,16,5,0,DT-EQP-02_20260514T0000_T06,7,12,WF.010402,CL-2601-004,02,CL-2601-004,02,11,7
BS-2601-003,16,4,11,DT-EQP-02_20260514T0000_T06,8,1,WF.010402,CL-2601-004,02,CL-2601-004,02,10,4
BS-2601-003,16,4,10,DT-EQP-02_20260514T0000_T06,8,2,WF.010402,CL-2601-004,02,CL-2601-004,02,7,3
BS-2601-003,16,4,6,DT-EQP-02_20260514T0000_T06,8,6,WF.010402,CL-2601-004,02,CL-2601-004,02,6,8
BS-2601-003,16,4,1,DT-EQP-02_20260514T0000_T06,8,11,WF.010402,CL-2601-004,02,CL-2601-004,02,5,5
BS-2601-003,16,3,11,DT-EQP-02_20260514T0000_T06,9,1,WF.010402,CL-2601-004,02,CL-2601-004,02,3,3
BS-2601-003,16,3,10,DT-EQP-02_20260514T0000_T06,9,2,WF.010402,CL-2601-004,02,CL-2601-004,02,8,4
BS-2601-003,16,3,7,DT-EQP-02_20260514T0000_T06,9,5,WF.010402,CL-2601-004,02,CL-2601-004,02,7,0
BS-2601-003,16,3,5,DT-EQP-02_20260514T0000_T06,9,7,WF.010402,CL-2601-004,02,CL-2601-004,02,7,12
BS-2601-003,16,3,2,DT-EQP-02_20260514T0000_T06,9,10,WF.010402,CL-2601-004,02,CL-2601-004,02,7,5
BS-2601-003,16,2,8,DT-EQP-02_20260514T0000_T06,10,4,WF.010402,CL-2601-004,02,CL-2601-004,02,0,7
BS-2601-003,16,2,5,DT-EQP-02_20260514T0000_T06,10,7,WF.010402,CL-2601-004,02,CL-2601-004,02,2,4
BS-2601-003,16,2,4,DT-EQP-02_20260514T0000_T06,10,8,WF.010402,CL-2601-004,02,CL-2601-004,02,9,5
BS-2601-003,16,2,3,DT-EQP-02_20260514T0000_T06,10,9,WF.010402,CL-2601-004,02,CL-2601-004,02,11,6
BS-2601-003,16,1,9,DT-EQP-02_20260514T0000_T06,11,3,WF.010402,CL-2601-004,02,CL-2601-004,02,4,2
BS-2601-003,16,1,8,DT-EQP-02_20260514T0000_T06,11,4,WF.010402,CL-2601-004,02,CL-2601-004,02,5,8
BS-2601-003,16,1,3,DT-EQP-02_20260514T0000_T06,11,9,WF.010402,CL-2601-004,02,CL-2601-004,02,6,10
BS-2601-003,16,0,7,DT-EQP-02_20260514T0000_T06,12,5,WF.010402,CL-2601-004,02,CL-2601-004,02,3,10
BS-2601-003,16,0,6,DT-EQP-02_20260514T0000_T06,12,6,WF.010402,CL-2601-004,02,CL-2601-004,02,3,9
BS-2601-003,17,12,6,DT-EQP-02_20260514T0000_T07,0,6,WF.010714,CL-2601-007,14,CL-2601-007-A2-A6-A8,14,9,1
BS-2601-003,17,11,8,DT-EQP-02_20260514T0000_T07,1,4,WF.010714,CL-2601-007,14,CL-2601-007-A2-A6-A8,14,8,10
BS-2601-003,17,11,7,DT-EQP-02_20260514T0000_T07,1,5,WF.010714,CL-2601-007,14,CL-2601-007-A2-A6-A8,14,10,3
BS-2601-003,17,10,8,DT-EQP-02_20260514T0000_T07,2,4,WF.010714,CL-2601-007,14,CL-2601-007-A2-A6-A8,14,7,5
BS-2601-003,17,9,10,DT-EQP-02_20260514T0000_T07,3,2,WF.010714,CL-2601-007,14,CL-2601-007-A2-A6-A8,14,3,3
BS-2601-003,17,9,8,DT-EQP-02_20260514T0000_T07,3,4,WF.010714,CL-2601-007,14,CL-2601-007-A2-A6-A8,14,4,10
BS-2601-003,17,9,6,DT-EQP-02_20260514T0000_T07,3,6,WF.010714,CL-2601-007,14,CL-2601-007-A2-A6-A8,14,1,4
BS-2601-003,17,9,2,DT-EQP-02_20260514T0000_T07,3,10,WF.010714,CL-2601-007,14,CL-2601-007-A2-A6-A8,14,6,4
BS-2601-003,17,8,11,DT-EQP-02_20260514T0000_T07,4,1,WF.010714,CL-2601-007,14,CL-2601-007-A2-A6-A8,14,10,8
BS-2601-003,17,8,8,DT-EQP-02_20260514T0000_T07,4,4,WF.010714,CL-2601-007,14,CL-2601-007-A2-A6-A8,14,7,12
BS-2601-003,17,8,4,DT-EQP-02_20260514T0000_T07,4,8,WF.010714,CL-2601-007,14,CL-2601-007-A2-A6-A8,14,7,1
BS-2601-003,17,8,3,DT-EQP-02_20260514T0000_T07,4,9,WF.010714,CL-2601-007,14,CL-2601-007-A2-A6-A8,14,11,4
BS-2601-003,17,8,2,DT-EQP-02_20260514T0000_T07,4,10,WF.010714,CL-2601-007,14,CL-2601-007-A2-A6-A8,14,5,9
BS-2601-003,17,8,1,DT-EQP-02_20260514T0000_T07,4,11,WF.010714,CL-2601-007,14,CL-2601-007-A2-A6-A8,14,6,9
BS-2601-003,17,7,12,DT-EQP-02_20260514T0000_T07,5,0,WF.010714,CL-2601-007,14,CL-2601-007-A2-A6-A8,14,6,0
BS-2601-003,17,7,11,DT-EQP-02_20260514T0000_T07,5,1,WF.010714,CL-2601-007,14,CL-2601-007-A2-A6-A8,14,8,9
BS-2601-003,17,7,5,DT-EQP-02_20260514T0000_T07,5,7,WF.010714,CL-2601-007,14,CL-2601-007-A2-A6-A8,14,5,8
BS-2601-003,17,7,1,DT-EQP-02_20260514T0000_T07,5,11,WF.010714,CL-2601-007,14,CL-2601-007-A2-A6-A8,14,5,11
BS-2601-003,17,6,12,DT-EQP-02_20260514T0000_T07,6,0,WF.010714,CL-2601-007,14,CL-2601-007-A2-A6-A8,14,9,5
BS-2601-003,17,6,7,DT-EQP-02_20260514T0000_T07,6,5,WF.010714,CL-2601-007,14,CL-2601-007-A2-A6-A8,14,9,2
BS-2601-003,17,6,1,DT-EQP-02_20260514T0000_T07,6,11,WF.010714,CL-2601-007,14,CL-2601-007-A2-A6-A8,14,4,1
BS-2601-003,17,6,0,DT-EQP-02_20260514T0000_T07,6,12,WF.010714,CL-2601-007,14,CL-2601-007-A2-A6-A8,14,11,6
BS-2601-003,17,5,12,DT-EQP-02_20260514T0000_T07,7,0,WF.010714,CL-2601-007,14,CL-2601-007-A2-A6-A8,14,11,7
BS-2601-003,17,5,11,DT-EQP-02_20260514T0000_T07,7,1,WF.010714,CL-2601-007,14,CL-2601-007-A2-A6-A8,14,10,6
BS-2601-003,17,5,7,DT-EQP-02_20260514T0000_T07,7,5,WF.010714,CL-2601-007,14,CL-2601-007-A2-A6-A8,14,1,6
BS-2601-003,17,4,11,DT-EQP-02_20260514T0000_T07,8,1,WF.010714,CL-2601-007,14,CL-2601-007-A2-A6-A8,14,9,8
BS-2601-003,17,4,9,DT-EQP-02_20260514T0000_T07,8,3,WF.010714,CL-2601-007,14,CL-2601-007-A2-A6-A8,14,6,12
BS-2601-003,17,4,4,DT-EQP-02_20260514T0000_T07,8,8,WF.010714,CL-2601-007,14,CL-2601-007-A2-A6-A8,14,4,3
BS-2601-003,17,4,2,DT-EQP-02_20260514T0000_T07,8,10,WF.010714,CL-2601-007,14,CL-2601-007-A2-A6-A8,14,4,7
BS-2601-003,17,3,10,DT-EQP-02_20260514T0000_T07,9,2,WF.010714,CL-2601-007,14,CL-2601-007-A2-A6-A8,14,7,2
BS-2601-003,17,3,8,DT-EQP-02_20260514T0000_T07,9,4,WF.010714,CL-2601-007,14,CL-2601-007-A2-A6-A8,14,8,1
BS-2601-003,17,2,8,DT-EQP-02_20260514T0000_T07,10,4,WF.010714,CL-2601-007,14,CL-2601-007-A2-A6-A8,14,6,6
BS-2601-003,17,2,3,DT-EQP-02_20260514T0000_T07,10,9,WF.010714,CL-2601-007,14,CL-2601-007-A2-A6-A8,14,5,2
BS-2601-003,17,2,2,DT-EQP-02_20260514T0000_T07,10,10,WF.010714,CL-2601-007,14,CL-2601-007-A2-A6-A8,14,9,3
BS-2601-003,17,1,8,DT-EQP-02_20260514T0000_T07,11,4,WF.010714,CL-2601-007,14,CL-2601-007-A2-A6-A8,14,5,5
BS-2601-003,17,1,6,DT-EQP-02_20260514T0000_T07,11,6,WF.010714,CL-2601-007,14,CL-2601-007-A2-A6-A8,14,7,3
BS-2601-003,17,1,5,DT-EQP-02_20260514T0000_T07,11,7,WF.010714,CL-2601-007,14,CL-2601-007-A2-A6-A8,14,0,7
BS-2601-003,17,1,4,DT-EQP-02_20260514T0000_T07,11,8,WF.010714,CL-2601-007,14,CL-2601-007-A2-A6-A8,14,8,4
BS-2601-003,17,0,7,DT-EQP-02_20260514T0000_T07,12,5,WF.010714,CL-2601-007,14,CL-2601-007-A2-A6-A8,14,5,1
BS-2601-003,17,0,5,DT-EQP-02_20260514T0000_T07,12,7,WF.010714,CL-2601-007,14,CL-2601-007-A2-A6-A8,14,2,9
BS-2601-003,18,12,7,DT-EQP-02_20260514T0000_T08,0,5,WF.010620,CL-2601-006,20,CL-2601-006-A1,20,9,1
BS-2601-003,18,12,6,DT-EQP-02_20260514T0000_T08,0,6,WF.010620,CL-2601-006,20,CL-2601-006-A1,20,5,0
BS-2601-003,18,12,5,DT-EQP-02_20260514T0000_T08,0,7,WF.010410,CL-2601-004,10,CL-2601-004,10,1,5
BS-2601-003,18,11,8,DT-EQP-02_20260514T0000_T08,1,4,WF.010410,CL-2601-004,10,CL-2601-004,10,8,8
BS-2601-003,18,11,4,DT-EQP-02_20260514T0000_T08,1,8,WF.010410,CL-2601-004,10,CL-2601-004,10,9,10
BS-2601-003,18,10,10,DT-EQP-02_20260514T0000_T08,2,2,WF.010620,CL-2601-006,20,CL-2601-006-A1,20,6,12
BS-2601-003,18,10,9,DT-EQP-02_20260514T0000_T08,2,3,WF.010620,CL-2601-006,20,CL-2601-006-A1,20,10,10
BS-2601-003,18,10,8,DT-EQP-02_20260514T0000_T08,2,4,WF.010620,CL-2601-006,20,CL-2601-006-A1,20,7,5
BS-2601-003,18,10,2,DT-EQP-02_20260514T0000_T08,2,10,WF.010410,CL-2601-004,10,CL-2601-004,10,3,11
BS-2601-003,18,9,10,DT-EQP-02_20260514T0000_T08,3,2,WF.010410,CL-2601-004,10,CL-2601-004,10,5,3
BS-2601-003,18,9,5,DT-EQP-02_20260514T0000_T08,3,7,WF.010620,CL-2601-006,20,CL-2601-006-A1,20,8,3
BS-2601-003,18,9,4,DT-EQP-02_20260514T0000_T08,3,8,WF.010410,CL-2601-004,10,CL-2601-004,10,1,9
BS-2601-003,18,9,2,DT-EQP-02_20260514T0000_T08,3,10,WF.010620,CL-2601-006,20,CL-2601-006-A1,20,5,1
BS-2601-003,18,8,11,DT-EQP-02_20260514T0000_T08,4,1,WF.010410,CL-2601-004,10,CL-2601-004,10,3,2
BS-2601-003,18,8,10,DT-EQP-02_20260514T0000_T08,4,2,WF.010620,CL-2601-006,20,CL-2601-006-A1,20,2,2
BS-2601-003,18,8,9,DT-EQP-02_20260514T0000_T08,4,3,WF.010410,CL-2601-004,10,CL-2601-004,10,8,7
BS-2601-003,18,8,2,DT-EQP-02_20260514T0000_T08,4,10,WF.010620,CL-2601-006,20,CL-2601-006-A1,20,7,12
BS-2601-003,18,8,1,DT-EQP-02_20260514T0000_T08,4,11,WF.010620,CL-2601-006,20,CL-2601-006-A1,20,6,11
BS-2601-003,18,7,9,DT-EQP-02_20260514T0000_T08,5,3,WF.010410,CL-2601-004,10,CL-2601-004,10,2,5
BS-2601-003,18,7,5,DT-EQP-02_20260514T0000_T08,5,7,WF.010620,CL-2601-006,20,CL-2601-006-A1,20,5,3
BS-2601-003,18,7,3,DT-EQP-02_20260514T0000_T08,5,9,WF.010410,CL-2601-004,10,CL-2601-004,10,1,7
BS-2601-003,18,7,0,DT-EQP-02_20260514T0000_T08,5,12,WF.010620,CL-2601-006,20,CL-2601-006-A1,20,10,5
BS-2601-003,18,6,11,DT-EQP-02_20260514T0000_T08,6,1,WF.010410,CL-2601-004,10,CL-2601-004,10,3,5
BS-2601-003,18,6,3,DT-EQP-02_20260514T0000_T08,6,9,WF.010410,CL-2601-004,10,CL-2601-004,10,12,5
BS-2601-003,18,6,1,DT-EQP-02_20260514T0000_T08,6,11,WF.010620,CL-2601-006,20,CL-2601-006-A1,20,12,7
BS-2601-003,18,6,0,DT-EQP-02_20260514T0000_T08,6,12,WF.010620,CL-2601-006,20,CL-2601-006-A1,20,5,12
BS-2601-003,18,5,12,DT-EQP-02_20260514T0000_T08,7,0,WF.010620,CL-2601-006,20,CL-2601-006-A1,20,3,6
BS-2601-003,18,5,9,DT-EQP-02_20260514T0000_T08,7,3,WF.010410,CL-2601-004,10,CL-2601-004,10,5,2
BS-2601-003,18,5,7,DT-EQP-02_20260514T0000_T08,7,5,WF.010620,CL-2601-006,20,CL-2601-006-A1,20,3,10
BS-2601-003,18,5,5,DT-EQP-02_20260514T0000_T08,7,7,WF.010620,CL-2601-006,20,CL-2601-006-A1,20,4,9
BS-2601-003,18,5,3,DT-EQP-02_20260514T0000_T08,7,9,WF.010410,CL-2601-004,10,CL-2601-004,10,8,4
BS-2601-003,18,4,10,DT-EQP-02_20260514T0000_T08,8,2,WF.010620,CL-2601-006,20,CL-2601-006-A1,20,4,4
BS-2601-003,18,4,3,DT-EQP-02_20260514T0000_T08,8,9,WF.010620,CL-2601-006,20,CL-2601-006-A1,20,6,9
BS-2601-003,18,3,6,DT-EQP-02_20260514T0000_T08,9,6,WF.010620,CL-2601-006,20,CL-2601-006-A1,20,1,4
BS-2601-003,18,2,10,DT-EQP-02_20260514T0000_T08,10,2,WF.010410,CL-2601-004,10,CL-2601-004,10,2,9
BS-2601-003,18,2,8,DT-EQP-02_20260514T0000_T08,10,4,WF.010620,CL-2601-006,20,CL-2601-006-A1,20,9,6
BS-2601-003,18,2,6,DT-EQP-02_20260514T0000_T08,10,6,WF.010620,CL-2601-006,20,CL-2601-006-A1,20,6,0
BS-2601-003,18,2,4,DT-EQP-02_20260514T0000_T08,10,8,WF.010620,CL-2601-006,20,CL-2601-006-A1,20,8,7
BS-2601-003,18,2,3,DT-EQP-02_20260514T0000_T08,10,9,WF.010410,CL-2601-004,10,CL-2601-004,10,6,3
BS-2601-003,18,1,8,DT-EQP-02_20260514T0000_T08,11,4,WF.010620,CL-2601-006,20,CL-2601-006-A1,20,2,10
BS-2601-003,18,1,6,DT-EQP-02_20260514T0000_T08,11,6,WF.010620,CL-2601-006,20,CL-2601-006-A1,20,3,9
BS-2601-003,18,1,4,DT-EQP-02_20260514T0000_T08,11,8,WF.010410,CL-2601-004,10,CL-2601-004,10,10,8
BS-2601-003,18,0,6,DT-EQP-02_20260514T0000_T08,12,6,WF.010620,CL-2601-006,20,CL-2601-006-A1,20,6,3
BS-2601-003,18,0,5,DT-EQP-02_20260514T0000_T08,12,7,WF.010620,CL-2601-006,20,CL-2601-006-A1,20,2,3
BS-2601-003,19,11,9,DT-EQP-02_20260514T0000_T09,1,3,WF.010401,CL-2601-004,01,CL-2601-004,01,11,5
BS-2601-003,19,10,9,DT-EQP-02_20260514T0000_T09,2,3,WF.010225,CL-2601-002,25,CL-2601-002-A4,25,4,5
BS-2601-003,19,10,8,DT-EQP-02_20260514T0000_T09,2,4,WF.010414,CL-2601-004,14,CL-2601-004,14,6,12
BS-2601-003,19,10,4,DT-EQP-02_20260514T0000_T09,2,8,WF.010414,CL-2601-004,14,CL-2601-004,14,8,10
BS-2601-003,19,10,3,DT-EQP-02_20260514T0000_T09,2,9,WF.010414,CL-2601-004,14,CL-2601-004,14,8,7
BS-2601-003,19,10,2,DT-EQP-02_20260514T0000_T09,2,10,WF.010225,CL-2601-002,25,CL-2601-002-A4,25,3,3
BS-2601-003,19,9,11,DT-EQP-02_20260514T0000_T09,3,1,WF.010401,CL-2601-004,01,CL-2601-004,01,8,1
BS-2601-003,19,9,10,DT-EQP-02_20260514T0000_T09,3,2,WF.010401,CL-2601-004,01,CL-2601-004,01,5,5
BS-2601-003,19,9,7,DT-EQP-02_20260514T0000_T09,3,5,WF.010225,CL-2601-002,25,CL-2601-002-A4,25,5,0
BS-2601-003,19,9,4,DT-EQP-02_20260514T0000_T09,3,8,WF.010414,CL-2601-004,14,CL-2601-004,14,3,8
BS-2601-003,19,9,3,DT-EQP-02_20260514T0000_T09,3,9,WF.010414,CL-2601-004,14,CL-2601-004,14,8,4
BS-2601-003,19,9,1,DT-EQP-02_20260514T0000_T09,3,11,WF.010401,CL-2601-004,01,CL-2601-004,01,9,1
BS-2601-003,19,8,9,DT-EQP-02_20260514T0000_T09,4,3,WF.010414,CL-2601-004,14,CL-2601-004,14,9,2
BS-2601-003,19,8,5,DT-EQP-02_20260514T0000_T09,4,7,WF.010414,CL-2601-004,14,CL-2601-004,14,7,7
BS-2601-003,19,8,3,DT-EQP-02_20260514T0000_T09,4,9,WF.010225,CL-2601-002,25,CL-2601-002-A4,25,1,5
BS-2601-003,19,8,2,DT-EQP-02_20260514T0000_T09,4,10,WF.010401,CL-2601-004,01,CL-2601-004,01,5,10
BS-2601-003,19,7,10,DT-EQP-02_20260514T0000_T09,5,2,WF.010414,CL-2601-004,14,CL-2601-004,14,5,4
BS-2601-003,19,7,9,DT-EQP-02_20260514T0000_T09,5,3,WF.010401,CL-2601-004,01,CL-2601-004,01,2,9
BS-2601-003,19,7,6,DT-EQP-02_20260514T0000_T09,5,6,WF.010401,CL-2601-004,01,CL-2601-004,01,2,5
BS-2601-003,19,7,4,DT-EQP-02_20260514T0000_T09,5,8,WF.010401,CL-2601-004,01,CL-2601-004,01,8,5
BS-2601-003,19,7,3,DT-EQP-02_20260514T0000_T09,5,9,WF.010225,CL-2601-002,25,CL-2601-002-A4,25,10,6
BS-2601-003,19,7,2,DT-EQP-02_20260514T0000_T09,5,10,WF.010401,CL-2601-004,01,CL-2601-004,01,8,10
BS-2601-003,19,6,9,DT-EQP-02_20260514T0000_T09,6,3,WF.010414,CL-2601-004,14,CL-2601-004,14,8,6
BS-2601-003,19,6,5,DT-EQP-02_20260514T0000_T09,6,7,WF.010225,CL-2601-002,25,CL-2601-002-A4,25,9,7
BS-2601-003,19,6,3,DT-EQP-02_20260514T0000_T09,6,9,WF.010414,CL-2601-004,14,CL-2601-004,14,3,5
BS-2601-003,19,5,10,DT-EQP-02_20260514T0000_T09,7,2,WF.010414,CL-2601-004,14,CL-2601-004,14,1,9
BS-2601-003,19,5,9,DT-EQP-02_20260514T0000_T09,7,3,WF.010414,CL-2601-004,14,CL-2601-004,14,8,3
BS-2601-003,19,5,8,DT-EQP-02_20260514T0000_T09,7,4,WF.010401,CL-2601-004,01,CL-2601-004,01,4,2
BS-2601-003,19,5,6,DT-EQP-02_20260514T0000_T09,7,6,WF.010414,CL-2601-004,14,CL-2601-004,14,7,9
BS-2601-003,19,5,4,DT-EQP-02_20260514T0000_T09,7,8,WF.010401,CL-2601-004,01,CL-2601-004,01,11,9
BS-2601-003,19,4,10,DT-EQP-02_20260514T0000_T09,8,2,WF.010225,CL-2601-002,25,CL-2601-002-A4,25,2,10
BS-2601-003,19,4,7,DT-EQP-02_20260514T0000_T09,8,5,WF.010225,CL-2601-002,25,CL-2601-002-A4,25,3,9
BS-2601-003,19,4,3,DT-EQP-02_20260514T0000_T09,8,9,WF.010414,CL-2601-004,14,CL-2601-004,14,9,8
BS-2601-003,19,4,2,DT-EQP-02_20260514T0000_T09,8,10,WF.010401,CL-2601-004,01,CL-2601-004,01,4,6
BS-2601-003,19,3,10,DT-EQP-02_20260514T0000_T09,9,2,WF.010225,CL-2601-002,25,CL-2601-002-A4,25,3,11
BS-2601-003,19,3,9,DT-EQP-02_20260514T0000_T09,9,3,WF.010225,CL-2601-002,25,CL-2601-002-A4,25,10,9
BS-2601-003,19,3,8,DT-EQP-02_20260514T0000_T09,9,4,WF.010401,CL-2601-004,01,CL-2601-004,01,12,5
BS-2601-003,19,3,7,DT-EQP-02_20260514T0000_T09,9,5,WF.010225,CL-2601-002,25,CL-2601-002-A4,25,7,11
BS-2601-003,19,3,6,DT-EQP-02_20260514T0000_T09,9,6,WF.010414,CL-2601-004,14,CL-2601-004,14,5,5
BS-2601-003,19,3,3,DT-EQP-02_20260514T0000_T09,9,9,WF.010414,CL-2601-004,14,CL-2601-004,14,5,7
BS-2601-003,19,3,2,DT-EQP-02_20260514T0000_T09,9,10,WF.010414,CL-2601-004,14,CL-2601-004,14,4,2
BS-2601-003,19,2,8,DT-EQP-02_20260514T0000_T09,10,4,WF.010414,CL-2601-004,14,CL-2601-004,14,10,6
BS-2601-003,19,2,5,DT-EQP-02_20260514T0000_T09,10,7,WF.010225,CL-2601-002,25,CL-2601-002-A4,25,1,9
BS-2601-003,19,2,2,DT-EQP-02_20260514T0000_T09,10,10,WF.010401,CL-2601-004,01,CL-2601-004,01,6,5
BS-2601-003,19,1,9,DT-EQP-02_20260514T0000_T09,11,3,WF.010414,CL-2601-004,14,CL-2601-004,14,0,6
BS-2601-003,19,1,3,DT-EQP-02_20260514T0000_T09,11,9,WF.010401,CL-2601-004,01,CL-2601-004,01,4,9
BS-2601-003,20,11,5,DT-EQP-02_20260514T0000_T10,1,7,WF.010302,CL-2601-003,02,CL-2601-003,02,9,3
BS-2601-003,20,10,7,DT-EQP-02_20260514T0000_T10,2,5,WF.010301,CL-2601-003,01,CL-2601-003,01,8,10
BS-2601-003,20,10,5,DT-EQP-02_20260514T0000_T10,2,7,WF.010302,CL-2601-003,02,CL-2601-003,02,7,7
BS-2601-003,20,10,3,DT-EQP-02_20260514T0000_T10,2,9,WF.010301,CL-2601-003,01,CL-2601-003,01,7,8
BS-2601-003,20,9,10,DT-EQP-02_20260514T0000_T10,3,2,WF.010302,CL-2601-003,02,CL-2601-003,02,6,5
BS-2601-003,20,9,8,DT-EQP-02_20260514T0000_T10,3,4,WF.010302,CL-2601-003,02,CL-2601-003,02,5,7
BS-2601-003,20,9,7,DT-EQP-02_20260514T0000_T10,3,5,WF.010302,CL-2601-003,02,CL-2601-003,02,4,5
BS-2601-003,20,9,5,DT-EQP-02_20260514T0000_T10,3,7,WF.010302,CL-2601-003,02,CL-2601-003,02,7,5
BS-2601-003,20,9,4,DT-EQP-02_20260514T0000_T10,3,8,WF.010301,CL-2601-003,01,CL-2601-003,01,4,10
BS-2601-003,20,9,1,DT-EQP-02_20260514T0000_T10,3,11,WF.010301,CL-2601-003,01,CL-2601-003,01,4,9
BS-2601-003,20,8,9,DT-EQP-02_20260514T0000_T10,4,3,WF.010302,CL-2601-003,02,CL-2601-003,02,3,10
BS-2601-003,20,8,3,DT-EQP-02_20260514T0000_T10,4,9,WF.010301,CL-2601-003,01,CL-2601-003,01,10,5
BS-2601-003,20,8,2,DT-EQP-02_20260514T0000_T10,4,10,WF.010302,CL-2601-003,02,CL-2601-003,02,9,2
BS-2601-003,20,7,11,DT-EQP-02_20260514T0000_T10,5,1,WF.010301,CL-2601-003,01,CL-2601-003,01,2,7
BS-2601-003,20,7,10,DT-EQP-02_20260514T0000_T10,5,2,WF.010301,CL-2601-003,01,CL-2601-003,01,11,5
BS-2601-003,20,7,8,DT-EQP-02_20260514T0000_T10,5,4,WF.010302,CL-2601-003,02,CL-2601-003,02,1,4
BS-2601-003,20,7,5,DT-EQP-02_20260514T0000_T10,5,7,WF.010302,CL-2601-003,02,CL-2601-003,02,3,9
BS-2601-003,20,7,4,DT-EQP-02_20260514T0000_T10,5,8,WF.010301,CL-2601-003,01,CL-2601-003,01,8,4
BS-2601-003,20,7,3,DT-EQP-02_20260514T0000_T10,5,9,WF.010302,CL-2601-003,02,CL-2601-003,02,8,2
BS-2601-003,20,6,12,DT-EQP-02_20260514T0000_T10,6,0,WF.010301,CL-2601-003,01,CL-2601-003,01,2,3
BS-2601-003,20,6,0,DT-EQP-02_20260514T0000_T10,6,12,WF.010301,CL-2601-003,01,CL-2601-003,01,5,0
BS-2601-003,20,5,11,DT-EQP-02_20260514T0000_T10,7,1,WF.010301,CL-2601-003,01,CL-2601-003,01,1,9
BS-2601-003,20,5,10,DT-EQP-02_20260514T0000_T10,7,2,WF.010302,CL-2601-003,02,CL-2601-003,02,10,2
BS-2601-003,20,5,9,DT-EQP-02_20260514T0000_T10,7,3,WF.010302,CL-2601-003,02,CL-2601-003,02,11,4
BS-2601-003,20,5,8,DT-EQP-02_20260514T0000_T10,7,4,WF.010301,CL-2601-003,01,CL-2601-003,01,1,6
BS-2601-003,20,5,7,DT-EQP-02_20260514T0000_T10,7,5,WF.010301,CL-2601-003,01,CL-2601-003,01,4,1
BS-2601-003,20,5,5,DT-EQP-02_20260514T0000_T10,7,7,WF.010301,CL-2601-003,01,CL-2601-003,01,10,10
BS-2601-003,20,5,4,DT-EQP-02_20260514T0000_T10,7,8,WF.010302,CL-2601-003,02,CL-2601-003,02,9,4
BS-2601-003,20,5,3,DT-EQP-02_20260514T0000_T10,7,9,WF.010301,CL-2601-003,01,CL-2601-003,01,8,7
BS-2601-003,20,5,2,DT-EQP-02_20260514T0000_T10,7,10,WF.010301,CL-2601-003,01,CL-2601-003,01,5,2
BS-2601-003,20,5,1,DT-EQP-02_20260514T0000_T10,7,11,WF.010302,CL-2601-003,02,CL-2601-003,02,7,10
BS-2601-003,20,4,10,DT-EQP-02_20260514T0000_T10,8,2,WF.010301,CL-2601-003,01,CL-2601-003,01,9,1
BS-2601-003,20,4,5,DT-EQP-02_20260514T0000_T10,8,7,WF.010302,CL-2601-003,02,CL-2601-003,02,6,1
BS-2601-003,20,4,3,DT-EQP-02_20260514T0000_T10,8,9,WF.010301,CL-2601-003,01,CL-2601-003,01,6,7
BS-2601-003,20,3,11,DT-EQP-02_20260514T0000_T10,9,1,WF.010301,CL-2601-003,01,CL-2601-003,01,5,5
BS-2601-003,20,3,10,DT-EQP-02_20260514T0000_T10,9,2,WF.010302,CL-2601-003,02,CL-2601-003,02,8,5
BS-2601-003,20,3,8,DT-EQP-02_20260514T0000_T10,9,4,WF.010302,CL-2601-003,02,CL-2601-003,02,4,11
BS-2601-003,20,3,7,DT-EQP-02_20260514T0000_T10,9,5,WF.010302,CL-2601-003,02,CL-2601-003,02,10,9
BS-2601-003,20,3,4,DT-EQP-02_20260514T0000_T10,9,8,WF.010302,CL-2601-003,02,CL-2601-003,02,5,10
BS-2601-003,20,3,2,DT-EQP-02_20260514T0000_T10,9,10,WF.010301,CL-2601-003,01,CL-2601-003,01,9,2
BS-2601-003,20,3,1,DT-EQP-02_20260514T0000_T10,9,11,WF.010302,CL-2601-003,02,CL-2601-003,02,4,1
BS-2601-003,20,2,9,DT-EQP-02_20260514T0000_T10,10,3,WF.010302,CL-2601-003,02,CL-2601-003,02,5,12
BS-2601-003,20,2,8,DT-EQP-02_20260514T0000_T10,10,4,WF.010301,CL-2601-003,01,CL-2601-003,01,1,8
BS-2601-003,20,2,7,DT-EQP-02_20260514T0000_T10,10,5,WF.010302,CL-2601-003,02,CL-2601-003,02,1,6
BS-2601-003,20,2,4,DT-EQP-02_20260514T0000_T10,10,8,WF.010302,CL-2601-003,02,CL-2601-003,02,7,0
BS-2601-003,20,2,3,DT-EQP-02_20260514T0000_T10,10,9,WF.010301,CL-2601-003,01,CL-2601-003,01,10,2
BS-2601-003,20,1,5,DT-EQP-02_20260514T0000_T10,11,7,WF.010301,CL-2601-003,01,CL-2601-003,01,5,6
BS-2601-003,21,12,6,DT-EQP-02_20260514T0000_T11,0,6,WF.010402,CL-2601-004,02,CL-2601-004,02,2,10
BS-2601-003,21,11,9,DT-EQP-02_20260514T0000_T11,1,3,WF.010121,CL-2601-001,21,CL-2601-001,21,7,12
BS-2601-003,21,11,6,DT-EQP-02_20260514T0000_T11,1,6,WF.010402,CL-2601-004,02,CL-2601-004,02,6,4
BS-2601-003,21,11,4,DT-EQP-02_20260514T0000_T11,1,8,WF.010121,CL-2601-001,21,CL-2601-001,21,6,7
BS-2601-003,21,11,3,DT-EQP-02_20260514T0000_T11,1,9,WF.010121,CL-2601-001,21,CL-2601-001,21,6,1
BS-2601-003,21,10,7,DT-EQP-02_20260514T0000_T11,2,5,WF.010121,CL-2601-001,21,CL-2601-001,21,1,4
BS-2601-003,21,10,6,DT-EQP-02_20260514T0000_T11,2,6,WF.010121,CL-2601-001,21,CL-2601-001,21,9,10
BS-2601-003,21,10,3,DT-EQP-02_20260514T0000_T11,2,9,WF.010402,CL-2601-004,02,CL-2601-004,02,4,11
BS-2601-003,21,9,11,DT-EQP-02_20260514T0000_T11,3,1,WF.010121,CL-2601-001,21,CL-2601-001,21,4,11
BS-2601-003,21,9,10,DT-EQP-02_20260514T0000_T11,3,2,WF.010402,CL-2601-004,02,CL-2601-004,02,9,8
BS-2601-003,21,9,9,DT-EQP-02_20260514T0000_T11,3,3,WF.010402,CL-2601-004,02,CL-2601-004,02,9,9
BS-2601-003,21,9,3,DT-EQP-02_20260514T0000_T11,3,9,WF.010121,CL-2601-001,21,CL-2601-001,21,7,9
BS-2601-003,21,9,2,DT-EQP-02_20260514T0000_T11,3,10,WF.010121,CL-2601-001,21,CL-2601-001,21,3,9
BS-2601-003,21,8,11,DT-EQP-02_20260514T0000_T11,4,1,WF.010121,CL-2601-001,21,CL-2601-001,21,6,11
BS-2601-003,21,8,5,DT-EQP-02_20260514T0000_T11,4,7,WF.010121,CL-2601-001,21,CL-2601-001,21,4,2
BS-2601-003,21,7,8,DT-EQP-02_20260514T0000_T11,5,4,WF.010402,CL-2601-004,02,CL-2601-004,02,8,2
BS-2601-003,21,7,7,DT-EQP-02_20260514T0000_T11,5,5,WF.010402,CL-2601-004,02,CL-2601-004,02,2,3
BS-2601-003,21,7,5,DT-EQP-02_20260514T0000_T11,5,7,WF.010121,CL-2601-001,21,CL-2601-001,21,9,7
BS-2601-003,21,7,4,DT-EQP-02_20260514T0000_T11,5,8,WF.010121,CL-2601-001,21,CL-2601-001,21,8,7
BS-2601-003,21,7,2,DT-EQP-02_20260514T0000_T11,5,10,WF.010402,CL-2601-004,02,CL-2601-004,02,9,7
BS-2601-003,21,6,11,DT-EQP-02_20260514T0000_T11,6,1,WF.010402,CL-2601-004,02,CL-2601-004,02,4,5
BS-2601-003,21,6,10,DT-EQP-02_20260514T0000_T11,6,2,WF.010121,CL-2601-001,21,CL-2601-001,21,1,6
BS-2601-003,21,6,9,DT-EQP-02_20260514T0000_T11,6,3,WF.010402,CL-2601-004,02,CL-2601-004,02,6,12
BS-2601-003,21,6,1,DT-EQP-02_20260514T0000_T11,6,11,WF.010121,CL-2601-001,21,CL-2601-001,21,7,11
BS-2601-003,21,6,0,DT-EQP-02_20260514T0000_T11,6,12,WF.010402,CL-2601-004,02,CL-2601-004,02,7,4
BS-2601-003,21,5,5,DT-EQP-02_20260514T0000_T11,7,7,WF.010402,CL-2601-004,02,CL-2601-004,02,6,11
BS-2601-003,21,5,4,DT-EQP-02_20260514T0000_T11,7,8,WF.010121,CL-2601-001,21,CL-2601-001,21,1,7
BS-2601-003,21,5,2,DT-EQP-02_20260514T0000_T11,7,10,WF.010402,CL-2601-004,02,CL-2601-004,02,5,11
BS-2601-003,21,4,11,DT-EQP-02_20260514T0000_T11,8,1,WF.010121,CL-2601-001,21,CL-2601-001,21,8,1
BS-2601-003,21,4,10,DT-EQP-02_20260514T0000_T11,8,2,WF.010402,CL-2601-004,02,CL-2601-004,02,10,3
BS-2601-003,21,4,7,DT-EQP-02_20260514T0000_T11,8,5,WF.010121,CL-2601-001,21,CL-2601-001,21,2,8
BS-2601-003,21,4,5,DT-EQP-02_20260514T0000_T11,8,7,WF.010402,CL-2601-004,02,CL-2601-004,02,2,2
BS-2601-003,21,4,2,DT-EQP-02_20260514T0000_T11,8,10,WF.010121,CL-2601-001,21,CL-2601-001,21,5,6
BS-2601-003,21,4,1,DT-EQP-02_20260514T0000_T11,8,11,WF.010121,CL-2601-001,21,CL-2601-001,21,6,2
BS-2601-003,21,3,10,DT-EQP-02_20260514T0000_T11,9,2,WF.010402,CL-2601-004,02,CL-2601-004,02,4,8
BS-2601-003,21,3,9,DT-EQP-02_20260514T0000_T11,9,3,WF.010121,CL-2601-001,21,CL-2601-001,21,6,0
BS-2601-003,21,3,6,DT-EQP-02_20260514T0000_T11,9,6,WF.010402,CL-2601-004,02,CL-2601-004,02,9,3
BS-2601-003,21,3,3,DT-EQP-02_20260514T0000_T11,9,9,WF.010402,CL-2601-004,02,CL-2601-004,02,7,1
BS-2601-003,21,3,1,DT-EQP-02_20260514T0000_T11,9,11,WF.010402,CL-2601-004,02,CL-2601-004,02,9,11
BS-2601-003,21,2,9,DT-EQP-02_20260514T0000_T11,10,3,WF.010121,CL-2601-001,21,CL-2601-001,21,3,11
BS-2601-003,21,2,7,DT-EQP-02_20260514T0000_T11,10,5,WF.010121,CL-2601-001,21,CL-2601-001,21,5,11
BS-2601-003,21,2,4,DT-EQP-02_20260514T0000_T11,10,8,WF.010121,CL-2601-001,21,CL-2601-001,21,7,1
BS-2601-003,21,2,3,DT-EQP-02_20260514T0000_T11,10,9,WF.010121,CL-2601-001,21,CL-2601-001,21,2,4
BS-2601-003,21,1,9,DT-EQP-02_20260514T0000_T11,11,3,WF.010402,CL-2601-004,02,CL-2601-004,02,10,10
BS-2601-003,21,1,6,DT-EQP-02_20260514T0000_T11,11,6,WF.010402,CL-2601-004,02,CL-2601-004,02,4,3
BS-2601-003,21,1,3,DT-EQP-02_20260514T0000_T11,11,9,WF.010121,CL-2601-001,21,CL-2601-001,21,8,2
BS-2601-003,21,0,6,DT-EQP-02_20260514T0000_T11,12,6,WF.010121,CL-2601-001,21,CL-2601-001,21,8,5
BS-2601-003,22,12,7,DT-EQP-02_20260514T0000_T12,0,5,WF.010404,CL-2601-004,04,CL-2601-004,04,11,8
BS-2601-003,22,12,5,DT-EQP-02_20260514T0000_T12,0,7,WF.010404,CL-2601-004,04,CL-2601-004,04,5,3
BS-2601-003,22,11,9,DT-EQP-02_20260514T0000_T12,1,3,WF.010404,CL-2601-004,04,CL-2601-004,04,3,2
BS-2601-003,22,11,5,DT-EQP-02_20260514T0000_T12,1,7,WF.010404,CL-2601-004,04,CL-2601-004,04,0,7
BS-2601-003,22,10,10,DT-EQP-02_20260514T0000_T12,2,2,WF.010404,CL-2601-004,04,CL-2601-004,04,5,11
BS-2601-003,22,10,9,DT-EQP-02_20260514T0000_T12,2,3,WF.010404,CL-2601-004,04,CL-2601-004,04,5,1
BS-2601-003,22,10,5,DT-EQP-02_20260514T0000_T12,2,7,WF.010404,CL-2601-004,04,CL-2601-004,04,5,0
BS-2601-003,22,10,3,DT-EQP-02_20260514T0000_T12,2,9,WF.010404,CL-2601-004,04,CL-2601-004,04,7,0
BS-2601-003,22,9,11,DT-EQP-02_20260514T0000_T12,3,1,WF.010404,CL-2601-004,04,CL-2601-004,04,9,11
BS-2601-003,22,9,10,DT-EQP-02_20260514T0000_T12,3,2,WF.010404,CL-2601-004,04,CL-2601-004,04,9,5
BS-2601-003,22,9,8,DT-EQP-02_20260514T0000_T12,3,4,WF.010404,CL-2601-004,04,CL-2601-004,04,9,6
BS-2601-003,22,9,7,DT-EQP-02_20260514T0000_T12,3,5,WF.010404,CL-2601-004,04,CL-2601-004,04,6,7
BS-2601-003,22,9,5,DT-EQP-02_20260514T0000_T12,3,7,WF.010404,CL-2601-004,04,CL-2601-004,04,8,7
BS-2601-003,22,9,4,DT-EQP-02_20260514T0000_T12,3,8,WF.010404,CL-2601-004,04,CL-2601-004,04,5,6
BS-2601-003,22,9,2,DT-EQP-02_20260514T0000_T12,3,10,WF.010404,CL-2601-004,04,CL-2601-004,04,6,3
BS-2601-003,22,9,1,DT-EQP-02_20260514T0000_T12,3,11,WF.010404,CL-2601-004,04,CL-2601-004,04,10,10
BS-2601-003,22,8,9,DT-EQP-02_20260514T0000_T12,4,3,WF.010404,CL-2601-004,04,CL-2601-004,04,10,5
BS-2601-003,22,8,3,DT-EQP-02_20260514T0000_T12,4,9,WF.010404,CL-2601-004,04,CL-2601-004,04,11,9
BS-2601-003,22,7,11,DT-EQP-02_20260514T0000_T12,5,1,WF.010404,CL-2601-004,04,CL-2601-004,04,3,10
BS-2601-003,22,7,9,DT-EQP-02_20260514T0000_T12,5,3,WF.010404,CL-2601-004,04,CL-2601-004,04,2,3
BS-2601-003,22,7,4,DT-EQP-02_20260514T0000_T12,5,8,WF.010404,CL-2601-004,04,CL-2601-004,04,2,9
BS-2601-003,22,7,2,DT-EQP-02_20260514T0000_T12,5,10,WF.010404,CL-2601-004,04,CL-2601-004,04,6,11
BS-2601-003,22,7,0,DT-EQP-02_20260514T0000_T12,5,12,WF.010404,CL-2601-004,04,CL-2601-004,04,8,4
BS-2601-003,22,5,12,DT-EQP-02_20260514T0000_T12,7,0,WF.010404,CL-2601-004,04,CL-2601-004,04,1,9
BS-2601-003,22,5,10,DT-EQP-02_20260514T0000_T12,7,2,WF.010404,CL-2601-004,04,CL-2601-004,04,7,4
BS-2601-003,22,5,9,DT-EQP-02_20260514T0000_T12,7,3,WF.010404,CL-2601-004,04,CL-2601-004,04,9,1
BS-2601-003,22,5,8,DT-EQP-02_20260514T0000_T12,7,4,WF.010404,CL-2601-004,04,CL-2601-004,04,11,4
BS-2601-003,22,5,3,DT-EQP-02_20260514T0000_T12,7,9,WF.010404,CL-2601-004,04,CL-2601-004,04,3,8
BS-2601-003,22,5,2,DT-EQP-02_20260514T0000_T12,7,10,WF.010404,CL-2601-004,04,CL-2601-004,04,10,8
BS-2601-003,22,5,1,DT-EQP-02_20260514T0000_T12,7,11,WF.010404,CL-2601-004,04,CL-2601-004,04,0,6
BS-2601-003,22,5,0,DT-EQP-02_20260514T0000_T12,7,12,WF.010404,CL-2601-004,04,CL-2601-004,04,6,9
BS-2601-003,22,4,9,DT-EQP-02_20260514T0000_T12,8,3,WF.010404,CL-2601-004,04,CL-2601-004,04,8,2
BS-2601-003,22,3,11,DT-EQP-02_20260514T0000_T12,9,1,WF.010404,CL-2601-004,04,CL-2601-004,04,8,8
BS-2601-003,22,3,10,DT-EQP-02_20260514T0000_T12,9,2,WF.010404,CL-2601-004,04,CL-2601-004,04,7,1
BS-2601-003,22,3,8,DT-EQP-02_20260514T0000_T12,9,4,WF.010404,CL-2601-004,04,CL-2601-004,04,12,5
BS-2601-003,22,3,4,DT-EQP-02_20260514T0000_T12,9,8,WF.010404,CL-2601-004,04,CL-2601-004,04,4,1
BS-2601-003,22,3,2,DT-EQP-02_20260514T0000_T12,9,10,WF.010404,CL-2601-004,04,CL-2601-004,04,6,4
BS-2601-003,22,3,1,DT-EQP-02_20260514T0000_T12,9,11,WF.010404,CL-2601-004,04,CL-2601-004,04,5,4
BS-2601-003,22,2,9,DT-EQP-02_20260514T0000_T12,10,3,WF.010404,CL-2601-004,04,CL-2601-004,04,7,12
BS-2601-003,22,2,3,DT-EQP-02_20260514T0000_T12,10,9,WF.010404,CL-2601-004,04,CL-2601-004,04,4,7
BS-2601-003,22,2,2,DT-EQP-02_20260514T0000_T12,10,10,WF.010404,CL-2601-004,04,CL-2601-004,04,3,7
BS-2601-003,22,1,9,DT-EQP-02_20260514T0000_T12,11,3,WF.010404,CL-2601-004,04,CL-2601-004,04,4,5
BS-2601-003,22,1,7,DT-EQP-02_20260514T0000_T12,11,5,WF.010404,CL-2601-004,04,CL-2601-004,04,6,5
BS-2601-003,22,1,3,DT-EQP-02_20260514T0000_T12,11,9,WF.010404,CL-2601-004,04,CL-2601-004,04,11,7
BS-2601-003,22,0,7,DT-EQP-02_20260514T0000_T12,12,5,WF.010404,CL-2601-004,04,CL-2601-004,04,1,8
BS-2601-003,23,11,7,DT-EQP-02_20260514T0000_T13,1,5,WF.010109,CL-2601-001,09,CL-2601-001,09,8,9
BS-2601-003,23,11,5,DT-EQP-02_20260514T0000_T13,1,7,WF.010619,CL-2601-006,19,CL-2601-006,19,7,12
BS-2601-003,23,11,4,DT-EQP-02_20260514T0000_T13,1,8,WF.010109,CL-2601-001,09,CL-2601-001,09,6,1
BS-2601-003,23,11,3,DT-EQP-02_20260514T0000_T13,1,9,WF.010101,CL-2601-001,01,CL-2601-001,01,0,7
BS-2601-003,23,10,7,DT-EQP-02_20260514T0000_T13,2,5,WF.010101,CL-2601-001,01,CL-2601-001,01,8,3
BS-2601-003,23,9,9,DT-EQP-02_20260514T0000_T13,3,3,WF.010101,CL-2601-001,01,CL-2601-001,01,5,12
BS-2601-003,23,9,8,DT-EQP-02_20260514T0000_T13,3,4,WF.010101,CL-2601-001,01,CL-2601-001,01,7,7
BS-2601-003,23,9,4,DT-EQP-02_20260514T0000_T13,3,8,WF.010109,CL-2601-001,09,CL-2601-001,09,9,6
BS-2601-003,23,8,9,DT-EQP-02_20260514T0000_T13,4,3,WF.010619,CL-2601-006,19,CL-2601-006,19,2,6
BS-2601-003,23,8,7,DT-EQP-02_20260514T0000_T13,4,5,WF.010109,CL-2601-001,09,CL-2601-001,09,8,5
BS-2601-003,23,8,5,DT-EQP-02_20260514T0000_T13,4,7,WF.010619,CL-2601-006,19,CL-2601-006,19,5,2
BS-2601-003,23,7,11,DT-EQP-02_20260514T0000_T13,5,1,WF.010109,CL-2601-001,09,CL-2601-001,09,7,6
BS-2601-003,23,7,10,DT-EQP-02_20260514T0000_T13,5,2,WF.010619,CL-2601-006,19,CL-2601-006,19,0,5
BS-2601-003,23,7,9,DT-EQP-02_20260514T0000_T13,5,3,WF.010109,CL-2601-001,09,CL-2601-001,09,1,8
BS-2601-003,23,7,7,DT-EQP-02_20260514T0000_T13,5,5,WF.010619,CL-2601-006,19,CL-2601-006,19,10,5
BS-2601-003,23,7,6,DT-EQP-02_20260514T0000_T13,5,6,WF.010101,CL-2601-001,01,CL-2601-001,01,6,10
BS-2601-003,23,7,3,DT-EQP-02_20260514T0000_T13,5,9,WF.010619,CL-2601-006,19,CL-2601-006,19,8,4
BS-2601-003,23,7,2,DT-EQP-02_20260514T0000_T13,5,10,WF.010101,CL-2601-001,01,CL-2601-001,01,9,9
BS-2601-003,23,6,11,DT-EQP-02_20260514T0000_T13,6,1,WF.010101,CL-2601-001,01,CL-2601-001,01,2,9
BS-2601-003,23,6,1,DT-EQP-02_20260514T0000_T13,6,11,WF.010619,CL-2601-006,19,CL-2601-006,19,1,8
BS-2601-003,23,5,11,DT-EQP-02_20260514T0000_T13,7,1,WF.010619,CL-2601-006,19,CL-2601-006,19,10,6
BS-2601-003,23,5,9,DT-EQP-02_20260514T0000_T13,7,3,WF.010619,CL-2601-006,19,CL-2601-006,19,9,4
BS-2601-003,23,5,8,DT-EQP-02_20260514T0000_T13,7,4,WF.010619,CL-2601-006,19,CL-2601-006,19,5,6
BS-2601-003,23,5,7,DT-EQP-02_20260514T0000_T13,7,5,WF.010109,CL-2601-001,09,CL-2601-001,09,8,3
BS-2601-003,23,5,6,DT-EQP-02_20260514T0000_T13,7,6,WF.010109,CL-2601-001,09,CL-2601-001,09,2,8
BS-2601-003,23,5,5,DT-EQP-02_20260514T0000_T13,7,7,WF.010109,CL-2601-001,09,CL-2601-001,09,7,10
BS-2601-003,23,5,4,DT-EQP-02_20260514T0000_T13,7,8,WF.010101,CL-2601-001,01,CL-2601-001,01,5,2
BS-2601-003,23,5,3,DT-EQP-02_20260514T0000_T13,7,9,WF.010101,CL-2601-001,01,CL-2601-001,01,7,9
BS-2601-003,23,5,1,DT-EQP-02_20260514T0000_T13,7,11,WF.010101,CL-2601-001,01,CL-2601-001,01,11,6
BS-2601-003,23,4,11,DT-EQP-02_20260514T0000_T13,8,1,WF.010109,CL-2601-001,09,CL-2601-001,09,3,8
BS-2601-003,23,4,7,DT-EQP-02_20260514T0000_T13,8,5,WF.010109,CL-2601-001,09,CL-2601-001,09,10,8
BS-2601-003,23,4,5,DT-EQP-02_20260514T0000_T13,8,7,WF.010109,CL-2601-001,09,CL-2601-001,09,3,4
BS-2601-003,23,4,3,DT-EQP-02_20260514T0000_T13,8,9,WF.010101,CL-2601-001,01,CL-2601-001,01,9,7
BS-2601-003,23,4,1,DT-EQP-02_20260514T0000_T13,8,11,WF.010619,CL-2601-006,19,CL-2601-006,19,10,8
BS-2601-003,23,3,11,DT-EQP-02_20260514T0000_T13,9,1,WF.010619,CL-2601-006,19,CL-2601-006,19,6,12
BS-2601-003,23,3,9,DT-EQP-02_20260514T0000_T13,9,3,WF.010619,CL-2601-006,19,CL-2601-006,19,4,3
BS-2601-003,23,3,8,DT-EQP-02_20260514T0000_T13,9,4,WF.010109,CL-2601-001,09,CL-2601-001,09,7,0
BS-2601-003,23,3,7,DT-EQP-02_20260514T0000_T13,9,5,WF.010109,CL-2601-001,09,CL-2601-001,09,1,5
BS-2601-003,23,3,5,DT-EQP-02_20260514T0000_T13,9,7,WF.010619,CL-2601-006,19,CL-2601-006,19,7,9
BS-2601-003,23,3,4,DT-EQP-02_20260514T0000_T13,9,8,WF.010101,CL-2601-001,01,CL-2601-001,01,2,8
BS-2601-003,23,3,3,DT-EQP-02_20260514T0000_T13,9,9,WF.010101,CL-2601-001,01,CL-2601-001,01,11,9
BS-2601-003,23,1,9,DT-EQP-02_20260514T0000_T13,11,3,WF.010109,CL-2601-001,09,CL-2601-001,09,2,10
BS-2601-003,23,1,7,DT-EQP-02_20260514T0000_T13,11,5,WF.010109,CL-2601-001,09,CL-2601-001,09,6,2
BS-2601-003,23,1,6,DT-EQP-02_20260514T0000_T13,11,6,WF.010109,CL-2601-001,09,CL-2601-001,09,8,11
BS-2601-003,23,1,5,DT-EQP-02_20260514T0000_T13,11,7,WF.010619,CL-2601-006,19,CL-2601-006,19,8,3
BS-2601-003,23,1,4,DT-EQP-02_20260514T0000_T13,11,8,WF.010101,CL-2601-001,01,CL-2601-001,01,10,3
BS-2601-003,24,11,9,DT-EQP-02_20260514T0000_T14,1,3,WF.010808,CL-2601-008,08,CL-2601-008,08,7,10
BS-2601-003,24,11,8,DT-EQP-02_20260514T0000_T14,1,4,WF.010808,CL-2601-008,08,CL-2601-008,08,1,9
BS-2601-003,24,11,7,DT-EQP-02_20260514T0000_T14,1,5,WF.010808,CL-2601-008,08,CL-2601-008,08,6,5
BS-2601-003,24,11,5,DT-EQP-02_20260514T0000_T14,1,7,WF.010808,CL-2601-008,08,CL-2601-008,08,6,9
BS-2601-003,24,10,10,DT-EQP-02_20260514T0000_T14,2,2,WF.010808,CL-2601-008,08,CL-2601-008,08,8,6
BS-2601-003,24,10,7,DT-EQP-02_20260514T0000_T14,2,5,WF.010808,CL-2601-008,08,CL-2601-008,08,8,5
BS-2601-003,24,10,6,DT-EQP-02_20260514T0000_T14,2,6,WF.010808,CL-2601-008,08,CL-2601-008,08,3,7
BS-2601-003,24,10,5,DT-EQP-02_20260514T0000_T14,2,7,WF.010808,CL-2601-008,08,CL-2601-008,08,7,12
BS-2601-003,24,10,2,DT-EQP-02_20260514T0000_T14,2,10,WF.010405,CL-2601-004,05,CL-2601-004,05,5,12
BS-2601-003,24,9,11,DT-EQP-02_20260514T0000_T14,3,1,WF.010808,CL-2601-008,08,CL-2601-008,08,5,8
BS-2601-003,24,9,1,DT-EQP-02_20260514T0000_T14,3,11,WF.010405,CL-2601-004,05,CL-2601-004,05,5,6
BS-2601-003,24,8,5,DT-EQP-02_20260514T0000_T14,4,7,WF.010808,CL-2601-008,08,CL-2601-008,08,1,7
BS-2601-003,24,8,4,DT-EQP-02_20260514T0000_T14,4,8,WF.010808,CL-2601-008,08,CL-2601-008,08,8,10
BS-2601-003,24,8,1,DT-EQP-02_20260514T0000_T14,4,11,WF.010808,CL-2601-008,08,CL-2601-008,08,11,9
BS-2601-003,24,7,12,DT-EQP-02_20260514T0000_T14,5,0,WF.010405,CL-2601-004,05,CL-2601-004,05,10,10
BS-2601-003,24,7,11,DT-EQP-02_20260514T0000_T14,5,1,WF.010808,CL-2601-008,08,CL-2601-008,08,5,0
BS-2601-003,24,7,10,DT-EQP-02_20260514T0000_T14,5,2,WF.010808,CL-2601-008,08,CL-2601-008,08,8,1
BS-2601-003,24,7,9,DT-EQP-02_20260514T0000_T14,5,3,WF.010405,CL-2601-004,05,CL-2601-004,05,6,4
BS-2601-003,24,7,8,DT-EQP-02_20260514T0000_T14,5,4,WF.010808,CL-2601-008,08,CL-2601-008,08,5,5
BS-2601-003,24,7,4,DT-EQP-02_20260514T0000_T14,5,8,WF.010808,CL-2601-008,08,CL-2601-008,08,3,4
BS-2601-003,24,7,2,DT-EQP-02_20260514T0000_T14,5,10,WF.010808,CL-2601-008,08,CL-2601-008,08,1,3
BS-2601-003,24,7,0,DT-EQP-02_20260514T0000_T14,5,12,WF.010405,CL-2601-004,05,CL-2601-004,05,7,1
BS-2601-003,24,6,10,DT-EQP-02_20260514T0000_T14,6,2,WF.010808,CL-2601-008,08,CL-2601-008,08,10,7
BS-2601-003,24,5,12,DT-EQP-02_20260514T0000_T14,7,0,WF.010808,CL-2601-008,08,CL-2601-008,08,9,9
BS-2601-003,24,5,11,DT-EQP-02_20260514T0000_T14,7,1,WF.010405,CL-2601-004,05,CL-2601-004,05,4,3
BS-2601-003,24,5,8,DT-EQP-02_20260514T0000_T14,7,4,WF.010405,CL-2601-004,05,CL-2601-004,05,6,5
BS-2601-003,24,5,3,DT-EQP-02_20260514T0000_T14,7,9,WF.010808,CL-2601-008,08,CL-2601-008,08,6,12
BS-2601-003,24,4,11,DT-EQP-02_20260514T0000_T14,8,1,WF.010808,CL-2601-008,08,CL-2601-008,08,9,3
BS-2601-003,24,4,8,DT-EQP-02_20260514T0000_T14,8,4,WF.010808,CL-2601-008,08,CL-2601-008,08,7,2
BS-2601-003,24,3,9,DT-EQP-02_20260514T0000_T14,9,3,WF.010405,CL-2601-004,05,CL-2601-004,05,2,8
BS-2601-003,24,3,5,DT-EQP-02_20260514T0000_T14,9,7,WF.010808,CL-2601-008,08,CL-2601-008,08,6,10
BS-2601-003,24,2,10,DT-EQP-02_20260514T0000_T14,10,2,WF.010808,CL-2601-008,08,CL-2601-008,08,2,4
BS-2601-003,24,2,7,DT-EQP-02_20260514T0000_T14,10,5,WF.010808,CL-2601-008,08,CL-2601-008,08,9,8
BS-2601-003,24,1,9,DT-EQP-02_20260514T0000_T14,11,3,WF.010405,CL-2601-004,05,CL-2601-004,05,3,4
BS-2601-003,24,1,8,DT-EQP-02_20260514T0000_T14,11,4,WF.010808,CL-2601-008,08,CL-2601-008,08,10,2
BS-2601-003,24,1,7,DT-EQP-02_20260514T0000_T14,11,5,WF.010808,CL-2601-008,08,CL-2601-008,08,2,6
BS-2601-003,24,1,5,DT-EQP-02_20260514T0000_T14,11,7,WF.010808,CL-2601-008,08,CL-2601-008,08,9,10
BS-2601-003,24,1,3,DT-EQP-02_20260514T0000_T14,11,9,WF.010405,CL-2601-004,05,CL-2601-004,05,7,11
BS-2601-003,24,0,5,DT-EQP-02_20260514T0000_T14,12,7,WF.010808,CL-2601-008,08,CL-2601-008,08,1,8
BS-2601-003,25,12,5,DT-EQP-02_20260514T0000_T15,0,7,WF.010403,CL-2601-004,03,CL-2601-004,03,8,11
BS-2601-003,25,11,7,DT-EQP-02_20260514T0000_T15,1,5,WF.010116,CL-2601-001,16,CL-2601-001,16,11,8
BS-2601-003,25,11,5,DT-EQP-02_20260514T0000_T15,1,7,WF.010116,CL-2601-001,16,CL-2601-001,16,1,4
BS-2601-003,25,10,7,DT-EQP-02_20260514T0000_T15,2,5,WF.010116,CL-2601-001,16,CL-2601-001,16,8,8
BS-2601-003,25,9,8,DT-EQP-02_20260514T0000_T15,3,4,WF.010116,CL-2601-001,16,CL-2601-001,16,7,3
BS-2601-003,25,9,7,DT-EQP-02_20260514T0000_T15,3,5,WF.010403,CL-2601-004,03,CL-2601-004,03,2,8
BS-2601-003,25,9,5,DT-EQP-02_20260514T0000_T15,3,7,WF.010403,CL-2601-004,03,CL-2601-004,03,8,5
BS-2601-003,25,9,3,DT-EQP-02_20260514T0000_T15,3,9,WF.010116,CL-2601-001,16,CL-2601-001,16,8,7
BS-2601-003,25,8,10,DT-EQP-02_20260514T0000_T15,4,2,WF.010116,CL-2601-001,16,CL-2601-001,16,7,1
BS-2601-003,25,8,9,DT-EQP-02_20260514T0000_T15,4,3,WF.010403,CL-2601-004,03,CL-2601-004,03,5,7
BS-2601-003,25,8,7,DT-EQP-02_20260514T0000_T15,4,5,WF.010116,CL-2601-001,16,CL-2601-001,16,6,6
BS-2601-003,25,8,1,DT-EQP-02_20260514T0000_T15,4,11,WF.010403,CL-2601-004,03,CL-2601-004,03,6,7
BS-2601-003,25,7,12,DT-EQP-02_20260514T0000_T15,5,0,WF.010403,CL-2601-004,03,CL-2601-004,03,11,9
BS-2601-003,25,7,11,DT-EQP-02_20260514T0000_T15,5,1,WF.010403,CL-2601-004,03,CL-2601-004,03,10,2
BS-2601-003,25,7,10,DT-EQP-02_20260514T0000_T15,5,2,WF.010403,CL-2601-004,03,CL-2601-004,03,7,5
BS-2601-003,25,7,9,DT-EQP-02_20260514T0000_T15,5,3,WF.010116,CL-2601-001,16,CL-2601-001,16,9,3
BS-2601-003,25,7,8,DT-EQP-02_20260514T0000_T15,5,4,WF.010403,CL-2601-004,03,CL-2601-004,03,5,5
BS-2601-003,25,7,7,DT-EQP-02_20260514T0000_T15,5,5,WF.010116,CL-2601-001,16,CL-2601-001,16,3,10
BS-2601-003,25,7,6,DT-EQP-02_20260514T0000_T15,5,6,WF.010403,CL-2601-004,03,CL-2601-004,03,1,6
BS-2601-003,25,7,5,DT-EQP-02_20260514T0000_T15,5,7,WF.010403,CL-2601-004,03,CL-2601-004,03,4,8
BS-2601-003,25,7,4,DT-EQP-02_20260514T0000_T15,5,8,WF.010403,CL-2601-004,03,CL-2601-004,03,6,6
BS-2601-003,25,7,3,DT-EQP-02_20260514T0000_T15,5,9,WF.010116,CL-2601-001,16,CL-2601-001,16,6,9
BS-2601-003,25,7,2,DT-EQP-02_20260514T0000_T15,5,10,WF.010116,CL-2601-001,16,CL-2601-001,16,9,10
BS-2601-003,25,7,0,DT-EQP-02_20260514T0000_T15,5,12,WF.010116,CL-2601-001,16,CL-2601-001,16,6,10
BS-2601-003,25,6,5,DT-EQP-02_20260514T0000_T15,6,7,WF.010403,CL-2601-004,03,CL-2601-004,03,1,5
BS-2601-003,25,5,11,DT-EQP-02_20260514T0000_T15,7,1,WF.010403,CL-2601-004,03,CL-2601-004,03,2,4
BS-2601-003,25,5,10,DT-EQP-02_20260514T0000_T15,7,2,WF.010116,CL-2601-001,16,CL-2601-001,16,11,5
BS-2601-003,25,5,9,DT-EQP-02_20260514T0000_T15,7,3,WF.010116,CL-2601-001,16,CL-2601-001,16,11,4
BS-2601-003,25,5,8,DT-EQP-02_20260514T0000_T15,7,4,WF.010403,CL-2601-004,03,CL-2601-004,03,4,4
BS-2601-003,25,5,7,DT-EQP-02_20260514T0000_T15,7,5,WF.010403,CL-2601-004,03,CL-2601-004,03,8,4
BS-2601-003,25,5,6,DT-EQP-02_20260514T0000_T15,7,6,WF.010403,CL-2601-004,03,CL-2601-004,03,3,8
BS-2601-003,25,5,5,DT-EQP-02_20260514T0000_T15,7,7,WF.010403,CL-2601-004,03,CL-2601-004,03,2,7
BS-2601-003,25,5,4,DT-EQP-02_20260514T0000_T15,7,8,WF.010403,CL-2601-004,03,CL-2601-004,03,4,7
BS-2601-003,25,5,3,DT-EQP-02_20260514T0000_T15,7,9,WF.010403,CL-2601-004,03,CL-2601-004,03,1,9
BS-2601-003,25,5,2,DT-EQP-02_20260514T0000_T15,7,10,WF.010403,CL-2601-004,03,CL-2601-004,03,7,11
BS-2601-003,25,5,1,DT-EQP-02_20260514T0000_T15,7,11,WF.010116,CL-2601-001,16,CL-2601-001,16,3,3
BS-2601-003,25,4,9,DT-EQP-02_20260514T0000_T15,8,3,WF.010116,CL-2601-001,16,CL-2601-001,16,7,8
BS-2601-003,25,4,7,DT-EQP-02_20260514T0000_T15,8,5,WF.010116,CL-2601-001,16,CL-2601-001,16,12,7
BS-2601-003,25,4,5,DT-EQP-02_20260514T0000_T15,8,7,WF.010116,CL-2601-001,16,CL-2601-001,16,6,5
BS-2601-003,25,4,3,DT-EQP-02_20260514T0000_T15,8,9,WF.010116,CL-2601-001,16,CL-2601-001,16,8,5
BS-2601-003,25,4,2,DT-EQP-02_20260514T0000_T15,8,10,WF.010403,CL-2601-004,03,CL-2601-004,03,9,4
BS-2601-003,25,3,9,DT-EQP-02_20260514T0000_T15,9,3,WF.010403,CL-2601-004,03,CL-2601-004,03,3,10
BS-2601-003,25,3,8,DT-EQP-02_20260514T0000_T15,9,4,WF.010403,CL-2601-004,03,CL-2601-004,03,7,10
BS-2601-003,25,3,7,DT-EQP-02_20260514T0000_T15,9,5,WF.010403,CL-2601-004,03,CL-2601-004,03,5,9
BS-2601-003,25,3,5,DT-EQP-02_20260514T0000_T15,9,7,WF.010116,CL-2601-001,16,CL-2601-001,16,3,9
BS-2601-003,25,3,4,DT-EQP-02_20260514T0000_T15,9,8,WF.010116,CL-2601-001,16,CL-2601-001,16,5,5
BS-2601-003,25,3,3,DT-EQP-02_20260514T0000_T15,9,9,WF.010403,CL-2601-004,03,CL-2601-004,03,6,12
BS-2601-003,25,2,5,DT-EQP-02_20260514T0000_T15,10,7,WF.010403,CL-2601-004,03,CL-2601-004,03,11,5
BS-2601-003,25,2,4,DT-EQP-02_20260514T0000_T15,10,8,WF.010403,CL-2601-004,03,CL-2601-004,03,1,4
BS-2601-003,25,1,8,DT-EQP-02_20260514T0000_T15,11,4,WF.010116,CL-2601-001,16,CL-2601-001,16,4,7
BS-2601-003,25,1,7,DT-EQP-02_20260514T0000_T15,11,5,WF.010116,CL-2601-001,16,CL-2601-001,16,9,11
BS-2601-003,25,1,5,DT-EQP-02_20260514T0000_T15,11,7,WF.010403,CL-2601-004,03,CL-2601-004,03,1,7
BS-2601-003,25,1,4,DT-EQP-02_20260514T0000_T15,11,8,WF.010116,CL-2601-001,16,CL-2601-001,16,2,10
BS-2601-004,01,11,8,DT-EQP-02_20260514T0000_T16,1,4,WF.010517,CL-2601-005,17,CL-2601-005-A5,17,8,5
BS-2601-004,01,11,7,DT-EQP-02_20260514T0000_T16,1,5,WF.010517,CL-2601-005,17,CL-2601-005-A5,17,5,6
BS-2601-004,01,11,4,DT-EQP-02_20260514T0000_T16,1,8,WF.010517,CL-2601-005,17,CL-2601-005-A5,17,5,7
BS-2601-004,01,10,7,DT-EQP-02_20260514T0000_T16,2,5,WF.010517,CL-2601-005,17,CL-2601-005-A5,17,4,2
BS-2601-004,01,10,5,DT-EQP-02_20260514T0000_T16,2,7,WF.010517,CL-2601-005,17,CL-2601-005-A5,17,8,9
BS-2601-004,01,9,8,DT-EQP-02_20260514T0000_T16,3,4,WF.010220,CL-2601-002,20,CL-2601-002,20,3,9
BS-2601-004,01,9,7,DT-EQP-02_20260514T0000_T16,3,5,WF.010517,CL-2601-005,17,CL-2601-005-A5,17,3,6
BS-2601-004,01,9,4,DT-EQP-02_20260514T0000_T16,3,8,WF.010517,CL-2601-005,17,CL-2601-005-A5,17,12,5
BS-2601-004,01,9,3,DT-EQP-02_20260514T0000_T16,3,9,WF.010517,CL-2601-005,17,CL-2601-005-A5,17,4,1
BS-2601-004,01,9,1,DT-EQP-02_20260514T0000_T16,3,11,WF.010220,CL-2601-002,20,CL-2601-002,20,3,10
BS-2601-004,01,8,6,DT-EQP-02_20260514T0000_T16,4,6,WF.010220,CL-2601-002,20,CL-2601-002,20,7,4
BS-2601-004,01,7,11,DT-EQP-02_20260514T0000_T16,5,1,WF.010220,CL-2601-002,20,CL-2601-002,20,10,9
BS-2601-004,01,7,10,DT-EQP-02_20260514T0000_T16,5,2,WF.010220,CL-2601-002,20,CL-2601-002,20,10,5
BS-2601-004,01,7,3,DT-EQP-02_20260514T0000_T16,5,9,WF.010220,CL-2601-002,20,CL-2601-002,20,3,4
BS-2601-004,01,7,2,DT-EQP-02_20260514T0000_T16,5,10,WF.010220,CL-2601-002,20,CL-2601-002,20,6,7
BS-2601-004,01,7,1,DT-EQP-02_20260514T0000_T16,5,11,WF.010517,CL-2601-005,17,CL-2601-005-A5,17,4,4
BS-2601-004,01,6,12,DT-EQP-02_20260514T0000_T16,6,0,WF.010220,CL-2601-002,20,CL-2601-002,20,11,4
BS-2601-004,01,6,11,DT-EQP-02_20260514T0000_T16,6,1,WF.010220,CL-2601-002,20,CL-2601-002,20,9,2
BS-2601-004,01,6,10,DT-EQP-02_20260514T0000_T16,6,2,WF.010517,CL-2601-005,17,CL-2601-005-A5,17,9,2
BS-2601-004,01,6,9,DT-EQP-02_20260514T0000_T16,6,3,WF.010517,CL-2601-005,17,CL-2601-005-A5,17,10,10
BS-2601-004,01,6,8,DT-EQP-02_20260514T0000_T16,6,4,WF.010220,CL-2601-002,20,CL-2601-002,20,7,12
BS-2601-004,01,6,4,DT-EQP-02_20260514T0000_T16,6,8,WF.010517,CL-2601-005,17,CL-2601-005-A5,17,5,4
BS-2601-004,01,6,2,DT-EQP-02_20260514T0000_T16,6,10,WF.010220,CL-2601-002,20,CL-2601-002,20,11,8
BS-2601-004,01,5,10,DT-EQP-02_20260514T0000_T16,7,2,WF.010517,CL-2601-005,17,CL-2601-005-A5,17,1,3
BS-2601-004,01,5,9,DT-EQP-02_20260514T0000_T16,7,3,WF.010517,CL-2601-005,17,CL-2601-005-A5,17,4,11
BS-2601-004,01,5,3,DT-EQP-02_20260514T0000_T16,7,9,WF.010220,CL-2601-002,20,CL-2601-002,20,7,6
BS-2601-004,01,5,2,DT-EQP-02_20260514T0000_T16,7,10,WF.010517,CL-2601-005,17,CL-2601-005-A5,17,11,7
BS-2601-004,01,4,9,DT-EQP-02_20260514T0000_T16,8,3,WF.010220,CL-2601-002,20,CL-2601-002,20,9,3
BS-2601-004,01,4,3,DT-EQP-02_20260514T0000_T16,8,9,WF.010517,CL-2601-005,17,CL-2601-005-A5,17,5,2
BS-2601-004,01,4,1,DT-EQP-02_20260514T0000_T16,8,11,WF.010220,CL-2601-002,20,CL-2601-002,20,4,4
BS-2601-004,01,3,9,DT-EQP-02_20260514T0000_T16,9,3,WF.010517,CL-2601-005,17,CL-2601-005-A5,17,8,4
BS-2601-004,01,3,6,DT-EQP-02_20260514T0000_T16,9,6,WF.010220,CL-2601-002,20,CL-2601-002,20,8,11
BS-2601-004,01,3,4,DT-EQP-02_20260514T0000_T16,9,8,WF.010220,CL-2601-002,20,CL-2601-002,20,8,7
BS-2601-004,01,2,7,DT-EQP-02_20260514T0000_T16,10,5,WF.010220,CL-2601-002,20,CL-2601-002,20,3,6
BS-2601-004,01,2,6,DT-EQP-02_20260514T0000_T16,10,6,WF.010517,CL-2601-005,17,CL-2601-005-A5,17,3,9
BS-2601-004,01,2,5,DT-EQP-02_20260514T0000_T16,10,7,WF.010517,CL-2601-005,17,CL-2601-005-A5,17,2,7
BS-2601-004,01,1,6,DT-EQP-02_20260514T0000_T16,11,6,WF.010517,CL-2601-005,17,CL-2601-005-A5,17,10,9
BS-2601-004,01,1,5,DT-EQP-02_20260514T0000_T16,11,7,WF.010517,CL-2601-005,17,CL-2601-005-A5,17,7,6
BS-2601-004,01,1,4,DT-EQP-02_20260514T0000_T16,11,8,WF.010220,CL-2601-002,20,CL-2601-002,20,6,4
BS-2601-004,01,1,3,DT-EQP-02_20260514T0000_T16,11,9,WF.010517,CL-2601-005,17,CL-2601-005-A5,17,6,7
BS-2601-004,01,0,6,DT-EQP-02_20260514T0000_T16,12,6,WF.010220,CL-2601-002,20,CL-2601-002,20,2,6
BS-2601-004,02,11,8,DT-EQP-02_20260514T0000_T17,1,4,WF.010512,CL-2601-005,12,CL-2601-005-A5,12,6,7
BS-2601-004,02,11,7,DT-EQP-02_20260514T0000_T17,1,5,WF.010512,CL-2601-005,12,CL-2601-005-A5,12,8,10
BS-2601-004,02,10,10,DT-EQP-02_20260514T0000_T17,2,2,WF.010502,CL-2601-005,02,CL-2601-005-A5,02,8,3
BS-2601-004,02,10,9,DT-EQP-02_20260514T0000_T17,2,3,WF.010502,CL-2601-005,02,CL-2601-005-A5,02,7,12
BS-2601-004,02,10,7,DT-EQP-02_20260514T0000_T17,2,5,WF.010112,CL-2601-001,12,CL-2601-001,12,0,5
BS-2601-004,02,10,6,DT-EQP-02_20260514T0000_T17,2,6,WF.010512,CL-2601-005,12,CL-2601-005-A5,12,3,9
BS-2601-004,02,9,9,DT-EQP-02_20260514T0000_T17,3,3,WF.010512,CL-2601-005,12,CL-2601-005-A5,12,6,0
BS-2601-004,02,9,8,DT-EQP-02_20260514T0000_T17,3,4,WF.010512,CL-2601-005,12,CL-2601-005-A5,12,8,4
BS-2601-004,02,9,4,DT-EQP-02_20260514T0000_T17,3,8,WF.010112,CL-2601-001,12,CL-2601-001,12,6,0
BS-2601-004,02,9,3,DT-EQP-02_20260514T0000_T17,3,9,WF.010112,CL-2601-001,12,CL-2601-001,12,9,3
BS-2601-004,02,9,1,DT-EQP-02_20260514T0000_T17,3,11,WF.010502,CL-2601-005,02,CL-2601-005-A5,02,6,11
BS-2601-004,02,8,11,DT-EQP-02_20260514T0000_T17,4,1,WF.010512,CL-2601-005,12,CL-2601-005-A5,12,3,7
BS-2601-004,02,8,9,DT-EQP-02_20260514T0000_T17,4,3,WF.010512,CL-2601-005,12,CL-2601-005-A5,12,6,1
BS-2601-004,02,8,8,DT-EQP-02_20260514T0000_T17,4,4,WF.010502,CL-2601-005,02,CL-2601-005-A5,02,10,7
BS-2601-004,02,8,4,DT-EQP-02_20260514T0000_T17,4,8,WF.010502,CL-2601-005,02,CL-2601-005-A5,02,8,9
BS-2601-004,02,8,3,DT-EQP-02_20260514T0000_T17,4,9,WF.010502,CL-2601-005,02,CL-2601-005-A5,02,7,1
BS-2601-004,02,7,12,DT-EQP-02_20260514T0000_T17,5,0,WF.010512,CL-2601-005,12,CL-2601-005-A5,12,3,3
BS-2601-004,02,7,11,DT-EQP-02_20260514T0000_T17,5,1,WF.010112,CL-2601-001,12,CL-2601-001,12,2,3
BS-2601-004,02,7,2,DT-EQP-02_20260514T0000_T17,5,10,WF.010512,CL-2601-005,12,CL-2601-005-A5,12,11,8
BS-2601-004,02,7,1,DT-EQP-02_20260514T0000_T17,5,11,WF.010502,CL-2601-005,02,CL-2601-005-A5,02,9,11
BS-2601-004,02,5,1,DT-EQP-02_20260514T0000_T17,7,11,WF.010512,CL-2601-005,12,CL-2601-005-A5,12,7,6
BS-2601-004,02,5,0,DT-EQP-02_20260514T0000_T17,7,12,WF.010512,CL-2601-005,12,CL-2601-005-A5,12,7,2
BS-2601-004,02,4,8,DT-EQP-02_20260514T0000_T17,8,4,WF.010512,CL-2601-005,12,CL-2601-005-A5,12,9,3
BS-2601-004,02,4,4,DT-EQP-02_20260514T0000_T17,8,8,WF.010112,CL-2601-001,12,CL-2601-001,12,1,6
BS-2601-004,02,4,1,DT-EQP-02_20260514T0000_T17,8,11,WF.010112,CL-2601-001,12,CL-2601-001,12,6,9
BS-2601-004,02,3,11,DT-EQP-02_20260514T0000_T17,9,1,WF.010512,CL-2601-005,12,CL-2601-005-A5,12,7,1
BS-2601-004,02,3,10,DT-EQP-02_20260514T0000_T17,9,2,WF.010112,CL-2601-001,12,CL-2601-001,12,5,6
BS-2601-004,02,3,9,DT-EQP-02_20260514T0000_T17,9,3,WF.010512,CL-2601-005,12,CL-2601-005-A5,12,7,3
BS-2601-004,02,3,8,DT-EQP-02_20260514T0000_T17,9,4,WF.010512,CL-2601-005,12,CL-2601-005-A5,12,11,9
BS-2601-004,02,3,3,DT-EQP-02_20260514T0000_T17,9,9,WF.010112,CL-2601-001,12,CL-2601-001,12,8,9
BS-2601-004,02,2,10,DT-EQP-02_20260514T0000_T17,10,2,WF.010502,CL-2601-005,02,CL-2601-005-A5,02,8,8
BS-2601-004,02,2,9,DT-EQP-02_20260514T0000_T17,10,3,WF.010112,CL-2601-001,12,CL-2601-001,12,12,5
BS-2601-004,02,2,7,DT-EQP-02_20260514T0000_T17,10,5,WF.010112,CL-2601-001,12,CL-2601-001,12,4,4
BS-2601-004,02,2,6,DT-EQP-02_20260514T0000_T17,10,6,WF.010512,CL-2601-005,12,CL-2601-005-A5,12,2,2
BS-2601-004,02,2,3,DT-EQP-02_20260514T0000_T17,10,9,WF.010502,CL-2601-005,02,CL-2601-005-A5,02,9,9
BS-2601-004,02,2,2,DT-EQP-02_20260514T0000_T17,10,10,WF.010112,CL-2601-001,12,CL-2601-001,12,1,3
BS-2601-004,02,1,8,DT-EQP-02_20260514T0000_T17,11,4,WF.010502,CL-2601-005,02,CL-2601-005-A5,02,5,1
BS-2601-004,02,1,7,DT-EQP-02_20260514T0000_T17,11,5,WF.010512,CL-2601-005,12,CL-2601-005-A5,12,6,8
BS-2601-004,02,1,4,DT-EQP-02_20260514T0000_T17,11,8,WF.010512,CL-2601-005,12,CL-2601-005-A5,12,8,2
BS-2601-004,02,1,3,DT-EQP-02_20260514T0000_T17,11,9,WF.010512,CL-2601-005,12,CL-2601-005-A5,12,2,7
BS-2601-004,02,0,7,DT-EQP-02_20260514T0000_T17,12,5,WF.010512,CL-2601-005,12,CL-2601-005-A5,12,10,8
BS-2601-004,02,0,5,DT-EQP-02_20260514T0000_T17,12,7,WF.010112,CL-2601-001,12,CL-2601-001,12,4,2
BS-2601-004,03,12,6,DT-EQP-02_20260514T0000_T18,0,6,WF.010610,CL-2601-006,10,CL-2601-006,10,4,11
BS-2601-004,03,11,8,DT-EQP-02_20260514T0000_T18,1,4,WF.010814,CL-2601-008,14,CL-2601-008,14,1,9
BS-2601-004,03,11,7,DT-EQP-02_20260514T0000_T18,1,5,WF.010610,CL-2601-006,10,CL-2601-006,10,8,11
BS-2601-004,03,11,5,DT-EQP-02_20260514T0000_T18,1,7,WF.010610,CL-2601-006,10,CL-2601-006,10,9,11
BS-2601-004,03,11,4,DT-EQP-02_20260514T0000_T18,1,8,WF.010610,CL-2601-006,10,CL-2601-006,10,9,2
BS-2601-004,03,11,3,DT-EQP-02_20260514T0000_T18,1,9,WF.010814,CL-2601-008,14,CL-2601-008,14,3,8
BS-2601-004,03,10,5,DT-EQP-02_20260514T0000_T18,2,7,WF.010610,CL-2601-006,10,CL-2601-006,10,12,5
BS-2601-004,03,10,3,DT-EQP-02_20260514T0000_T18,2,9,WF.010610,CL-2601-006,10,CL-2601-006,10,6,4
BS-2601-004,03,10,2,DT-EQP-02_20260514T0000_T18,2,10,WF.010610,CL-2601-006,10,CL-2601-006,10,7,0
BS-2601-004,03,9,11,DT-EQP-02_20260514T0000_T18,3,1,WF.010610,CL-2601-006,10,CL-2601-006,10,8,2
BS-2601-004,03,9,10,DT-EQP-02_20260514T0000_T18,3,2,WF.010814,CL-2601-008,14,CL-2601-008,14,5,3
BS-2601-004,03,9,7,DT-EQP-02_20260514T0000_T18,3,5,WF.010814,CL-2601-008,14,CL-2601-008,14,1,8
BS-2601-004,03,9,2,DT-EQP-02_20260514T0000_T18,3,10,WF.010610,CL-2601-006,10,CL-2601-006,10,1,9
BS-2601-004,03,9,1,DT-EQP-02_20260514T0000_T18,3,11,WF.010610,CL-2601-006,10,CL-2601-006,10,9,7
BS-2601-004,03,8,10,DT-EQP-02_20260514T0000_T18,4,2,WF.010610,CL-2601-006,10,CL-2601-006,10,0,5
BS-2601-004,03,8,2,DT-EQP-02_20260514T0000_T18,4,10,WF.010610,CL-2601-006,10,CL-2601-006,10,10,10
BS-2601-004,03,8,1,DT-EQP-02_20260514T0000_T18,4,11,WF.010610,CL-2601-006,10,CL-2601-006,10,6,9
BS-2601-004,03,7,3,DT-EQP-02_20260514T0000_T18,5,9,WF.010610,CL-2601-006,10,CL-2601-006,10,6,11
BS-2601-004,03,7,1,DT-EQP-02_20260514T0000_T18,5,11,WF.010610,CL-2601-006,10,CL-2601-006,10,8,1
BS-2601-004,03,6,4,DT-EQP-02_20260514T0000_T18,6,8,WF.010610,CL-2601-006,10,CL-2601-006,10,10,4
BS-2601-004,03,6,0,DT-EQP-02_20260514T0000_T18,6,12,WF.010610,CL-2601-006,10,CL-2601-006,10,4,2
BS-2601-004,03,5,11,DT-EQP-02_20260514T0000_T18,7,1,WF.010814,CL-2601-008,14,CL-2601-008,14,1,5
BS-2601-004,03,5,10,DT-EQP-02_20260514T0000_T18,7,2,WF.010814,CL-2601-008,14,CL-2601-008,14,8,8
BS-2601-004,03,5,9,DT-EQP-02_20260514T0000_T18,7,3,WF.010610,CL-2601-006,10,CL-2601-006,10,1,3
BS-2601-004,03,5,7,DT-EQP-02_20260514T0000_T18,7,5,WF.010814,CL-2601-008,14,CL-2601-008,14,8,11
BS-2601-004,03,5,5,DT-EQP-02_20260514T0000_T18,7,7,WF.010610,CL-2601-006,10,CL-2601-006,10,7,6
BS-2601-004,03,4,10,DT-EQP-02_20260514T0000_T18,8,2,WF.010610,CL-2601-006,10,CL-2601-006,10,5,0
BS-2601-004,03,4,6,DT-EQP-02_20260514T0000_T18,8,6,WF.010610,CL-2601-006,10,CL-2601-006,10,1,7
BS-2601-004,03,3,10,DT-EQP-02_20260514T0000_T18,9,2,WF.010814,CL-2601-008,14,CL-2601-008,14,10,10
BS-2601-004,03,3,7,DT-EQP-02_20260514T0000_T18,9,5,WF.010610,CL-2601-006,10,CL-2601-006,10,9,10
BS-2601-004,03,3,2,DT-EQP-02_20260514T0000_T18,9,10,WF.010610,CL-2601-006,10,CL-2601-006,10,4,6
BS-2601-004,03,2,8,DT-EQP-02_20260514T0000_T18,10,4,WF.010814,CL-2601-008,14,CL-2601-008,14,8,9
BS-2601-004,03,2,5,DT-EQP-02_20260514T0000_T18,10,7,WF.010610,CL-2601-006,10,CL-2601-006,10,11,8
BS-2601-004,03,2,3,DT-EQP-02_20260514T0000_T18,10,9,WF.010610,CL-2601-006,10,CL-2601-006,10,11,9
BS-2601-004,03,2,2,DT-EQP-02_20260514T0000_T18,10,10,WF.010610,CL-2601-006,10,CL-2601-006,10,6,6
BS-2601-004,03,1,8,DT-EQP-02_20260514T0000_T18,11,4,WF.010610,CL-2601-006,10,CL-2601-006,10,2,2
BS-2601-004,03,1,7,DT-EQP-02_20260514T0000_T18,11,5,WF.010610,CL-2601-006,10,CL-2601-006,10,5,4
BS-2601-004,03,1,4,DT-EQP-02_20260514T0000_T18,11,8,WF.010610,CL-2601-006,10,CL-2601-006,10,7,2
BS-2601-004,03,0,6,DT-EQP-02_20260514T0000_T18,12,6,WF.010610,CL-2601-006,10,CL-2601-006,10,3,2
BS-2601-004,04,12,7,DT-EQP-02_20260514T0000_T19,0,5,WF.010616,CL-2601-006,16,CL-2601-006,16,7,4
BS-2601-004,04,12,6,DT-EQP-02_20260514T0000_T19,0,6,WF.010106,CL-2601-001,06,CL-2601-001,06,12,7
BS-2601-004,04,12,5,DT-EQP-02_20260514T0000_T19,0,7,WF.010616,CL-2601-006,16,CL-2601-006,16,10,3
BS-2601-004,04,11,8,DT-EQP-02_20260514T0000_T19,1,4,WF.010616,CL-2601-006,16,CL-2601-006,16,9,7
BS-2601-004,04,11,5,DT-EQP-02_20260514T0000_T19,1,7,WF.010616,CL-2601-006,16,CL-2601-006,16,2,2
BS-2601-004,04,11,4,DT-EQP-02_20260514T0000_T19,1,8,WF.010616,CL-2601-006,16,CL-2601-006,16,7,1
BS-2601-004,04,10,7,DT-EQP-02_20260514T0000_T19,2,5,WF.010616,CL-2601-006,16,CL-2601-006,16,7,3
BS-2601-004,04,10,5,DT-EQP-02_20260514T0000_T19,2,7,WF.010616,CL-2601-006,16,CL-2601-006,16,2,6
BS-2601-004,04,10,4,DT-EQP-02_20260514T0000_T19,2,8,WF.010616,CL-2601-006,16,CL-2601-006,16,5,9
BS-2601-004,04,10,3,DT-EQP-02_20260514T0000_T19,2,9,WF.010106,CL-2601-001,06,CL-2601-001,06,9,2
BS-2601-004,04,9,10,DT-EQP-02_20260514T0000_T19,3,2,WF.010616,CL-2601-006,16,CL-2601-006,16,6,10
BS-2601-004,04,9,9,DT-EQP-02_20260514T0000_T19,3,3,WF.010106,CL-2601-001,06,CL-2601-001,06,8,7
BS-2601-004,04,9,8,DT-EQP-02_20260514T0000_T19,3,4,WF.010106,CL-2601-001,06,CL-2601-001,06,8,11
BS-2601-004,04,9,4,DT-EQP-02_20260514T0000_T19,3,8,WF.010106,CL-2601-001,06,CL-2601-001,06,7,6
BS-2601-004,04,9,3,DT-EQP-02_20260514T0000_T19,3,9,WF.010616,CL-2601-006,16,CL-2601-006,16,3,3
BS-2601-004,04,8,11,DT-EQP-02_20260514T0000_T19,4,1,WF.010106,CL-2601-001,06,CL-2601-001,06,3,1
BS-2601-004,04,8,9,DT-EQP-02_20260514T0000_T19,4,3,WF.010616,CL-2601-006,16,CL-2601-006,16,5,5
BS-2601-004,04,8,3,DT-EQP-02_20260514T0000_T19,4,9,WF.010616,CL-2601-006,16,CL-2601-006,16,4,2
BS-2601-004,04,8,2,DT-EQP-02_20260514T0000_T19,4,10,WF.010106,CL-2601-001,06,CL-2601-001,06,7,12
BS-2601-004,04,8,1,DT-EQP-02_20260514T0000_T19,4,11,WF.010616,CL-2601-006,16,CL-2601-006,16,2,9
BS-2601-004,04,7,12,DT-EQP-02_20260514T0000_T19,5,0,WF.010106,CL-2601-001,06,CL-2601-001,06,11,6
BS-2601-004,04,7,11,DT-EQP-02_20260514T0000_T19,5,1,WF.010616,CL-2601-006,16,CL-2601-006,16,6,0
BS-2601-004,04,7,6,DT-EQP-02_20260514T0000_T19,5,6,WF.010616,CL-2601-006,16,CL-2601-006,16,10,4
BS-2601-004,04,7,2,DT-EQP-02_20260514T0000_T19,5,10,WF.010616,CL-2601-006,16,CL-2601-006,16,1,6
BS-2601-004,04,7,0,DT-EQP-02_20260514T0000_T19,5,12,WF.010616,CL-2601-006,16,CL-2601-006,16,8,5
BS-2601-004,04,6,7,DT-EQP-02_20260514T0000_T19,6,5,WF.010616,CL-2601-006,16,CL-2601-006,16,11,5
BS-2601-004,04,6,5,DT-EQP-02_20260514T0000_T19,6,7,WF.010616,CL-2601-006,16,CL-2601-006,16,5,7
BS-2601-004,04,6,4,DT-EQP-02_20260514T0000_T19,6,8,WF.010616,CL-2601-006,16,CL-2601-006,16,9,11
BS-2601-004,04,6,0,DT-EQP-02_20260514T0000_T19,6,12,WF.010616,CL-2601-006,16,CL-2601-006,16,8,2
BS-2601-004,04,5,12,DT-EQP-02_20260514T0000_T19,7,0,WF.010616,CL-2601-006,16,CL-2601-006,16,6,7
BS-2601-004,04,5,11,DT-EQP-02_20260514T0000_T19,7,1,WF.010616,CL-2601-006,16,CL-2601-006,16,5,11
BS-2601-004,04,5,10,DT-EQP-02_20260514T0000_T19,7,2,WF.010616,CL-2601-006,16,CL-2601-006,16,10,7
BS-2601-004,04,5,6,DT-EQP-02_20260514T0000_T19,7,6,WF.010106,CL-2601-001,06,CL-2601-001,06,5,1
BS-2601-004,04,4,9,DT-EQP-02_20260514T0000_T19,8,3,WF.010616,CL-2601-006,16,CL-2601-006,16,2,3
BS-2601-004,04,4,3,DT-EQP-02_20260514T0000_T19,8,9,WF.010616,CL-2601-006,16,CL-2601-006,16,4,3
BS-2601-004,04,4,2,DT-EQP-02_20260514T0000_T19,8,10,WF.010106,CL-2601-001,06,CL-2601-001,06,7,8
BS-2601-004,04,3,10,DT-EQP-02_20260514T0000_T19,9,2,WF.010616,CL-2601-006,16,CL-2601-006,16,5,1
BS-2601-004,04,3,9,DT-EQP-02_20260514T0000_T19,9,3,WF.010106,CL-2601-001,06,CL-2601-001,06,4,1
BS-2601-004,04,3,8,DT-EQP-02_20260514T0000_T19,9,4,WF.010106,CL-2601-001,06,CL-2601-001,06,5,4
BS-2601-004,04,3,4,DT-EQP-02_20260514T0000_T19,9,8,WF.010106,CL-2601-001,06,CL-2601-001,06,8,9
BS-2601-004,04,3,2,DT-EQP-02_20260514T0000_T19,9,10,WF.010616,CL-2601-006,16,CL-2601-006,16,6,6
BS-2601-004,04,2,8,DT-EQP-02_20260514T0000_T19,10,4,WF.010616,CL-2601-006,16,CL-2601-006,16,4,6
BS-2601-004,04,2,5,DT-EQP-02_20260514T0000_T19,10,7,WF.010616,CL-2601-006,16,CL-2601-006,16,3,2
BS-2601-004,04,2,2,DT-EQP-02_20260514T0000_T19,10,10,WF.010616,CL-2601-006,16,CL-2601-006,16,9,8
BS-2601-004,04,1,8,DT-EQP-02_20260514T0000_T19,11,4,WF.010106,CL-2601-001,06,CL-2601-001,06,1,6
BS-2601-004,04,1,5,DT-EQP-02_20260514T0000_T19,11,7,WF.010106,CL-2601-001,06,CL-2601-001,06,2,3
BS-2601-004,04,1,4,DT-EQP-02_20260514T0000_T19,11,8,WF.010106,CL-2601-001,06,CL-2601-001,06,9,8
BS-2601-004,04,0,7,DT-EQP-02_20260514T0000_T19,12,5,WF.010616,CL-2601-006,16,CL-2601-006,16,9,4
BS-2601-004,04,0,6,DT-EQP-02_20260514T0000_T19,12,6,WF.010106,CL-2601-001,06,CL-2601-001,06,9,5
BS-2601-004,05,11,9,DT-EQP-02_20260514T0000_T20,1,3,WF.010304,CL-2601-003,04,CL-2601-003,04,2,5
BS-2601-004,05,11,8,DT-EQP-02_20260514T0000_T20,1,4,WF.010112,CL-2601-001,12,CL-2601-001,12,6,12
BS-2601-004,05,11,7,DT-EQP-02_20260514T0000_T20,1,5,WF.010304,CL-2601-003,04,CL-2601-003,04,5,8
BS-2601-004,05,11,6,DT-EQP-02_20260514T0000_T20,1,6,WF.010112,CL-2601-001,12,CL-2601-001,12,1,4
BS-2601-004,05,11,5,DT-EQP-02_20260514T0000_T20,1,7,WF.010112,CL-2601-001,12,CL-2601-001,12,11,9
BS-2601-004,05,11,4,DT-EQP-02_20260514T0000_T20,1,8,WF.010304,CL-2601-003,04,CL-2601-003,04,10,10
BS-2601-004,05,11,3,DT-EQP-02_20260514T0000_T20,1,9,WF.010304,CL-2601-003,04,CL-2601-003,04,10,2
BS-2601-004,05,10,5,DT-EQP-02_20260514T0000_T20,2,7,WF.010304,CL-2601-003,04,CL-2601-003,04,5,0
BS-2601-004,05,10,4,DT-EQP-02_20260514T0000_T20,2,8,WF.010112,CL-2601-001,12,CL-2601-001,12,9,9
BS-2601-004,05,9,11,DT-EQP-02_20260514T0000_T20,3,1,WF.010112,CL-2601-001,12,CL-2601-001,12,5,7
BS-2601-004,05,9,5,DT-EQP-02_20260514T0000_T20,3,7,WF.010304,CL-2601-003,04,CL-2601-003,04,9,6
BS-2601-004,05,9,1,DT-EQP-02_20260514T0000_T20,3,11,WF.010112,CL-2601-001,12,CL-2601-001,12,10,2
BS-2601-004,05,8,10,DT-EQP-02_20260514T0000_T20,4,2,WF.010304,CL-2601-003,04,CL-2601-003,04,7,2
BS-2601-004,05,8,8,DT-EQP-02_20260514T0000_T20,4,4,WF.010304,CL-2601-003,04,CL-2601-003,04,6,5
BS-2601-004,05,8,4,DT-EQP-02_20260514T0000_T20,4,8,WF.010112,CL-2601-001,12,CL-2601-001,12,6,1
BS-2601-004,05,8,2,DT-EQP-02_20260514T0000_T20,4,10,WF.010304,CL-2601-003,04,CL-2601-003,04,7,8
BS-2601-004,05,8,1,DT-EQP-02_20260514T0000_T20,4,11,WF.010112,CL-2601-001,12,CL-2601-001,12,10,8
BS-2601-004,05,7,12,DT-EQP-02_20260514T0000_T20,5,0,WF.010112,CL-2601-001,12,CL-2601-001,12,5,1
BS-2601-004,05,7,11,DT-EQP-02_20260514T0000_T20,5,1,WF.010304,CL-2601-003,04,CL-2601-003,04,6,7
BS-2601-004,05,7,10,DT-EQP-02_20260514T0000_T20,5,2,WF.010304,CL-2601-003,04,CL-2601-003,04,4,10
BS-2601-004,05,7,3,DT-EQP-02_20260514T0000_T20,5,9,WF.010304,CL-2601-003,04,CL-2601-003,04,0,6
BS-2601-004,05,6,11,DT-EQP-02_20260514T0000_T20,6,1,WF.010304,CL-2601-003,04,CL-2601-003,04,6,4
BS-2601-004,05,6,9,DT-EQP-02_20260514T0000_T20,6,3,WF.010304,CL-2601-003,04,CL-2601-003,04,4,3
BS-2601-004,05,6,3,DT-EQP-02_20260514T0000_T20,6,9,WF.010112,CL-2601-001,12,CL-2601-001,12,3,11
BS-2601-004,05,6,1,DT-EQP-02_20260514T0000_T20,6,11,WF.010304,CL-2601-003,04,CL-2601-003,04,10,6
BS-2601-004,05,5,11,DT-EQP-02_20260514T0000_T20,7,1,WF.010304,CL-2601-003,04,CL-2601-003,04,5,6
BS-2601-004,05,5,9,DT-EQP-02_20260514T0000_T20,7,3,WF.010304,CL-2601-003,04,CL-2601-003,04,11,3
BS-2601-004,05,5,6,DT-EQP-02_20260514T0000_T20,7,6,WF.010112,CL-2601-001,12,CL-2601-001,12,11,4
BS-2601-004,05,5,3,DT-EQP-02_20260514T0000_T20,7,9,WF.010304,CL-2601-003,04,CL-2601-003,04,11,9
BS-2601-004,05,5,1,DT-EQP-02_20260514T0000_T20,7,11,WF.010304,CL-2601-003,04,CL-2601-003,04,11,4
BS-2601-004,05,5,0,DT-EQP-02_20260514T0000_T20,7,12,WF.010112,CL-2601-001,12,CL-2601-001,12,9,4
BS-2601-004,05,4,11,DT-EQP-02_20260514T0000_T20,8,1,WF.010304,CL-2601-003,04,CL-2601-003,04,3,8
BS-2601-004,05,4,10,DT-EQP-02_20260514T0000_T20,8,2,WF.010112,CL-2601-001,12,CL-2601-001,12,4,7
BS-2601-004,05,4,4,DT-EQP-02_20260514T0000_T20,8,8,WF.010304,CL-2601-003,04,CL-2601-003,04,4,6
BS-2601-004,05,4,2,DT-EQP-02_20260514T0000_T20,8,10,WF.010112,CL-2601-001,12,CL-2601-001,12,7,10
BS-2601-004,05,3,6,DT-EQP-02_20260514T0000_T20,9,6,WF.010304,CL-2601-003,04,CL-2601-003,04,4,1
BS-2601-004,05,3,1,DT-EQP-02_20260514T0000_T20,9,11,WF.010304,CL-2601-003,04,CL-2601-003,04,3,10
BS-2601-004,05,2,8,DT-EQP-02_20260514T0000_T20,10,4,WF.010304,CL-2601-003,04,CL-2601-003,04,9,1
BS-2601-004,05,2,7,DT-EQP-02_20260514T0000_T20,10,5,WF.010112,CL-2601-001,12,CL-2601-001,12,5,5
BS-2601-004,05,2,5,DT-EQP-02_20260514T0000_T20,10,7,WF.010304,CL-2601-003,04,CL-2601-003,04,5,3
BS-2601-004,05,2,4,DT-EQP-02_20260514T0000_T20,10,8,WF.010304,CL-2601-003,04,CL-2601-003,04,5,9
BS-2601-004,05,1,8,DT-EQP-02_20260514T0000_T20,11,4,WF.010112,CL-2601-001,12,CL-2601-001,12,3,2
BS-2601-004,05,1,7,DT-EQP-02_20260514T0000_T20,11,5,WF.010112,CL-2601-001,12,CL-2601-001,12,6,6
BS-2601-004,05,1,3,DT-EQP-02_20260514T0000_T20,11,9,WF.010112,CL-2601-001,12,CL-2601-001,12,3,9
BS-2601-004,05,0,7,DT-EQP-02_20260514T0000_T20,12,5,WF.010304,CL-2601-003,04,CL-2601-003,04,2,7
BS-2601-004,06,12,7,DT-EQP-01_20260515T0000_T01,0,5,WF.010216,CL-2601-002,16,CL-2601-002-A4,16,5,7
BS-2601-004,06,12,6,DT-EQP-01_20260515T0000_T01,0,6,WF.010216,CL-2601-002,16,CL-2601-002-A4,16,12,5
BS-2601-004,06,12,5,DT-EQP-01_20260515T0000_T01,0,7,WF.010216,CL-2601-002,16,CL-2601-002-A4,16,1,6
BS-2601-004,06,11,8,DT-EQP-01_20260515T0000_T01,1,4,WF.010216,CL-2601-002,16,CL-2601-002-A4,16,5,4
BS-2601-004,06,11,4,DT-EQP-01_20260515T0000_T01,1,8,WF.010216,CL-2601-002,16,CL-2601-002-A4,16,8,11
BS-2601-004,06,9,11,DT-EQP-01_20260515T0000_T01,3,1,WF.010101,CL-2601-001,01,CL-2601-001,01,8,1
BS-2601-004,06,9,9,DT-EQP-01_20260515T0000_T01,3,3,WF.010216,CL-2601-002,16,CL-2601-002-A4,16,9,5
BS-2601-004,06,9,8,DT-EQP-01_20260515T0000_T01,3,4,WF.010216,CL-2601-002,16,CL-2601-002-A4,16,10,6
BS-2601-004,06,9,7,DT-EQP-01_20260515T0000_T01,3,5,WF.010216,CL-2601-002,16,CL-2601-002-A4,16,8,4
BS-2601-004,06,9,5,DT-EQP-01_20260515T0000_T01,3,7,WF.010216,CL-2601-002,16,CL-2601-002-A4,16,6,9
BS-2601-004,06,9,4,DT-EQP-01_20260515T0000_T01,3,8,WF.010101,CL-2601-001,01,CL-2601-001,01,10,7
BS-2601-004,06,8,11,DT-EQP-01_20260515T0000_T01,4,1,WF.010216,CL-2601-002,16,CL-2601-002-A4,16,10,5
BS-2601-004,06,8,7,DT-EQP-01_20260515T0000_T01,4,5,WF.010101,CL-2601-001,01,CL-2601-001,01,5,4
BS-2601-004,06,8,3,DT-EQP-01_20260515T0000_T01,4,9,WF.010216,CL-2601-002,16,CL-2601-002-A4,16,9,4
BS-2601-004,06,8,2,DT-EQP-01_20260515T0000_T01,4,10,WF.010216,CL-2601-002,16,CL-2601-002-A4,16,3,9
BS-2601-004,06,7,0,DT-EQP-01_20260515T0000_T01,5,12,WF.010216,CL-2601-002,16,CL-2601-002-A4,16,7,10
BS-2601-004,06,6,12,DT-EQP-01_20260515T0000_T01,6,0,WF.010216,CL-2601-002,16,CL-2601-002-A4,16,3,7
BS-2601-004,06,6,11,DT-EQP-01_20260515T0000_T01,6,1,WF.010216,CL-2601-002,16,CL-2601-002-A4,16,10,9
BS-2601-004,06,6,10,DT-EQP-01_20260515T0000_T01,6,2,WF.010216,CL-2601-002,16,CL-2601-002-A4,16,11,7
BS-2601-004,06,6,2,DT-EQP-01_20260515T0000_T01,6,10,WF.010216,CL-2601-002,16,CL-2601-002-A4,16,7,6
BS-2601-004,06,6,1,DT-EQP-01_20260515T0000_T01,6,11,WF.010216,CL-2601-002,16,CL-2601-002-A4,16,4,1
BS-2601-004,06,5,9,DT-EQP-01_20260515T0000_T01,7,3,WF.010216,CL-2601-002,16,CL-2601-002-A4,16,1,3
BS-2601-004,06,5,4,DT-EQP-01_20260515T0000_T01,7,8,WF.010101,CL-2601-001,01,CL-2601-001,01,7,5
BS-2601-004,06,5,3,DT-EQP-01_20260515T0000_T01,7,9,WF.010216,CL-2601-002,16,CL-2601-002-A4,16,2,9
BS-2601-004,06,4,11,DT-EQP-01_20260515T0000_T01,8,1,WF.010216,CL-2601-002,16,CL-2601-002-A4,16,4,3
BS-2601-004,06,4,3,DT-EQP-01_20260515T0000_T01,8,9,WF.010216,CL-2601-002,16,CL-2601-002-A4,16,4,2
BS-2601-004,06,4,1,DT-EQP-01_20260515T0000_T01,8,11,WF.010216,CL-2601-002,16,CL-2601-002-A4,16,3,11
BS-2601-004,06,3,9,DT-EQP-01_20260515T0000_T01,9,3,WF.010216,CL-2601-002,16,CL-2601-002-A4,16,5,2
BS-2601-004,06,3,7,DT-EQP-01_20260515T0000_T01,9,5,WF.010216,CL-2601-002,16,CL-2601-002-A4,16,10,3
BS-2601-004,06,3,5,DT-EQP-01_20260515T0000_T01,9,7,WF.010216,CL-2601-002,16,CL-2601-002-A4,16,4,7
BS-2601-004,06,3,3,DT-EQP-01_20260515T0000_T01,9,9,WF.010216,CL-2601-002,16,CL-2601-002-A4,16,2,10
BS-2601-004,06,3,1,DT-EQP-01_20260515T0000_T01,9,11,WF.010216,CL-2601-002,16,CL-2601-002-A4,16,3,8
BS-2601-004,06,2,8,DT-EQP-01_20260515T0000_T01,10,4,WF.010216,CL-2601-002,16,CL-2601-002-A4,16,2,2
BS-2601-004,06,2,6,DT-EQP-01_20260515T0000_T01,10,6,WF.010216,CL-2601-002,16,CL-2601-002-A4,16,1,5
BS-2601-004,06,2,4,DT-EQP-01_20260515T0000_T01,10,8,WF.010101,CL-2601-001,01,CL-2601-001,01,4,7
BS-2601-004,06,1,9,DT-EQP-01_20260515T0000_T01,11,3,WF.010216,CL-2601-002,16,CL-2601-002-A4,16,4,11
BS-2601-004,06,1,6,DT-EQP-01_20260515T0000_T01,11,6,WF.010101,CL-2601-001,01,CL-2601-001,01,3,4
BS-2601-004,06,1,3,DT-EQP-01_20260515T0000_T01,11,9,WF.010216,CL-2601-002,16,CL-2601-002-A4,16,7,4
BS-2601-004,06,0,7,DT-EQP-01_20260515T0000_T01,12,5,WF.010216,CL-2601-002,16,CL-2601-002-A4,16,7,11
BS-2601-004,06,0,5,DT-EQP-01_20260515T0000_T01,12,7,WF.010101,CL-2601-001,01,CL-2601-001,01,4,11
BS-2601-004,07,11,9,DT-EQP-01_20260515T0000_T02,1,3,WF.010207,CL-2601-002,07,CL-2601-002-A4,07,1,3
BS-2601-004,07,11,5,DT-EQP-01_20260515T0000_T02,1,7,WF.010821,CL-2601-008,21,CL-2601-008,21,10,6
BS-2601-004,07,11,3,DT-EQP-01_20260515T0000_T02,1,9,WF.010207,CL-2601-002,07,CL-2601-002-A4,07,7,8
BS-2601-004,07,10,5,DT-EQP-01_20260515T0000_T02,2,7,WF.010821,CL-2601-008,21,CL-2601-008,21,5,6
BS-2601-004,07,10,4,DT-EQP-01_20260515T0000_T02,2,8,WF.010821,CL-2601-008,21,CL-2601-008,21,2,5
BS-2601-004,07,10,3,DT-EQP-01_20260515T0000_T02,2,9,WF.010207,CL-2601-002,07,CL-2601-002-A4,07,9,3
BS-2601-004,07,10,2,DT-EQP-01_20260515T0000_T02,2,10,WF.010821,CL-2601-008,21,CL-2601-008,21,7,0
BS-2601-004,07,9,9,DT-EQP-01_20260515T0000_T02,3,3,WF.010322,CL-2601-003,22,CL-2601-003,22,2,9
BS-2601-004,07,9,5,DT-EQP-01_20260515T0000_T02,3,7,WF.010207,CL-2601-002,07,CL-2601-002-A4,07,7,0
BS-2601-004,07,9,4,DT-EQP-01_20260515T0000_T02,3,8,WF.010821,CL-2601-008,21,CL-2601-008,21,6,10
BS-2601-004,07,9,3,DT-EQP-01_20260515T0000_T02,3,9,WF.010207,CL-2601-002,07,CL-2601-002-A4,07,7,9
BS-2601-004,07,9,1,DT-EQP-01_20260515T0000_T02,3,11,WF.010207,CL-2601-002,07,CL-2601-002-A4,07,5,10
BS-2601-004,07,8,11,DT-EQP-01_20260515T0000_T02,4,1,WF.010207,CL-2601-002,07,CL-2601-002-A4,07,4,6
BS-2601-004,07,8,7,DT-EQP-01_20260515T0000_T02,4,5,WF.010821,CL-2601-008,21,CL-2601-008,21,8,8
BS-2601-004,07,8,5,DT-EQP-01_20260515T0000_T02,4,7,WF.010821,CL-2601-008,21,CL-2601-008,21,9,4
BS-2601-004,07,8,4,DT-EQP-01_20260515T0000_T02,4,8,WF.010322,CL-2601-003,22,CL-2601-003,22,1,8
BS-2601-004,07,7,12,DT-EQP-01_20260515T0000_T02,5,0,WF.010207,CL-2601-002,07,CL-2601-002-A4,07,5,2
BS-2601-004,07,7,11,DT-EQP-01_20260515T0000_T02,5,1,WF.010821,CL-2601-008,21,CL-2601-008,21,7,9
BS-2601-004,07,7,9,DT-EQP-01_20260515T0000_T02,5,3,WF.010821,CL-2601-008,21,CL-2601-008,21,4,10
BS-2601-004,07,7,7,DT-EQP-01_20260515T0000_T02,5,5,WF.010207,CL-2601-002,07,CL-2601-002-A4,07,3,11
BS-2601-004,07,7,4,DT-EQP-01_20260515T0000_T02,5,8,WF.010207,CL-2601-002,07,CL-2601-002-A4,07,6,6
BS-2601-004,07,7,3,DT-EQP-01_20260515T0000_T02,5,9,WF.010207,CL-2601-002,07,CL-2601-002-A4,07,10,5
BS-2601-004,07,6,11,DT-EQP-01_20260515T0000_T02,6,1,WF.010322,CL-2601-003,22,CL-2601-003,22,9,4
BS-2601-004,07,6,7,DT-EQP-01_20260515T0000_T02,6,5,WF.010821,CL-2601-008,21,CL-2601-008,21,7,5
BS-2601-004,07,6,4,DT-EQP-01_20260515T0000_T02,6,8,WF.010207,CL-2601-002,07,CL-2601-002-A4,07,7,7
BS-2601-004,07,6,2,DT-EQP-01_20260515T0000_T02,6,10,WF.010207,CL-2601-002,07,CL-2601-002-A4,07,10,2
BS-2601-004,07,5,7,DT-EQP-01_20260515T0000_T02,7,5,WF.010322,CL-2601-003,22,CL-2601-003,22,7,8
BS-2601-004,07,5,5,DT-EQP-01_20260515T0000_T02,7,7,WF.010821,CL-2601-008,21,CL-2601-008,21,6,8
BS-2601-004,07,5,4,DT-EQP-01_20260515T0000_T02,7,8,WF.010821,CL-2601-008,21,CL-2601-008,21,4,2
BS-2601-004,07,5,3,DT-EQP-01_20260515T0000_T02,7,9,WF.010207,CL-2601-002,07,CL-2601-002-A4,07,6,10
BS-2601-004,07,5,2,DT-EQP-01_20260515T0000_T02,7,10,WF.010821,CL-2601-008,21,CL-2601-008,21,3,3
BS-2601-004,07,5,1,DT-EQP-01_20260515T0000_T02,7,11,WF.010821,CL-2601-008,21,CL-2601-008,21,6,5
BS-2601-004,07,5,0,DT-EQP-01_20260515T0000_T02,7,12,WF.010821,CL-2601-008,21,CL-2601-008,21,4,3
BS-2601-004,07,4,10,DT-EQP-01_20260515T0000_T02,8,2,WF.010821,CL-2601-008,21,CL-2601-008,21,7,6
BS-2601-004,07,4,4,DT-EQP-01_20260515T0000_T02,8,8,WF.010821,CL-2601-008,21,CL-2601-008,21,9,6
BS-2601-004,07,4,3,DT-EQP-01_20260515T0000_T02,8,9,WF.010322,CL-2601-003,22,CL-2601-003,22,8,4
BS-2601-004,07,4,1,DT-EQP-01_20260515T0000_T02,8,11,WF.010821,CL-2601-008,21,CL-2601-008,21,8,7
BS-2601-004,07,3,11,DT-EQP-01_20260515T0000_T02,9,1,WF.010322,CL-2601-003,22,CL-2601-003,22,8,1
BS-2601-004,07,3,7,DT-EQP-01_20260515T0000_T02,9,5,WF.010821,CL-2601-008,21,CL-2601-008,21,9,3
BS-2601-004,07,3,6,DT-EQP-01_20260515T0000_T02,9,6,WF.010207,CL-2601-002,07,CL-2601-002-A4,07,5,11
BS-2601-004,07,3,4,DT-EQP-01_20260515T0000_T02,9,8,WF.010821,CL-2601-008,21,CL-2601-008,21,5,8
BS-2601-004,07,3,3,DT-EQP-01_20260515T0000_T02,9,9,WF.010207,CL-2601-002,07,CL-2601-002-A4,07,6,1
BS-2601-004,07,3,1,DT-EQP-01_20260515T0000_T02,9,11,WF.010322,CL-2601-003,22,CL-2601-003,22,6,6
BS-2601-004,07,2,8,DT-EQP-01_20260515T0000_T02,10,4,WF.010821,CL-2601-008,21,CL-2601-008,21,8,4
BS-2601-004,07,2,7,DT-EQP-01_20260515T0000_T02,10,5,WF.010322,CL-2601-003,22,CL-2601-003,22,4,9
BS-2601-004,07,2,6,DT-EQP-01_20260515T0000_T02,10,6,WF.010322,CL-2601-003,22,CL-2601-003,22,0,5
BS-2601-004,07,2,5,DT-EQP-01_20260515T0000_T02,10,7,WF.010322,CL-2601-003,22,CL-2601-003,22,7,10
BS-2601-004,07,2,4,DT-EQP-01_20260515T0000_T02,10,8,WF.010821,CL-2601-008,21,CL-2601-008,21,7,3
BS-2601-004,07,1,9,DT-EQP-01_20260515T0000_T02,11,3,WF.010322,CL-2601-003,22,CL-2601-003,22,3,5
BS-2601-004,07,1,3,DT-EQP-01_20260515T0000_T02,11,9,WF.010821,CL-2601-008,21,CL-2601-008,21,10,8
BS-2601-004,07,0,6,DT-EQP-01_20260515T0000_T02,12,6,WF.010821,CL-2601-008,21,CL-2601-008,21,7,11
BS-2601-004,07,0,5,DT-EQP-01_20260515T0000_T02,12,7,WF.010207,CL-2601-002,07,CL-2601-002-A4,07,9,11
BS-2601-004,08,12,5,DT-EQP-01_20260515T0000_T03,0,7,WF.010214,CL-2601-002,14,CL-2601-002-A4,14,10,4
BS-2601-004,08,11,9,DT-EQP-01_20260515T0000_T03,1,3,WF.010414,CL-2601-004,14,CL-2601-004,14,7,11
BS-2601-004,08,11,8,DT-EQP-01_20260515T0000_T03,1,4,WF.010214,CL-2601-002,14,CL-2601-002-A4,14,11,4
BS-2601-004,08,11,6,DT-EQP-01_20260515T0000_T03,1,6,WF.010214,CL-2601-002,14,CL-2601-002-A4,14,9,5
BS-2601-004,08,11,5,DT-EQP-01_20260515T0000_T03,1,7,WF.010214,CL-2601-002,14,CL-2601-002-A4,14,3,5
BS-2601-004,08,10,10,DT-EQP-01_20260515T0000_T03,2,2,WF.010414,CL-2601-004,14,CL-2601-004,14,4,11
BS-2601-004,08,10,7,DT-EQP-01_20260515T0000_T03,2,5,WF.010214,CL-2601-002,14,CL-2601-002-A4,14,6,12
BS-2601-004,08,10,6,DT-EQP-01_20260515T0000_T03,2,6,WF.010414,CL-2601-004,14,CL-2601-004,14,9,6
BS-2601-004,08,10,2,DT-EQP-01_20260515T0000_T03,2,10,WF.010214,CL-2601-002,14,CL-2601-002-A4,14,5,12
BS-2601-004,08,9,6,DT-EQP-01_20260515T0000_T03,3,6,WF.010414,CL-2601-004,14,CL-2601-004,14,10,8
BS-2601-004,08,9,4,DT-EQP-01_20260515T0000_T03,3,8,WF.010414,CL-2601-004,14,CL-2601-004,14,7,2
BS-2601-004,08,9,2,DT-EQP-01_20260515T0000_T03,3,10,WF.010414,CL-2601-004,14,CL-2601-004,14,2,8
BS-2601-004,08,8,11,DT-EQP-01_20260515T0000_T03,4,1,WF.010414,CL-2601-004,14,CL-2601-004,14,4,9
BS-2601-004,08,8,10,DT-EQP-01_20260515T0000_T03,4,2,WF.010214,CL-2601-002,14,CL-2601-002-A4,14,2,7
BS-2601-004,08,8,2,DT-EQP-01_20260515T0000_T03,4,10,WF.010214,CL-2601-002,14,CL-2601-002-A4,14,3,1
BS-2601-004,08,7,12,DT-EQP-01_20260515T0000_T03,5,0,WF.010214,CL-2601-002,14,CL-2601-002-A4,14,9,9
BS-2601-004,08,7,11,DT-EQP-01_20260515T0000_T03,5,1,WF.010214,CL-2601-002,14,CL-2601-002-A4,14,11,8
BS-2601-004,08,7,10,DT-EQP-01_20260515T0000_T03,5,2,WF.010214,CL-2601-002,14,CL-2601-002-A4,14,5,4
BS-2601-004,08,7,9,DT-EQP-01_20260515T0000_T03,5,3,WF.010414,CL-2601-004,14,CL-2601-004,14,7,3
BS-2601-004,08,7,8,DT-EQP-01_20260515T0000_T03,5,4,WF.010214,CL-2601-002,14,CL-2601-002-A4,14,1,9
BS-2601-004,08,7,2,DT-EQP-01_20260515T0000_T03,5,10,WF.010214,CL-2601-002,14,CL-2601-002-A4,14,10,10
BS-2601-004,08,6,11,DT-EQP-01_20260515T0000_T03,6,1,WF.010414,CL-2601-004,14,CL-2601-004,14,6,1
BS-2601-004,08,6,10,DT-EQP-01_20260515T0000_T03,6,2,WF.010414,CL-2601-004,14,CL-2601-004,14,7,8
BS-2601-004,08,6,5,DT-EQP-01_20260515T0000_T03,6,7,WF.010414,CL-2601-004,14,CL-2601-004,14,9,3
BS-2601-004,08,5,10,DT-EQP-01_20260515T0000_T03,7,2,WF.010214,CL-2601-002,14,CL-2601-002-A4,14,7,4
BS-2601-004,08,5,8,DT-EQP-01_20260515T0000_T03,7,4,WF.010414,CL-2601-004,14,CL-2601-004,14,7,1
BS-2601-004,08,5,6,DT-EQP-01_20260515T0000_T03,7,6,WF.010414,CL-2601-004,14,CL-2601-004,14,2,5
BS-2601-004,08,4,11,DT-EQP-01_20260515T0000_T03,8,1,WF.010214,CL-2601-002,14,CL-2601-002-A4,14,4,1
BS-2601-004,08,4,10,DT-EQP-01_20260515T0000_T03,8,2,WF.010214,CL-2601-002,14,CL-2601-002-A4,14,5,8
BS-2601-004,08,4,6,DT-EQP-01_20260515T0000_T03,8,6,WF.010414,CL-2601-004,14,CL-2601-004,14,7,0
BS-2601-004,08,4,4,DT-EQP-01_20260515T0000_T03,8,8,WF.010214,CL-2601-002,14,CL-2601-002-A4,14,4,8
BS-2601-004,08,4,3,DT-EQP-01_20260515T0000_T03,8,9,WF.010214,CL-2601-002,14,CL-2601-002-A4,14,4,4
BS-2601-004,08,3,6,DT-EQP-01_20260515T0000_T03,9,6,WF.010214,CL-2601-002,14,CL-2601-002-A4,14,0,5
BS-2601-004,08,3,2,DT-EQP-01_20260515T0000_T03,9,10,WF.010214,CL-2601-002,14,CL-2601-002-A4,14,12,7
BS-2601-004,08,2,9,DT-EQP-01_20260515T0000_T03,10,3,WF.010214,CL-2601-002,14,CL-2601-002-A4,14,5,2
BS-2601-004,08,2,8,DT-EQP-01_20260515T0000_T03,10,4,WF.010414,CL-2601-004,14,CL-2601-004,14,5,12
BS-2601-004,08,2,7,DT-EQP-01_20260515T0000_T03,10,5,WF.010414,CL-2601-004,14,CL-2601-004,14,11,6
BS-2601-004,08,1,5,DT-EQP-01_20260515T0000_T03,11,7,WF.010214,CL-2601-002,14,CL-2601-002-A4,14,7,1
BS-2601-004,08,0,6,DT-EQP-01_20260515T0000_T03,12,6,WF.010214,CL-2601-002,14,CL-2601-002-A4,14,10,3
BS-2601-004,09,12,5,DT-EQP-01_20260515T0000_T04,0,7,WF.010819,CL-2601-008,19,CL-2601-008,19,3,6
BS-2601-004,09,11,8,DT-EQP-01_20260515T0000_T04,1,4,WF.010819,CL-2601-008,19,CL-2601-008,19,8,10
BS-2601-004,09,10,8,DT-EQP-01_20260515T0000_T04,2,4,WF.010214,CL-2601-002,14,CL-2601-002-A4,14,9,4
BS-2601-004,09,10,7,DT-EQP-01_20260515T0000_T04,2,5,WF.010819,CL-2601-008,19,CL-2601-008,19,6,9
BS-2601-004,09,9,11,DT-EQP-01_20260515T0000_T04,3,1,WF.010819,CL-2601-008,19,CL-2601-008,19,3,7
BS-2601-004,09,9,10,DT-EQP-01_20260515T0000_T04,3,2,WF.010819,CL-2601-008,19,CL-2601-008,19,2,3
BS-2601-004,09,9,6,DT-EQP-01_20260515T0000_T04,3,6,WF.010214,CL-2601-002,14,CL-2601-002-A4,14,5,0
BS-2601-004,09,8,10,DT-EQP-01_20260515T0000_T04,4,2,WF.010214,CL-2601-002,14,CL-2601-002-A4,14,6,11
BS-2601-004,09,8,7,DT-EQP-01_20260515T0000_T04,4,5,WF.010214,CL-2601-002,14,CL-2601-002-A4,14,6,5
BS-2601-004,09,8,5,DT-EQP-01_20260515T0000_T04,4,7,WF.010819,CL-2601-008,19,CL-2601-008,19,5,2
BS-2601-004,09,8,3,DT-EQP-01_20260515T0000_T04,4,9,WF.010819,CL-2601-008,19,CL-2601-008,19,9,3
BS-2601-004,09,8,2,DT-EQP-01_20260515T0000_T04,4,10,WF.010819,CL-2601-008,19,CL-2601-008,19,4,11
BS-2601-004,09,8,1,DT-EQP-01_20260515T0000_T04,4,11,WF.010819,CL-2601-008,19,CL-2601-008,19,9,8
BS-2601-004,09,7,11,DT-EQP-01_20260515T0000_T04,5,1,WF.010214,CL-2601-002,14,CL-2601-002-A4,14,7,5
BS-2601-004,09,7,7,DT-EQP-01_20260515T0000_T04,5,5,WF.010819,CL-2601-008,19,CL-2601-008,19,2,5
BS-2601-004,09,7,3,DT-EQP-01_20260515T0000_T04,5,9,WF.010214,CL-2601-002,14,CL-2601-002-A4,14,8,4
BS-2601-004,09,6,12,DT-EQP-01_20260515T0000_T04,6,0,WF.010819,CL-2601-008,19,CL-2601-008,19,5,11
BS-2601-004,09,6,9,DT-EQP-01_20260515T0000_T04,6,3,WF.010819,CL-2601-008,19,CL-2601-008,19,9,6
BS-2601-004,09,6,7,DT-EQP-01_20260515T0000_T04,6,5,WF.010819,CL-2601-008,19,CL-2601-008,19,5,5
BS-2601-004,09,6,6,DT-EQP-01_20260515T0000_T04,6,6,WF.010819,CL-2601-008,19,CL-2601-008,19,2,4
BS-2601-004,09,6,5,DT-EQP-01_20260515T0000_T04,6,7,WF.010819,CL-2601-008,19,CL-2601-008,19,11,3
BS-2601-004,09,6,2,DT-EQP-01_20260515T0000_T04,6,10,WF.010214,CL-2601-002,14,CL-2601-002-A4,14,9,10
BS-2601-004,09,5,12,DT-EQP-01_20260515T0000_T04,7,0,WF.010214,CL-2601-002,14,CL-2601-002-A4,14,7,7
BS-2601-004,09,5,9,DT-EQP-01_20260515T0000_T04,7,3,WF.010819,CL-2601-008,19,CL-2601-008,19,6,11
BS-2601-004,09,5,5,DT-EQP-01_20260515T0000_T04,7,7,WF.010819,CL-2601-008,19,CL-2601-008,19,1,5
BS-2601-004,09,5,4,DT-EQP-01_20260515T0000_T04,7,8,WF.010214,CL-2601-002,14,CL-2601-002-A4,14,1,4
BS-2601-004,09,5,3,DT-EQP-01_20260515T0000_T04,7,9,WF.010819,CL-2601-008,19,CL-2601-008,19,1,3
BS-2601-004,09,5,1,DT-EQP-01_20260515T0000_T04,7,11,WF.010214,CL-2601-002,14,CL-2601-002-A4,14,10,5
BS-2601-004,09,4,10,DT-EQP-01_20260515T0000_T04,8,2,WF.010819,CL-2601-008,19,CL-2601-008,19,5,8
BS-2601-004,09,4,9,DT-EQP-01_20260515T0000_T04,8,3,WF.010819,CL-2601-008,19,CL-2601-008,19,3,2
BS-2601-004,09,4,8,DT-EQP-01_20260515T0000_T04,8,4,WF.010214,CL-2601-002,14,CL-2601-002-A4,14,11,3
BS-2601-004,09,4,7,DT-EQP-01_20260515T0000_T04,8,5,WF.010214,CL-2601-002,14,CL-2601-002-A4,14,8,8
BS-2601-004,09,4,6,DT-EQP-01_20260515T0000_T04,8,6,WF.010819,CL-2601-008,19,CL-2601-008,19,7,7
BS-2601-004,09,4,3,DT-EQP-01_20260515T0000_T04,8,9,WF.010214,CL-2601-002,14,CL-2601-002-A4,14,9,11
BS-2601-004,09,4,1,DT-EQP-01_20260515T0000_T04,8,11,WF.010214,CL-2601-002,14,CL-2601-002-A4,14,7,11
BS-2601-004,09,3,10,DT-EQP-01_20260515T0000_T04,9,2,WF.010214,CL-2601-002,14,CL-2601-002-A4,14,2,9
BS-2601-004,09,3,9,DT-EQP-01_20260515T0000_T04,9,3,WF.010214,CL-2601-002,14,CL-2601-002-A4,14,7,9
BS-2601-004,09,3,8,DT-EQP-01_20260515T0000_T04,9,4,WF.010214,CL-2601-002,14,CL-2601-002-A4,14,1,8
BS-2601-004,09,3,2,DT-EQP-01_20260515T0000_T04,9,10,WF.010819,CL-2601-008,19,CL-2601-008,19,11,4
BS-2601-004,09,2,7,DT-EQP-01_20260515T0000_T04,10,5,WF.010214,CL-2601-002,14,CL-2601-002-A4,14,6,9
BS-2601-004,09,2,5,DT-EQP-01_20260515T0000_T04,10,7,WF.010819,CL-2601-008,19,CL-2601-008,19,7,1
BS-2601-004,09,2,4,DT-EQP-01_20260515T0000_T04,10,8,WF.010819,CL-2601-008,19,CL-2601-008,19,10,6
BS-2601-004,09,2,3,DT-EQP-01_20260515T0000_T04,10,9,WF.010819,CL-2601-008,19,CL-2601-008,19,6,3
BS-2601-004,09,2,2,DT-EQP-01_20260515T0000_T04,10,10,WF.010214,CL-2601-002,14,CL-2601-002-A4,14,6,4
BS-2601-004,09,0,7,DT-EQP-01_20260515T0000_T04,12,5,WF.010819,CL-2601-008,19,CL-2601-008,19,10,2
BS-2601-004,09,0,6,DT-EQP-01_20260515T0000_T04,12,6,WF.010819,CL-2601-008,19,CL-2601-008,19,8,8
BS-2601-004,10,11,9,DT-EQP-01_20260515T0000_T05,1,3,WF.010705,CL-2601-007,05,CL-2601-007-A2-A6-A8,05,12,7
BS-2601-004,10,11,7,DT-EQP-01_20260515T0000_T05,1,5,WF.010325,CL-2601-003,25,CL-2601-003,25,9,9
BS-2601-004,10,10,7,DT-EQP-01_20260515T0000_T05,2,5,WF.010705,CL-2601-007,05,CL-2601-007-A2-A6-A8,05,10,7
BS-2601-004,10,10,4,DT-EQP-01_20260515T0000_T05,2,8,WF.010705,CL-2601-007,05,CL-2601-007-A2-A6-A8,05,6,11
BS-2601-004,10,10,3,DT-EQP-01_20260515T0000_T05,2,9,WF.010705,CL-2601-007,05,CL-2601-007-A2-A6-A8,05,8,2
BS-2601-004,10,9,11,DT-EQP-01_20260515T0000_T05,3,1,WF.010705,CL-2601-007,05,CL-2601-007-A2-A6-A8,05,4,11
BS-2601-004,10,9,9,DT-EQP-01_20260515T0000_T05,3,3,WF.010705,CL-2601-007,05,CL-2601-007-A2-A6-A8,05,1,7
BS-2601-004,10,9,7,DT-EQP-01_20260515T0000_T05,3,5,WF.010705,CL-2601-007,05,CL-2601-007-A2-A6-A8,05,1,4
BS-2601-004,10,9,4,DT-EQP-01_20260515T0000_T05,3,8,WF.010705,CL-2601-007,05,CL-2601-007-A2-A6-A8,05,4,8
BS-2601-004,10,9,3,DT-EQP-01_20260515T0000_T05,3,9,WF.010705,CL-2601-007,05,CL-2601-007-A2-A6-A8,05,4,1
BS-2601-004,10,8,9,DT-EQP-01_20260515T0000_T05,4,3,WF.010705,CL-2601-007,05,CL-2601-007-A2-A6-A8,05,7,4
BS-2601-004,10,8,7,DT-EQP-01_20260515T0000_T05,4,5,WF.010705,CL-2601-007,05,CL-2601-007-A2-A6-A8,05,10,10
BS-2601-004,10,8,6,DT-EQP-01_20260515T0000_T05,4,6,WF.010705,CL-2601-007,05,CL-2601-007-A2-A6-A8,05,7,5
BS-2601-004,10,8,5,DT-EQP-01_20260515T0000_T05,4,7,WF.010705,CL-2601-007,05,CL-2601-007-A2-A6-A8,05,3,5
BS-2601-004,10,8,4,DT-EQP-01_20260515T0000_T05,4,8,WF.010705,CL-2601-007,05,CL-2601-007-A2-A6-A8,05,5,3
BS-2601-004,10,8,3,DT-EQP-01_20260515T0000_T05,4,9,WF.010705,CL-2601-007,05,CL-2601-007-A2-A6-A8,05,12,5
BS-2601-004,10,7,11,DT-EQP-01_20260515T0000_T05,5,1,WF.010325,CL-2601-003,25,CL-2601-003,25,4,1
BS-2601-004,10,7,7,DT-EQP-01_20260515T0000_T05,5,5,WF.010705,CL-2601-007,05,CL-2601-007-A2-A6-A8,05,3,11
BS-2601-004,10,7,5,DT-EQP-01_20260515T0000_T05,5,7,WF.010705,CL-2601-007,05,CL-2601-007-A2-A6-A8,05,6,12
BS-2601-004,10,7,4,DT-EQP-01_20260515T0000_T05,5,8,WF.010705,CL-2601-007,05,CL-2601-007-A2-A6-A8,05,6,4
BS-2601-004,10,7,2,DT-EQP-01_20260515T0000_T05,5,10,WF.010705,CL-2601-007,05,CL-2601-007-A2-A6-A8,05,10,2
BS-2601-004,10,6,8,DT-EQP-01_20260515T0000_T05,6,4,WF.010705,CL-2601-007,05,CL-2601-007-A2-A6-A8,05,5,4
BS-2601-004,10,6,7,DT-EQP-01_20260515T0000_T05,6,5,WF.010705,CL-2601-007,05,CL-2601-007-A2-A6-A8,05,6,1
BS-2601-004,10,6,6,DT-EQP-01_20260515T0000_T05,6,6,WF.010705,CL-2601-007,05,CL-2601-007-A2-A6-A8,05,1,9
BS-2601-004,10,6,4,DT-EQP-01_20260515T0000_T05,6,8,WF.010705,CL-2601-007,05,CL-2601-007-A2-A6-A8,05,8,1
BS-2601-004,10,6,3,DT-EQP-01_20260515T0000_T05,6,9,WF.010705,CL-2601-007,05,CL-2601-007-A2-A6-A8,05,5,11
BS-2601-004,10,5,12,DT-EQP-01_20260515T0000_T05,7,0,WF.010705,CL-2601-007,05,CL-2601-007-A2-A6-A8,05,0,6
BS-2601-004,10,5,9,DT-EQP-01_20260515T0000_T05,7,3,WF.010705,CL-2601-007,05,CL-2601-007-A2-A6-A8,05,3,9
BS-2601-004,10,5,7,DT-EQP-01_20260515T0000_T05,7,5,WF.010705,CL-2601-007,05,CL-2601-007-A2-A6-A8,05,10,6
BS-2601-004,10,5,6,DT-EQP-01_20260515T0000_T05,7,6,WF.010705,CL-2601-007,05,CL-2601-007-A2-A6-A8,05,8,6
BS-2601-004,10,5,5,DT-EQP-01_20260515T0000_T05,7,7,WF.010705,CL-2601-007,05,CL-2601-007-A2-A6-A8,05,7,1
BS-2601-004,10,5,4,DT-EQP-01_20260515T0000_T05,7,8,WF.010705,CL-2601-007,05,CL-2601-007-A2-A6-A8,05,9,2
BS-2601-004,10,5,3,DT-EQP-01_20260515T0000_T05,7,9,WF.010325,CL-2601-003,25,CL-2601-003,25,6,7
BS-2601-004,10,5,1,DT-EQP-01_20260515T0000_T05,7,11,WF.010705,CL-2601-007,05,CL-2601-007-A2-A6-A8,05,6,10
BS-2601-004,10,5,0,DT-EQP-01_20260515T0000_T05,7,12,WF.010705,CL-2601-007,05,CL-2601-007-A2-A6-A8,05,7,3
BS-2601-004,10,4,9,DT-EQP-01_20260515T0000_T05,8,3,WF.010325,CL-2601-003,25,CL-2601-003,25,2,2
BS-2601-004,10,4,6,DT-EQP-01_20260515T0000_T05,8,6,WF.010705,CL-2601-007,05,CL-2601-007-A2-A6-A8,05,9,9
BS-2601-004,10,4,1,DT-EQP-01_20260515T0000_T05,8,11,WF.010705,CL-2601-007,05,CL-2601-007-A2-A6-A8,05,3,10
BS-2601-004,10,3,9,DT-EQP-01_20260515T0000_T05,9,3,WF.010325,CL-2601-003,25,CL-2601-003,25,10,4
BS-2601-004,10,3,8,DT-EQP-01_20260515T0000_T05,9,4,WF.010705,CL-2601-007,05,CL-2601-007-A2-A6-A8,05,3,4
BS-2601-004,10,2,9,DT-EQP-01_20260515T0000_T05,10,3,WF.010705,CL-2601-007,05,CL-2601-007-A2-A6-A8,05,4,10
BS-2601-004,10,2,8,DT-EQP-01_20260515T0000_T05,10,4,WF.010705,CL-2601-007,05,CL-2601-007-A2-A6-A8,05,11,5
BS-2601-004,10,2,7,DT-EQP-01_20260515T0000_T05,10,5,WF.010705,CL-2601-007,05,CL-2601-007-A2-A6-A8,05,8,3
BS-2601-004,10,2,4,DT-EQP-01_20260515T0000_T05,10,8,WF.010325,CL-2601-003,25,CL-2601-003,25,6,9
BS-2601-004,10,1,8,DT-EQP-01_20260515T0000_T05,11,4,WF.010705,CL-2601-007,05,CL-2601-007-A2-A6-A8,05,8,11
BS-2601-004,11,11,9,DT-EQP-01_20260515T0000_T06,1,3,WF.010319,CL-2601-003,19,CL-2601-003,19,2,3
BS-2601-004,11,11,8,DT-EQP-01_20260515T0000_T06,1,4,WF.010319,CL-2601-003,19,CL-2601-003,19,1,6
BS-2601-004,11,11,6,DT-EQP-01_20260515T0000_T06,1,6,WF.010302,CL-2601-003,02,CL-2601-003,02,3,2
BS-2601-004,11,10,7,DT-EQP-01_20260515T0000_T06,2,5,WF.010302,CL-2601-003,02,CL-2601-003,02,9,11
BS-2601-004,11,10,5,DT-EQP-01_20260515T0000_T06,2,7,WF.010302,CL-2601-003,02,CL-2601-003,02,2,2
BS-2601-004,11,10,3,DT-EQP-01_20260515T0000_T06,2,9,WF.010319,CL-2601-003,19,CL-2601-003,19,3,7
BS-2601-004,11,9,10,DT-EQP-01_20260515T0000_T06,3,2,WF.010319,CL-2601-003,19,CL-2601-003,19,9,11
BS-2601-004,11,9,5,DT-EQP-01_20260515T0000_T06,3,7,WF.010302,CL-2601-003,02,CL-2601-003,02,11,7
BS-2601-004,11,9,2,DT-EQP-01_20260515T0000_T06,3,10,WF.010302,CL-2601-003,02,CL-2601-003,02,4,10
BS-2601-004,11,8,11,DT-EQP-01_20260515T0000_T06,4,1,WF.010302,CL-2601-003,02,CL-2601-003,02,12,5
BS-2601-004,11,8,7,DT-EQP-01_20260515T0000_T06,4,5,WF.010302,CL-2601-003,02,CL-2601-003,02,8,10
BS-2601-004,11,8,5,DT-EQP-01_20260515T0000_T06,4,7,WF.010302,CL-2601-003,02,CL-2601-003,02,8,8
BS-2601-004,11,8,2,DT-EQP-01_20260515T0000_T06,4,10,WF.010319,CL-2601-003,19,CL-2601-003,19,7,10
BS-2601-004,11,7,11,DT-EQP-01_20260515T0000_T06,5,1,WF.010319,CL-2601-003,19,CL-2601-003,19,7,12
BS-2601-004,11,7,10,DT-EQP-01_20260515T0000_T06,5,2,WF.010319,CL-2601-003,19,CL-2601-003,19,5,6
BS-2601-004,11,7,9,DT-EQP-01_20260515T0000_T06,5,3,WF.010319,CL-2601-003,19,CL-2601-003,19,9,5
BS-2601-004,11,7,4,DT-EQP-01_20260515T0000_T06,5,8,WF.010319,CL-2601-003,19,CL-2601-003,19,2,7
BS-2601-004,11,7,3,DT-EQP-01_20260515T0000_T06,5,9,WF.010302,CL-2601-003,02,CL-2601-003,02,5,2
BS-2601-004,11,7,2,DT-EQP-01_20260515T0000_T06,5,10,WF.010319,CL-2601-003,19,CL-2601-003,19,11,8
BS-2601-004,11,6,5,DT-EQP-01_20260515T0000_T06,6,7,WF.010319,CL-2601-003,19,CL-2601-003,19,11,4
BS-2601-004,11,6,2,DT-EQP-01_20260515T0000_T06,6,10,WF.010319,CL-2601-003,19,CL-2601-003,19,11,6
BS-2601-004,11,6,1,DT-EQP-01_20260515T0000_T06,6,11,WF.010302,CL-2601-003,02,CL-2601-003,02,2,9
BS-2601-004,11,5,9,DT-EQP-01_20260515T0000_T06,7,3,WF.010319,CL-2601-003,19,CL-2601-003,19,4,10
BS-2601-004,11,5,8,DT-EQP-01_20260515T0000_T06,7,4,WF.010319,CL-2601-003,19,CL-2601-003,19,2,6
BS-2601-004,11,5,6,DT-EQP-01_20260515T0000_T06,7,6,WF.010319,CL-2601-003,19,CL-2601-003,19,10,4
BS-2601-004,11,5,3,DT-EQP-01_20260515T0000_T06,7,9,WF.010302,CL-2601-003,02,CL-2601-003,02,6,9
BS-2601-004,11,5,2,DT-EQP-01_20260515T0000_T06,7,10,WF.010302,CL-2601-003,02,CL-2601-003,02,8,9
BS-2601-004,11,5,1,DT-EQP-01_20260515T0000_T06,7,11,WF.010319,CL-2601-003,19,CL-2601-003,19,3,4
BS-2601-004,11,4,10,DT-EQP-01_20260515T0000_T06,8,2,WF.010302,CL-2601-003,02,CL-2601-003,02,12,7
BS-2601-004,11,4,5,DT-EQP-01_20260515T0000_T06,8,7,WF.010319,CL-2601-003,19,CL-2601-003,19,10,7
BS-2601-004,11,4,1,DT-EQP-01_20260515T0000_T06,8,11,WF.010319,CL-2601-003,19,CL-2601-003,19,9,8
BS-2601-004,11,3,10,DT-EQP-01_20260515T0000_T06,9,2,WF.010302,CL-2601-003,02,CL-2601-003,02,11,5
BS-2601-004,11,3,7,DT-EQP-01_20260515T0000_T06,9,5,WF.010302,CL-2601-003,02,CL-2601-003,02,7,4
BS-2601-004,11,3,5,DT-EQP-01_20260515T0000_T06,9,7,WF.010319,CL-2601-003,19,CL-2601-003,19,7,1
BS-2601-004,11,3,1,DT-EQP-01_20260515T0000_T06,9,11,WF.010302,CL-2601-003,02,CL-2601-003,02,11,8
BS-2601-004,11,2,8,DT-EQP-01_20260515T0000_T06,10,4,WF.010319,CL-2601-003,19,CL-2601-003,19,6,1
BS-2601-004,11,2,3,DT-EQP-01_20260515T0000_T06,10,9,WF.010319,CL-2601-003,19,CL-2601-003,19,1,3
BS-2601-004,11,1,9,DT-EQP-01_20260515T0000_T06,11,3,WF.010302,CL-2601-003,02,CL-2601-003,02,3,8
BS-2601-004,11,1,8,DT-EQP-01_20260515T0000_T06,11,4,WF.010319,CL-2601-003,19,CL-2601-003,19,2,4
BS-2601-004,11,1,7,DT-EQP-01_20260515T0000_T06,11,5,WF.010302,CL-2601-003,02,CL-2601-003,02,3,1
BS-2601-004,11,1,6,DT-EQP-01_20260515T0000_T06,11,6,WF.010319,CL-2601-003,19,CL-2601-003,19,5,7
BS-2601-004,11,1,5,DT-EQP-01_20260515T0000_T06,11,7,WF.010302,CL-2601-003,02,CL-2601-003,02,2,4
BS-2601-004,11,1,4,DT-EQP-01_20260515T0000_T06,11,8,WF.010302,CL-2601-003,02,CL-2601-003,02,10,4
BS-2601-004,11,1,3,DT-EQP-01_20260515T0000_T06,11,9,WF.010302,CL-2601-003,02,CL-2601-003,02,8,11
BS-2601-004,12,12,6,DT-EQP-01_20260515T0000_T07,0,6,WF.010625,CL-2601-006,25,CL-2601-006,25,5,6
BS-2601-004,12,11,7,DT-EQP-01_20260515T0000_T07,1,5,WF.010625,CL-2601-006,25,CL-2601-006,25,7,0
BS-2601-004,12,11,6,DT-EQP-01_20260515T0000_T07,1,6,WF.010625,CL-2601-006,25,CL-2601-006,25,11,3
BS-2601-004,12,11,5,DT-EQP-01_20260515T0000_T07,1,7,WF.010625,CL-2601-006,25,CL-2601-006,25,3,4
BS-2601-004,12,11,4,DT-EQP-01_20260515T0000_T07,1,8,WF.010625,CL-2601-006,25,CL-2601-006,25,7,1
BS-2601-004,12,11,3,DT-EQP-01_20260515T0000_T07,1,9,WF.010625,CL-2601-006,25,CL-2601-006,25,7,11
BS-2601-004,12,10,9,DT-EQP-01_20260515T0000_T07,2,3,WF.010625,CL-2601-006,25,CL-2601-006,25,8,4
BS-2601-004,12,10,7,DT-EQP-01_20260515T0000_T07,2,5,WF.010625,CL-2601-006,25,CL-2601-006,25,4,5
BS-2601-004,12,10,6,DT-EQP-01_20260515T0000_T07,2,6,WF.010625,CL-2601-006,25,CL-2601-006,25,3,2
BS-2601-004,12,10,4,DT-EQP-01_20260515T0000_T07,2,8,WF.010625,CL-2601-006,25,CL-2601-006,25,7,5
BS-2601-004,12,10,3,DT-EQP-01_20260515T0000_T07,2,9,WF.010625,CL-2601-006,25,CL-2601-006,25,9,6
BS-2601-004,12,9,9,DT-EQP-01_20260515T0000_T07,3,3,WF.010625,CL-2601-006,25,CL-2601-006,25,11,7
BS-2601-004,12,9,7,DT-EQP-01_20260515T0000_T07,3,5,WF.010625,CL-2601-006,25,CL-2601-006,25,8,2
BS-2601-004,12,8,11,DT-EQP-01_20260515T0000_T07,4,1,WF.010625,CL-2601-006,25,CL-2601-006,25,7,2
BS-2601-004,12,8,7,DT-EQP-01_20260515T0000_T07,4,5,WF.010625,CL-2601-006,25,CL-2601-006,25,9,4
BS-2601-004,12,8,2,DT-EQP-01_20260515T0000_T07,4,10,WF.010625,CL-2601-006,25,CL-2601-006,25,3,6
BS-2601-004,12,8,1,DT-EQP-01_20260515T0000_T07,4,11,WF.010625,CL-2601-006,25,CL-2601-006,25,5,10
BS-2601-004,12,7,12,DT-EQP-01_20260515T0000_T07,5,0,WF.010625,CL-2601-006,25,CL-2601-006,25,4,11
BS-2601-004,12,7,3,DT-EQP-01_20260515T0000_T07,5,9,WF.010625,CL-2601-006,25,CL-2601-006,25,3,3
BS-2601-004,12,7,2,DT-EQP-01_20260515T0000_T07,5,10,WF.010625,CL-2601-006,25,CL-2601-006,25,11,6
BS-2601-004,12,6,11,DT-EQP-01_20260515T0000_T07,6,1,WF.010625,CL-2601-006,25,CL-2601-006,25,7,8
BS-2601-004,12,6,10,DT-EQP-01_20260515T0000_T07,6,2,WF.010625,CL-2601-006,25,CL-2601-006,25,3,10
BS-2601-004,12,6,6,DT-EQP-01_20260515T0000_T07,6,6,WF.010625,CL-2601-006,25,CL-2601-006,25,2,10
BS-2601-004,12,6,1,DT-EQP-01_20260515T0000_T07,6,11,WF.010625,CL-2601-006,25,CL-2601-006,25,6,2
BS-2601-004,12,5,8,DT-EQP-01_20260515T0000_T07,7,4,WF.010625,CL-2601-006,25,CL-2601-006,25,6,12
BS-2601-004,12,5,7,DT-EQP-01_20260515T0000_T07,7,5,WF.010625,CL-2601-006,25,CL-2601-006,25,2,8
BS-2601-004,12,4,8,DT-EQP-01_20260515T0000_T07,8,4,WF.010625,CL-2601-006,25,CL-2601-006,25,12,5
BS-2601-004,12,4,7,DT-EQP-01_20260515T0000_T07,8,5,WF.010625,CL-2601-006,25,CL-2601-006,25,2,6
BS-2601-004,12,4,6,DT-EQP-01_20260515T0000_T07,8,6,WF.010625,CL-2601-006,25,CL-2601-006,25,10,8
BS-2601-004,12,4,2,DT-EQP-01_20260515T0000_T07,8,10,WF.010625,CL-2601-006,25,CL-2601-006,25,0,6
BS-2601-004,12,4,1,DT-EQP-01_20260515T0000_T07,8,11,WF.010625,CL-2601-006,25,CL-2601-006,25,8,10
BS-2601-004,12,3,11,DT-EQP-01_20260515T0000_T07,9,1,WF.010625,CL-2601-006,25,CL-2601-006,25,10,7
BS-2601-004,12,3,10,DT-EQP-01_20260515T0000_T07,9,2,WF.010625,CL-2601-006,25,CL-2601-006,25,2,2
BS-2601-004,12,3,9,DT-EQP-01_20260515T0000_T07,9,3,WF.010625,CL-2601-006,25,CL-2601-006,25,7,9
BS-2601-004,12,3,8,DT-EQP-01_20260515T0000_T07,9,4,WF.010625,CL-2601-006,25,CL-2601-006,25,7,12
BS-2601-004,12,3,4,DT-EQP-01_20260515T0000_T07,9,8,WF.010625,CL-2601-006,25,CL-2601-006,25,4,9
BS-2601-004,12,2,9,DT-EQP-01_20260515T0000_T07,10,3,WF.010625,CL-2601-006,25,CL-2601-006,25,5,12
BS-2601-004,12,2,8,DT-EQP-01_20260515T0000_T07,10,4,WF.010625,CL-2601-006,25,CL-2601-006,25,6,9
BS-2601-004,12,2,7,DT-EQP-01_20260515T0000_T07,10,5,WF.010625,CL-2601-006,25,CL-2601-006,25,6,11
BS-2601-004,12,2,6,DT-EQP-01_20260515T0000_T07,10,6,WF.010625,CL-2601-006,25,CL-2601-006,25,5,4
BS-2601-004,12,2,5,DT-EQP-01_20260515T0000_T07,10,7,WF.010625,CL-2601-006,25,CL-2601-006,25,5,8
BS-2601-004,12,2,3,DT-EQP-01_20260515T0000_T07,10,9,WF.010625,CL-2601-006,25,CL-2601-006,25,1,9
BS-2601-004,12,1,7,DT-EQP-01_20260515T0000_T07,11,5,WF.010625,CL-2601-006,25,CL-2601-006,25,3,1
BS-2601-004,12,0,7,DT-EQP-01_20260515T0000_T07,12,5,WF.010625,CL-2601-006,25,CL-2601-006,25,4,4
BS-2601-004,13,11,4,DT-EQP-01_20260515T0000_T08,1,8,WF.010320,CL-2601-003,20,CL-2601-003,20,0,6
BS-2601-004,13,10,9,DT-EQP-01_20260515T0000_T08,2,3,WF.010320,CL-2601-003,20,CL-2601-003,20,7,10
BS-2601-004,13,9,11,DT-EQP-01_20260515T0000_T08,3,1,WF.010613,CL-2601-006,13,CL-2601-006,13,11,5
BS-2601-004,13,9,9,DT-EQP-01_20260515T0000_T08,3,3,WF.010613,CL-2601-006,13,CL-2601-006,13,4,8
BS-2601-004,13,9,8,DT-EQP-01_20260515T0000_T08,3,4,WF.010613,CL-2601-006,13,CL-2601-006,13,11,8
BS-2601-004,13,8,11,DT-EQP-01_20260515T0000_T08,4,1,WF.010320,CL-2601-003,20,CL-2601-003,20,11,8
BS-2601-004,13,8,8,DT-EQP-01_20260515T0000_T08,4,4,WF.010613,CL-2601-006,13,CL-2601-006,13,12,7
BS-2601-004,13,8,1,DT-EQP-01_20260515T0000_T08,4,11,WF.010320,CL-2601-003,20,CL-2601-003,20,0,7
BS-2601-004,13,7,11,DT-EQP-01_20260515T0000_T08,5,1,WF.010320,CL-2601-003,20,CL-2601-003,20,3,11
BS-2601-004,13,7,8,DT-EQP-01_20260515T0000_T08,5,4,WF.010320,CL-2601-003,20,CL-2601-003,20,1,9
BS-2601-004,13,7,4,DT-EQP-01_20260515T0000_T08,5,8,WF.010320,CL-2601-003,20,CL-2601-003,20,8,2
BS-2601-004,13,7,3,DT-EQP-01_20260515T0000_T08,5,9,WF.010613,CL-2601-006,13,CL-2601-006,13,11,9
BS-2601-004,13,7,2,DT-EQP-01_20260515T0000_T08,5,10,WF.010320,CL-2601-003,20,CL-2601-003,20,6,8
BS-2601-004,13,6,5,DT-EQP-01_20260515T0000_T08,6,7,WF.010320,CL-2601-003,20,CL-2601-003,20,7,7
BS-2601-004,13,6,4,DT-EQP-01_20260515T0000_T08,6,8,WF.010320,CL-2601-003,20,CL-2601-003,20,9,11
BS-2601-004,13,6,2,DT-EQP-01_20260515T0000_T08,6,10,WF.010320,CL-2601-003,20,CL-2601-003,20,10,7
BS-2601-004,13,6,1,DT-EQP-01_20260515T0000_T08,6,11,WF.010320,CL-2601-003,20,CL-2601-003,20,9,1
BS-2601-004,13,6,0,DT-EQP-01_20260515T0000_T08,6,12,WF.010320,CL-2601-003,20,CL-2601-003,20,3,10
BS-2601-004,13,5,11,DT-EQP-01_20260515T0000_T08,7,1,WF.010320,CL-2601-003,20,CL-2601-003,20,0,5
BS-2601-004,13,5,10,DT-EQP-01_20260515T0000_T08,7,2,WF.010613,CL-2601-006,13,CL-2601-006,13,4,9
BS-2601-004,13,5,5,DT-EQP-01_20260515T0000_T08,7,7,WF.010613,CL-2601-006,13,CL-2601-006,13,8,7
BS-2601-004,13,5,1,DT-EQP-01_20260515T0000_T08,7,11,WF.010613,CL-2601-006,13,CL-2601-006,13,7,6
BS-2601-004,13,5,0,DT-EQP-01_20260515T0000_T08,7,12,WF.010613,CL-2601-006,13,CL-2601-006,13,7,10
BS-2601-004,13,4,5,DT-EQP-01_20260515T0000_T08,8,7,WF.010613,CL-2601-006,13,CL-2601-006,13,3,3
BS-2601-004,13,4,2,DT-EQP-01_20260515T0000_T08,8,10,WF.010320,CL-2601-003,20,CL-2601-003,20,1,6
BS-2601-004,13,3,6,DT-EQP-01_20260515T0000_T08,9,6,WF.010613,CL-2601-006,13,CL-2601-006,13,8,8
BS-2601-004,13,3,4,DT-EQP-01_20260515T0000_T08,9,8,WF.010320,CL-2601-003,20,CL-2601-003,20,7,12
BS-2601-004,13,3,1,DT-EQP-01_20260515T0000_T08,9,11,WF.010613,CL-2601-006,13,CL-2601-006,13,2,9
BS-2601-004,13,2,10,DT-EQP-01_20260515T0000_T08,10,2,WF.010613,CL-2601-006,13,CL-2601-006,13,1,9
BS-2601-004,13,2,6,DT-EQP-01_20260515T0000_T08,10,6,WF.010320,CL-2601-003,20,CL-2601-003,20,6,3
BS-2601-004,13,2,4,DT-EQP-01_20260515T0000_T08,10,8,WF.010320,CL-2601-003,20,CL-2601-003,20,7,11
BS-2601-004,13,2,2,DT-EQP-01_20260515T0000_T08,10,10,WF.010320,CL-2601-003,20,CL-2601-003,20,5,5
BS-2601-004,13,1,6,DT-EQP-01_20260515T0000_T08,11,6,WF.010320,CL-2601-003,20,CL-2601-003,20,2,3
BS-2601-004,13,1,5,DT-EQP-01_20260515T0000_T08,11,7,WF.010320,CL-2601-003,20,CL-2601-003,20,4,5
BS-2601-004,13,1,4,DT-EQP-01_20260515T0000_T08,11,8,WF.010613,CL-2601-006,13,CL-2601-006,13,7,7
BS-2601-004,13,0,7,DT-EQP-01_20260515T0000_T08,12,5,WF.010320,CL-2601-003,20,CL-2601-003,20,10,9
BS-2601-004,13,0,5,DT-EQP-01_20260515T0000_T08,12,7,WF.010613,CL-2601-006,13,CL-2601-006,13,7,0
BS-2601-004,14,12,7,DT-EQP-01_20260515T0000_T09,0,5,WF.010212,CL-2601-002,12,CL-2601-002,12,9,5
BS-2601-004,14,12,5,DT-EQP-01_20260515T0000_T09,0,7,WF.010309,CL-2601-003,09,CL-2601-003,09,5,8
BS-2601-004,14,11,3,DT-EQP-01_20260515T0000_T09,1,9,WF.010309,CL-2601-003,09,CL-2601-003,09,2,2
BS-2601-004,14,10,6,DT-EQP-01_20260515T0000_T09,2,6,WF.010309,CL-2601-003,09,CL-2601-003,09,8,7
BS-2601-004,14,10,3,DT-EQP-01_20260515T0000_T09,2,9,WF.010309,CL-2601-003,09,CL-2601-003,09,8,8
BS-2601-004,14,10,2,DT-EQP-01_20260515T0000_T09,2,10,WF.010212,CL-2601-002,12,CL-2601-002,12,9,2
BS-2601-004,14,9,11,DT-EQP-01_20260515T0000_T09,3,1,WF.010212,CL-2601-002,12,CL-2601-002,12,3,7
BS-2601-004,14,9,7,DT-EQP-01_20260515T0000_T09,3,5,WF.010309,CL-2601-003,09,CL-2601-003,09,1,8
BS-2601-004,14,9,6,DT-EQP-01_20260515T0000_T09,3,6,WF.010212,CL-2601-002,12,CL-2601-002,12,11,5
BS-2601-004,14,9,5,DT-EQP-01_20260515T0000_T09,3,7,WF.010212,CL-2601-002,12,CL-2601-002,12,1,8
BS-2601-004,14,9,3,DT-EQP-01_20260515T0000_T09,3,9,WF.010212,CL-2601-002,12,CL-2601-002,12,7,1
BS-2601-004,14,9,1,DT-EQP-01_20260515T0000_T09,3,11,WF.010317,CL-2601-003,17,CL-2601-003,17,11,9
BS-2601-004,14,8,8,DT-EQP-01_20260515T0000_T09,4,4,WF.010212,CL-2601-002,12,CL-2601-002,12,7,3
BS-2601-004,14,8,2,DT-EQP-01_20260515T0000_T09,4,10,WF.010309,CL-2601-003,09,CL-2601-003,09,1,7
BS-2601-004,14,8,1,DT-EQP-01_20260515T0000_T09,4,11,WF.010212,CL-2601-002,12,CL-2601-002,12,5,8
BS-2601-004,14,7,9,DT-EQP-01_20260515T0000_T09,5,3,WF.010317,CL-2601-003,17,CL-2601-003,17,0,7
BS-2601-004,14,7,2,DT-EQP-01_20260515T0000_T09,5,10,WF.010309,CL-2601-003,09,CL-2601-003,09,3,4
BS-2601-004,14,7,1,DT-EQP-01_20260515T0000_T09,5,11,WF.010309,CL-2601-003,09,CL-2601-003,09,1,5
BS-2601-004,14,6,11,DT-EQP-01_20260515T0000_T09,6,1,WF.010317,CL-2601-003,17,CL-2601-003,17,6,9
BS-2601-004,14,6,10,DT-EQP-01_20260515T0000_T09,6,2,WF.010212,CL-2601-002,12,CL-2601-002,12,9,10
BS-2601-004,14,6,9,DT-EQP-01_20260515T0000_T09,6,3,WF.010309,CL-2601-003,09,CL-2601-003,09,3,2
BS-2601-004,14,6,8,DT-EQP-01_20260515T0000_T09,6,4,WF.010317,CL-2601-003,17,CL-2601-003,17,5,11
BS-2601-004,14,6,5,DT-EQP-01_20260515T0000_T09,6,7,WF.010309,CL-2601-003,09,CL-2601-003,09,7,11
BS-2601-004,14,6,2,DT-EQP-01_20260515T0000_T09,6,10,WF.010317,CL-2601-003,17,CL-2601-003,17,10,7
BS-2601-004,14,5,10,DT-EQP-01_20260515T0000_T09,7,2,WF.010212,CL-2601-002,12,CL-2601-002,12,12,6
BS-2601-004,14,5,3,DT-EQP-01_20260515T0000_T09,7,9,WF.010309,CL-2601-003,09,CL-2601-003,09,4,1
BS-2601-004,14,5,1,DT-EQP-01_20260515T0000_T09,7,11,WF.010309,CL-2601-003,09,CL-2601-003,09,8,10
BS-2601-004,14,5,0,DT-EQP-01_20260515T0000_T09,7,12,WF.010212,CL-2601-002,12,CL-2601-002,12,8,9
BS-2601-004,14,4,10,DT-EQP-01_20260515T0000_T09,8,2,WF.010317,CL-2601-003,17,CL-2601-003,17,12,5
BS-2601-004,14,4,9,DT-EQP-01_20260515T0000_T09,8,3,WF.010309,CL-2601-003,09,CL-2601-003,09,6,11
BS-2601-004,14,4,8,DT-EQP-01_20260515T0000_T09,8,4,WF.010212,CL-2601-002,12,CL-2601-002,12,8,7
BS-2601-004,14,4,7,DT-EQP-01_20260515T0000_T09,8,5,WF.010212,CL-2601-002,12,CL-2601-002,12,9,8
BS-2601-004,14,4,4,DT-EQP-01_20260515T0000_T09,8,8,WF.010309,CL-2601-003,09,CL-2601-003,09,0,7
BS-2601-004,14,4,2,DT-EQP-01_20260515T0000_T09,8,10,WF.010309,CL-2601-003,09,CL-2601-003,09,6,2
BS-2601-004,14,3,11,DT-EQP-01_20260515T0000_T09,9,1,WF.010212,CL-2601-002,12,CL-2601-002,12,7,2
BS-2601-004,14,3,10,DT-EQP-01_20260515T0000_T09,9,2,WF.010309,CL-2601-003,09,CL-2601-003,09,7,2
BS-2601-004,14,3,9,DT-EQP-01_20260515T0000_T09,9,3,WF.010309,CL-2601-003,09,CL-2601-003,09,5,7
BS-2601-004,14,3,7,DT-EQP-01_20260515T0000_T09,9,5,WF.010212,CL-2601-002,12,CL-2601-002,12,5,2
BS-2601-004,14,3,3,DT-EQP-01_20260515T0000_T09,9,9,WF.010212,CL-2601-002,12,CL-2601-002,12,2,7
BS-2601-004,14,2,9,DT-EQP-01_20260515T0000_T09,10,3,WF.010212,CL-2601-002,12,CL-2601-002,12,4,4
BS-2601-004,14,2,7,DT-EQP-01_20260515T0000_T09,10,5,WF.010317,CL-2601-003,17,CL-2601-003,17,6,7
BS-2601-004,14,2,6,DT-EQP-01_20260515T0000_T09,10,6,WF.010309,CL-2601-003,09,CL-2601-003,09,4,6
BS-2601-004,14,2,5,DT-EQP-01_20260515T0000_T09,10,7,WF.010309,CL-2601-003,09,CL-2601-003,09,3,6
BS-2601-004,14,1,9,DT-EQP-01_20260515T0000_T09,11,3,WF.010309,CL-2601-003,09,CL-2601-003,09,2,3
BS-2601-004,14,1,8,DT-EQP-01_20260515T0000_T09,11,4,WF.010212,CL-2601-002,12,CL-2601-002,12,3,1
BS-2601-004,14,1,6,DT-EQP-01_20260515T0000_T09,11,6,WF.010212,CL-2601-002,12,CL-2601-002,12,6,5
BS-2601-004,14,1,5,DT-EQP-01_20260515T0000_T09,11,7,WF.010317,CL-2601-003,17,CL-2601-003,17,3,11
BS-2601-004,14,1,4,DT-EQP-01_20260515T0000_T09,11,8,WF.010309,CL-2601-003,09,CL-2601-003,09,8,4
BS-2601-004,14,1,3,DT-EQP-01_20260515T0000_T09,11,9,WF.010309,CL-2601-003,09,CL-2601-003,09,8,5
BS-2601-004,15,11,9,DT-EQP-01_20260515T0000_T10,1,3,WF.010609,CL-2601-006,09,CL-2601-006,09,8,2
BS-2601-004,15,11,8,DT-EQP-01_20260515T0000_T10,1,4,WF.010320,CL-2601-003,20,CL-2601-003,20,2,2
BS-2601-004,15,11,6,DT-EQP-01_20260515T0000_T10,1,6,WF.010609,CL-2601-006,09,CL-2601-006,09,6,11
BS-2601-004,15,10,10,DT-EQP-01_20260515T0000_T10,2,2,WF.010403,CL-2601-004,03,CL-2601-004,03,5,6
BS-2601-004,15,10,8,DT-EQP-01_20260515T0000_T10,2,4,WF.010609,CL-2601-006,09,CL-2601-006,09,8,3
BS-2601-004,15,10,5,DT-EQP-01_20260515T0000_T10,2,7,WF.010320,CL-2601-003,20,CL-2601-003,20,3,7
BS-2601-004,15,10,4,DT-EQP-01_20260515T0000_T10,2,8,WF.010609,CL-2601-006,09,CL-2601-006,09,6,6
BS-2601-004,15,9,11,DT-EQP-01_20260515T0000_T10,3,1,WF.010403,CL-2601-004,03,CL-2601-004,03,0,6
BS-2601-004,15,9,10,DT-EQP-01_20260515T0000_T10,3,2,WF.010320,CL-2601-003,20,CL-2601-003,20,12,5
BS-2601-004,15,9,9,DT-EQP-01_20260515T0000_T10,3,3,WF.010609,CL-2601-006,09,CL-2601-006,09,9,5
BS-2601-004,15,9,8,DT-EQP-01_20260515T0000_T10,3,4,WF.010609,CL-2601-006,09,CL-2601-006,09,2,4
BS-2601-004,15,9,6,DT-EQP-01_20260515T0000_T10,3,6,WF.010609,CL-2601-006,09,CL-2601-006,09,6,8
BS-2601-004,15,9,5,DT-EQP-01_20260515T0000_T10,3,7,WF.010403,CL-2601-004,03,CL-2601-004,03,2,3
BS-2601-004,15,8,10,DT-EQP-01_20260515T0000_T10,4,2,WF.010403,CL-2601-004,03,CL-2601-004,03,8,6
BS-2601-004,15,8,8,DT-EQP-01_20260515T0000_T10,4,4,WF.010403,CL-2601-004,03,CL-2601-004,03,10,7
BS-2601-004,15,8,4,DT-EQP-01_20260515T0000_T10,4,8,WF.010403,CL-2601-004,03,CL-2601-004,03,6,5
BS-2601-004,15,8,2,DT-EQP-01_20260515T0000_T10,4,10,WF.010320,CL-2601-003,20,CL-2601-003,20,1,4
BS-2601-004,15,8,1,DT-EQP-01_20260515T0000_T10,4,11,WF.010403,CL-2601-004,03,CL-2601-004,03,0,5
BS-2601-004,15,7,9,DT-EQP-01_20260515T0000_T10,5,3,WF.010609,CL-2601-006,09,CL-2601-006,09,8,8
BS-2601-004,15,7,8,DT-EQP-01_20260515T0000_T10,5,4,WF.010320,CL-2601-003,20,CL-2601-003,20,7,1
BS-2601-004,15,7,6,DT-EQP-01_20260515T0000_T10,5,6,WF.010403,CL-2601-004,03,CL-2601-004,03,3,1
BS-2601-004,15,7,5,DT-EQP-01_20260515T0000_T10,5,7,WF.010320,CL-2601-003,20,CL-2601-003,20,9,9
BS-2601-004,15,7,1,DT-EQP-01_20260515T0000_T10,5,11,WF.010320,CL-2601-003,20,CL-2601-003,20,4,2
BS-2601-004,15,7,0,DT-EQP-01_20260515T0000_T10,5,12,WF.010609,CL-2601-006,09,CL-2601-006,09,5,1
BS-2601-004,15,6,10,DT-EQP-01_20260515T0000_T10,6,2,WF.010403,CL-2601-004,03,CL-2601-004,03,12,5
BS-2601-004,15,6,9,DT-EQP-01_20260515T0000_T10,6,3,WF.010320,CL-2601-003,20,CL-2601-003,20,1,8
BS-2601-004,15,6,6,DT-EQP-01_20260515T0000_T10,6,6,WF.010320,CL-2601-003,20,CL-2601-003,20,5,8
BS-2601-004,15,6,3,DT-EQP-01_20260515T0000_T10,6,9,WF.010320,CL-2601-003,20,CL-2601-003,20,7,4
BS-2601-004,15,5,12,DT-EQP-01_20260515T0000_T10,7,0,WF.010320,CL-2601-003,20,CL-2601-003,20,6,0
BS-2601-004,15,5,10,DT-EQP-01_20260515T0000_T10,7,2,WF.010609,CL-2601-006,09,CL-2601-006,09,3,4
BS-2601-004,15,5,9,DT-EQP-01_20260515T0000_T10,7,3,WF.010609,CL-2601-006,09,CL-2601-006,09,10,2
BS-2601-004,15,5,8,DT-EQP-01_20260515T0000_T10,7,4,WF.010403,CL-2601-004,03,CL-2601-004,03,4,3
BS-2601-004,15,5,7,DT-EQP-01_20260515T0000_T10,7,5,WF.010320,CL-2601-003,20,CL-2601-003,20,10,5
BS-2601-004,15,5,5,DT-EQP-01_20260515T0000_T10,7,7,WF.010403,CL-2601-004,03,CL-2601-004,03,5,1
BS-2601-004,15,5,0,DT-EQP-01_20260515T0000_T10,7,12,WF.010609,CL-2601-006,09,CL-2601-006,09,6,12
BS-2601-004,15,4,11,DT-EQP-01_20260515T0000_T10,8,1,WF.010320,CL-2601-003,20,CL-2601-003,20,9,3
BS-2601-004,15,4,10,DT-EQP-01_20260515T0000_T10,8,2,WF.010609,CL-2601-006,09,CL-2601-006,09,4,2
BS-2601-004,15,4,7,DT-EQP-01_20260515T0000_T10,8,5,WF.010320,CL-2601-003,20,CL-2601-003,20,5,3
BS-2601-004,15,4,1,DT-EQP-01_20260515T0000_T10,8,11,WF.010320,CL-2601-003,20,CL-2601-003,20,5,4
BS-2601-004,15,3,9,DT-EQP-01_20260515T0000_T10,9,3,WF.010403,CL-2601-004,03,CL-2601-004,03,8,8
BS-2601-004,15,3,4,DT-EQP-01_20260515T0000_T10,9,8,WF.010609,CL-2601-006,09,CL-2601-006,09,6,10
BS-2601-004,15,3,2,DT-EQP-01_20260515T0000_T10,9,10,WF.010320,CL-2601-003,20,CL-2601-003,20,9,6
BS-2601-004,15,2,10,DT-EQP-01_20260515T0000_T10,10,2,WF.010609,CL-2601-006,09,CL-2601-006,09,8,1
BS-2601-004,15,2,6,DT-EQP-01_20260515T0000_T10,10,6,WF.010403,CL-2601-004,03,CL-2601-004,03,9,1
BS-2601-004,15,2,5,DT-EQP-01_20260515T0000_T10,10,7,WF.010403,CL-2601-004,03,CL-2601-004,03,8,2
BS-2601-004,15,2,4,DT-EQP-01_20260515T0000_T10,10,8,WF.010320,CL-2601-003,20,CL-2601-003,20,6,4
BS-2601-004,15,1,9,DT-EQP-01_20260515T0000_T10,11,3,WF.010403,CL-2601-004,03,CL-2601-004,03,5,3
BS-2601-004,15,1,7,DT-EQP-01_20260515T0000_T10,11,5,WF.010609,CL-2601-006,09,CL-2601-006,09,3,2
BS-2601-004,15,1,5,DT-EQP-01_20260515T0000_T10,11,7,WF.010403,CL-2601-004,03,CL-2601-004,03,3,6
BS-2601-004,15,0,5,DT-EQP-01_20260515T0000_T10,12,7,WF.010403,CL-2601-004,03,CL-2601-004,03,4,5
BS-2601-004,16,12,7,DT-EQP-01_20260515T0000_T11,0,5,WF.010624,CL-2601-006,24,CL-2601-006,24,2,2
BS-2601-004,16,12,5,DT-EQP-01_20260515T0000_T11,0,7,WF.010817,CL-2601-008,17,CL-2601-008,17,8,2
BS-2601-004,16,11,5,DT-EQP-01_20260515T0000_T11,1,7,WF.010624,CL-2601-006,24,CL-2601-006,24,4,3
BS-2601-004,16,11,4,DT-EQP-01_20260515T0000_T11,1,8,WF.010817,CL-2601-008,17,CL-2601-008,17,3,1
BS-2601-004,16,10,10,DT-EQP-01_20260515T0000_T11,2,2,WF.010624,CL-2601-006,24,CL-2601-006,24,2,5
BS-2601-004,16,10,4,DT-EQP-01_20260515T0000_T11,2,8,WF.010624,CL-2601-006,24,CL-2601-006,24,3,6
BS-2601-004,16,9,10,DT-EQP-01_20260515T0000_T11,3,2,WF.010624,CL-2601-006,24,CL-2601-006,24,10,4
BS-2601-004,16,9,8,DT-EQP-01_20260515T0000_T11,3,4,WF.010817,CL-2601-008,17,CL-2601-008,17,10,2
BS-2601-004,16,9,6,DT-EQP-01_20260515T0000_T11,3,6,WF.010817,CL-2601-008,17,CL-2601-008,17,3,2
BS-2601-004,16,9,5,DT-EQP-01_20260515T0000_T11,3,7,WF.010624,CL-2601-006,24,CL-2601-006,24,8,2
BS-2601-004,16,9,3,DT-EQP-01_20260515T0000_T11,3,9,WF.010624,CL-2601-006,24,CL-2601-006,24,2,10
BS-2601-004,16,8,10,DT-EQP-01_20260515T0000_T11,4,2,WF.010624,CL-2601-006,24,CL-2601-006,24,7,0
BS-2601-004,16,8,7,DT-EQP-01_20260515T0000_T11,4,5,WF.010817,CL-2601-008,17,CL-2601-008,17,7,0
BS-2601-004,16,8,6,DT-EQP-01_20260515T0000_T11,4,6,WF.010624,CL-2601-006,24,CL-2601-006,24,9,6
BS-2601-004,16,8,3,DT-EQP-01_20260515T0000_T11,4,9,WF.010817,CL-2601-008,17,CL-2601-008,17,11,7
BS-2601-004,16,7,12,DT-EQP-01_20260515T0000_T11,5,0,WF.010624,CL-2601-006,24,CL-2601-006,24,5,10
BS-2601-004,16,7,10,DT-EQP-01_20260515T0000_T11,5,2,WF.010817,CL-2601-008,17,CL-2601-008,17,9,2
BS-2601-004,16,7,9,DT-EQP-01_20260515T0000_T11,5,3,WF.010817,CL-2601-008,17,CL-2601-008,17,6,3
BS-2601-004,16,7,8,DT-EQP-01_20260515T0000_T11,5,4,WF.010817,CL-2601-008,17,CL-2601-008,17,2,2
BS-2601-004,16,7,7,DT-EQP-01_20260515T0000_T11,5,5,WF.010624,CL-2601-006,24,CL-2601-006,24,7,2
BS-2601-004,16,7,4,DT-EQP-01_20260515T0000_T11,5,8,WF.010624,CL-2601-006,24,CL-2601-006,24,4,5
BS-2601-004,16,7,2,DT-EQP-01_20260515T0000_T11,5,10,WF.010624,CL-2601-006,24,CL-2601-006,24,5,3
BS-2601-004,16,7,0,DT-EQP-01_20260515T0000_T11,5,12,WF.010624,CL-2601-006,24,CL-2601-006,24,11,5
BS-2601-004,16,6,10,DT-EQP-01_20260515T0000_T11,6,2,WF.010624,CL-2601-006,24,CL-2601-006,24,4,4
BS-2601-004,16,6,9,DT-EQP-01_20260515T0000_T11,6,3,WF.010624,CL-2601-006,24,CL-2601-006,24,1,9
BS-2601-004,16,6,8,DT-EQP-01_20260515T0000_T11,6,4,WF.010817,CL-2601-008,17,CL-2601-008,17,8,1
BS-2601-004,16,5,6,DT-EQP-01_20260515T0000_T11,7,6,WF.010817,CL-2601-008,17,CL-2601-008,17,6,2
BS-2601-004,16,5,5,DT-EQP-01_20260515T0000_T11,7,7,WF.010817,CL-2601-008,17,CL-2601-008,17,2,8
BS-2601-004,16,5,2,DT-EQP-01_20260515T0000_T11,7,10,WF.010817,CL-2601-008,17,CL-2601-008,17,2,5
BS-2601-004,16,4,11,DT-EQP-01_20260515T0000_T11,8,1,WF.010817,CL-2601-008,17,CL-2601-008,17,12,7
BS-2601-004,16,4,10,DT-EQP-01_20260515T0000_T11,8,2,WF.010817,CL-2601-008,17,CL-2601-008,17,3,3
BS-2601-004,16,4,9,DT-EQP-01_20260515T0000_T11,8,3,WF.010624,CL-2601-006,24,CL-2601-006,24,3,10
BS-2601-004,16,4,8,DT-EQP-01_20260515T0000_T11,8,4,WF.010624,CL-2601-006,24,CL-2601-006,24,12,5
BS-2601-004,16,3,11,DT-EQP-01_20260515T0000_T11,9,1,WF.010817,CL-2601-008,17,CL-2601-008,17,12,6
BS-2601-004,16,3,8,DT-EQP-01_20260515T0000_T11,9,4,WF.010624,CL-2601-006,24,CL-2601-006,24,9,10
BS-2601-004,16,3,6,DT-EQP-01_20260515T0000_T11,9,6,WF.010624,CL-2601-006,24,CL-2601-006,24,10,7
BS-2601-004,16,3,4,DT-EQP-01_20260515T0000_T11,9,8,WF.010624,CL-2601-006,24,CL-2601-006,24,9,7
BS-2601-004,16,3,1,DT-EQP-01_20260515T0000_T11,9,11,WF.010624,CL-2601-006,24,CL-2601-006,24,3,8
BS-2601-004,16,2,5,DT-EQP-01_20260515T0000_T11,10,7,WF.010817,CL-2601-008,17,CL-2601-008,17,3,8
BS-2601-004,16,2,3,DT-EQP-01_20260515T0000_T11,10,9,WF.010624,CL-2601-006,24,CL-2601-006,24,4,10
BS-2601-004,16,1,6,DT-EQP-01_20260515T0000_T11,11,6,WF.010817,CL-2601-008,17,CL-2601-008,17,5,5
BS-2601-004,16,1,5,DT-EQP-01_20260515T0000_T11,11,7,WF.010624,CL-2601-006,24,CL-2601-006,24,6,11
BS-2601-004,16,1,4,DT-EQP-01_20260515T0000_T11,11,8,WF.010624,CL-2601-006,24,CL-2601-006,24,6,9
BS-2601-004,16,1,3,DT-EQP-01_20260515T0000_T11,11,9,WF.010817,CL-2601-008,17,CL-2601-008,17,1,6
BS-2601-004,17,12,5,DT-EQP-01_20260515T0000_T12,0,7,WF.010324,CL-2601-003,24,CL-2601-003,24,6,2
BS-2601-004,17,11,7,DT-EQP-01_20260515T0000_T12,1,5,WF.010523,CL-2601-005,23,CL-2601-005-A5,23,6,10
BS-2601-004,17,11,6,DT-EQP-01_20260515T0000_T12,1,6,WF.010314,CL-2601-003,14,CL-2601-003,14,9,7
BS-2601-004,17,11,4,DT-EQP-01_20260515T0000_T12,1,8,WF.010324,CL-2601-003,24,CL-2601-003,24,4,2
BS-2601-004,17,10,9,DT-EQP-01_20260515T0000_T12,2,3,WF.010523,CL-2601-005,23,CL-2601-005-A5,23,6,0
BS-2601-004,17,10,8,DT-EQP-01_20260515T0000_T12,2,4,WF.010324,CL-2601-003,24,CL-2601-003,24,1,6
BS-2601-004,17,10,6,DT-EQP-01_20260515T0000_T12,2,6,WF.010314,CL-2601-003,14,CL-2601-003,14,2,10
BS-2601-004,17,10,3,DT-EQP-01_20260515T0000_T12,2,9,WF.010314,CL-2601-003,14,CL-2601-003,14,5,7
BS-2601-004,17,9,10,DT-EQP-01_20260515T0000_T12,3,2,WF.010324,CL-2601-003,24,CL-2601-003,24,2,3
BS-2601-004,17,9,9,DT-EQP-01_20260515T0000_T12,3,3,WF.010314,CL-2601-003,14,CL-2601-003,14,6,0
BS-2601-004,17,9,4,DT-EQP-01_20260515T0000_T12,3,8,WF.010314,CL-2601-003,14,CL-2601-003,14,7,5
BS-2601-004,17,9,3,DT-EQP-01_20260515T0000_T12,3,9,WF.010523,CL-2601-005,23,CL-2601-005-A5,23,4,10
BS-2601-004,17,8,8,DT-EQP-01_20260515T0000_T12,4,4,WF.010324,CL-2601-003,24,CL-2601-003,24,8,6
BS-2601-004,17,8,6,DT-EQP-01_20260515T0000_T12,4,6,WF.010314,CL-2601-003,14,CL-2601-003,14,6,4
BS-2601-004,17,8,5,DT-EQP-01_20260515T0000_T12,4,7,WF.010523,CL-2601-005,23,CL-2601-005-A5,23,5,4
BS-2601-004,17,8,3,DT-EQP-01_20260515T0000_T12,4,9,WF.010314,CL-2601-003,14,CL-2601-003,14,8,10
BS-2601-004,17,7,12,DT-EQP-01_20260515T0000_T12,5,0,WF.010523,CL-2601-005,23,CL-2601-005-A5,23,7,7
BS-2601-004,17,7,9,DT-EQP-01_20260515T0000_T12,5,3,WF.010314,CL-2601-003,14,CL-2601-003,14,3,5
BS-2601-004,17,7,8,DT-EQP-01_20260515T0000_T12,5,4,WF.010314,CL-2601-003,14,CL-2601-003,14,7,9
BS-2601-004,17,7,7,DT-EQP-01_20260515T0000_T12,5,5,WF.010314,CL-2601-003,14,CL-2601-003,14,12,7
BS-2601-004,17,7,4,DT-EQP-01_20260515T0000_T12,5,8,WF.010314,CL-2601-003,14,CL-2601-003,14,8,5
BS-2601-004,17,7,3,DT-EQP-01_20260515T0000_T12,5,9,WF.010314,CL-2601-003,14,CL-2601-003,14,5,11
BS-2601-004,17,7,1,DT-EQP-01_20260515T0000_T12,5,11,WF.010324,CL-2601-003,24,CL-2601-003,24,7,6
BS-2601-004,17,6,7,DT-EQP-01_20260515T0000_T12,6,5,WF.010324,CL-2601-003,24,CL-2601-003,24,3,3
BS-2601-004,17,6,4,DT-EQP-01_20260515T0000_T12,6,8,WF.010523,CL-2601-005,23,CL-2601-005-A5,23,7,10
BS-2601-004,17,6,2,DT-EQP-01_20260515T0000_T12,6,10,WF.010314,CL-2601-003,14,CL-2601-003,14,6,2
BS-2601-004,17,6,1,DT-EQP-01_20260515T0000_T12,6,11,WF.010324,CL-2601-003,24,CL-2601-003,24,9,8
BS-2601-004,17,5,11,DT-EQP-01_20260515T0000_T12,7,1,WF.010523,CL-2601-005,23,CL-2601-005-A5,23,8,11
BS-2601-004,17,5,10,DT-EQP-01_20260515T0000_T12,7,2,WF.010314,CL-2601-003,14,CL-2601-003,14,8,8
BS-2601-004,17,5,8,DT-EQP-01_20260515T0000_T12,7,4,WF.010523,CL-2601-005,23,CL-2601-005-A5,23,9,11
BS-2601-004,17,5,6,DT-EQP-01_20260515T0000_T12,7,6,WF.010314,CL-2601-003,14,CL-2601-003,14,1,4
BS-2601-004,17,5,5,DT-EQP-01_20260515T0000_T12,7,7,WF.010314,CL-2601-003,14,CL-2601-003,14,5,6
BS-2601-004,17,5,4,DT-EQP-01_20260515T0000_T12,7,8,WF.010324,CL-2601-003,24,CL-2601-003,24,3,6
BS-2601-004,17,5,3,DT-EQP-01_20260515T0000_T12,7,9,WF.010314,CL-2601-003,14,CL-2601-003,14,7,4
BS-2601-004,17,5,2,DT-EQP-01_20260515T0000_T12,7,10,WF.010314,CL-2601-003,14,CL-2601-003,14,7,11
BS-2601-004,17,4,9,DT-EQP-01_20260515T0000_T12,8,3,WF.010314,CL-2601-003,14,CL-2601-003,14,5,12
BS-2601-004,17,4,7,DT-EQP-01_20260515T0000_T12,8,5,WF.010314,CL-2601-003,14,CL-2601-003,14,4,8
BS-2601-004,17,4,5,DT-EQP-01_20260515T0000_T12,8,7,WF.010314,CL-2601-003,14,CL-2601-003,14,6,12
BS-2601-004,17,4,3,DT-EQP-01_20260515T0000_T12,8,9,WF.010314,CL-2601-003,14,CL-2601-003,14,3,4
BS-2601-004,17,4,2,DT-EQP-01_20260515T0000_T12,8,10,WF.010314,CL-2601-003,14,CL-2601-003,14,1,9
BS-2601-004,17,4,1,DT-EQP-01_20260515T0000_T12,8,11,WF.010523,CL-2601-005,23,CL-2601-005-A5,23,10,2
BS-2601-004,17,3,9,DT-EQP-01_20260515T0000_T12,9,3,WF.010523,CL-2601-005,23,CL-2601-005-A5,23,7,9
BS-2601-004,17,3,7,DT-EQP-01_20260515T0000_T12,9,5,WF.010314,CL-2601-003,14,CL-2601-003,14,3,8
BS-2601-004,17,3,5,DT-EQP-01_20260515T0000_T12,9,7,WF.010324,CL-2601-003,24,CL-2601-003,24,8,3
BS-2601-004,17,3,3,DT-EQP-01_20260515T0000_T12,9,9,WF.010523,CL-2601-005,23,CL-2601-005-A5,23,9,2
BS-2601-004,17,2,6,DT-EQP-01_20260515T0000_T12,10,6,WF.010523,CL-2601-005,23,CL-2601-005-A5,23,2,2
BS-2601-004,17,2,5,DT-EQP-01_20260515T0000_T12,10,7,WF.010324,CL-2601-003,24,CL-2601-003,24,7,2
BS-2601-004,17,1,9,DT-EQP-01_20260515T0000_T12,11,3,WF.010314,CL-2601-003,14,CL-2601-003,14,11,5
BS-2601-004,17,1,4,DT-EQP-01_20260515T0000_T12,11,8,WF.010314,CL-2601-003,14,CL-2601-003,14,4,1
BS-2601-004,17,1,3,DT-EQP-01_20260515T0000_T12,11,9,WF.010314,CL-2601-003,14,CL-2601-003,14,4,3
BS-2601-004,18,11,9,DT-EQP-01_20260515T0000_T13,1,3,WF.010106,CL-2601-001,06,CL-2601-001,06,4,9
BS-2601-004,18,11,8,DT-EQP-01_20260515T0000_T13,1,4,WF.010106,CL-2601-001,06,CL-2601-001,06,8,6
BS-2601-004,18,11,6,DT-EQP-01_20260515T0000_T13,1,6,WF.010524,CL-2601-005,24,CL-2601-005-A5,24,11,6
BS-2601-004,18,11,5,DT-EQP-01_20260515T0000_T13,1,7,WF.010524,CL-2601-005,24,CL-2601-005-A5,24,3,2
BS-2601-004,18,10,8,DT-EQP-01_20260515T0000_T13,2,4,WF.010106,CL-2601-001,06,CL-2601-001,06,4,7
BS-2601-004,18,10,7,DT-EQP-01_20260515T0000_T13,2,5,WF.010524,CL-2601-005,24,CL-2601-005-A5,24,5,5
BS-2601-004,18,10,2,DT-EQP-01_20260515T0000_T13,2,10,WF.010524,CL-2601-005,24,CL-2601-005-A5,24,1,5
BS-2601-004,18,9,7,DT-EQP-01_20260515T0000_T13,3,5,WF.010524,CL-2601-005,24,CL-2601-005-A5,24,8,7
BS-2601-004,18,9,2,DT-EQP-01_20260515T0000_T13,3,10,WF.010106,CL-2601-001,06,CL-2601-001,06,5,3
BS-2601-004,18,8,5,DT-EQP-01_20260515T0000_T13,4,7,WF.010524,CL-2601-005,24,CL-2601-005-A5,24,3,6
BS-2601-004,18,8,3,DT-EQP-01_20260515T0000_T13,4,9,WF.010524,CL-2601-005,24,CL-2601-005-A5,24,7,9
BS-2601-004,18,8,2,DT-EQP-01_20260515T0000_T13,4,10,WF.010524,CL-2601-005,24,CL-2601-005-A5,24,3,5
BS-2601-004,18,7,11,DT-EQP-01_20260515T0000_T13,5,1,WF.010524,CL-2601-005,24,CL-2601-005-A5,24,8,11
BS-2601-004,18,7,5,DT-EQP-01_20260515T0000_T13,5,7,WF.010524,CL-2601-005,24,CL-2601-005-A5,24,6,10
BS-2601-004,18,7,2,DT-EQP-01_20260515T0000_T13,5,10,WF.010106,CL-2601-001,06,CL-2601-001,06,7,9
BS-2601-004,18,7,1,DT-EQP-01_20260515T0000_T13,5,11,WF.010524,CL-2601-005,24,CL-2601-005-A5,24,2,7
BS-2601-004,18,6,3,DT-EQP-01_20260515T0000_T13,6,9,WF.010524,CL-2601-005,24,CL-2601-005-A5,24,8,5
BS-2601-004,18,6,1,DT-EQP-01_20260515T0000_T13,6,11,WF.010524,CL-2601-005,24,CL-2601-005-A5,24,8,9
BS-2601-004,18,6,0,DT-EQP-01_20260515T0000_T13,6,12,WF.010106,CL-2601-001,06,CL-2601-001,06,0,6
BS-2601-004,18,5,12,DT-EQP-01_20260515T0000_T13,7,0,WF.010524,CL-2601-005,24,CL-2601-005-A5,24,9,4
BS-2601-004,18,5,11,DT-EQP-01_20260515T0000_T13,7,1,WF.010106,CL-2601-001,06,CL-2601-001,06,11,3
BS-2601-004,18,5,10,DT-EQP-01_20260515T0000_T13,7,2,WF.010106,CL-2601-001,06,CL-2601-001,06,3,10
BS-2601-004,18,5,9,DT-EQP-01_20260515T0000_T13,7,3,WF.010524,CL-2601-005,24,CL-2601-005-A5,24,6,9
BS-2601-004,18,5,8,DT-EQP-01_20260515T0000_T13,7,4,WF.010524,CL-2601-005,24,CL-2601-005-A5,24,5,1
BS-2601-004,18,5,7,DT-EQP-01_20260515T0000_T13,7,5,WF.010524,CL-2601-005,24,CL-2601-005-A5,24,12,5
BS-2601-004,18,5,2,DT-EQP-01_20260515T0000_T13,7,10,WF.010524,CL-2601-005,24,CL-2601-005-A5,24,7,12
BS-2601-004,18,5,0,DT-EQP-01_20260515T0000_T13,7,12,WF.010524,CL-2601-005,24,CL-2601-005-A5,24,10,2
BS-2601-004,18,4,11,DT-EQP-01_20260515T0000_T13,8,1,WF.010106,CL-2601-001,06,CL-2601-001,06,6,1
BS-2601-004,18,4,8,DT-EQP-01_20260515T0000_T13,8,4,WF.010524,CL-2601-005,24,CL-2601-005-A5,24,2,4
BS-2601-004,18,4,5,DT-EQP-01_20260515T0000_T13,8,7,WF.010106,CL-2601-001,06,CL-2601-001,06,12,5
BS-2601-004,18,4,4,DT-EQP-01_20260515T0000_T13,8,8,WF.010106,CL-2601-001,06,CL-2601-001,06,5,5
BS-2601-004,18,4,3,DT-EQP-01_20260515T0000_T13,8,9,WF.010106,CL-2601-001,06,CL-2601-001,06,6,5
BS-2601-004,18,4,1,DT-EQP-01_20260515T0000_T13,8,11,WF.010106,CL-2601-001,06,CL-2601-001,06,5,9
BS-2601-004,18,3,11,DT-EQP-01_20260515T0000_T13,9,1,WF.010106,CL-2601-001,06,CL-2601-001,06,6,0
BS-2601-004,18,3,10,DT-EQP-01_20260515T0000_T13,9,2,WF.010524,CL-2601-005,24,CL-2601-005-A5,24,5,0
BS-2601-004,18,3,6,DT-EQP-01_20260515T0000_T13,9,6,WF.010524,CL-2601-005,24,CL-2601-005-A5,24,3,10
BS-2601-004,18,2,9,DT-EQP-01_20260515T0000_T13,10,3,WF.010524,CL-2601-005,24,CL-2601-005-A5,24,6,12
BS-2601-004,18,2,6,DT-EQP-01_20260515T0000_T13,10,6,WF.010524,CL-2601-005,24,CL-2601-005-A5,24,3,1
BS-2601-004,18,2,3,DT-EQP-01_20260515T0000_T13,10,9,WF.010524,CL-2601-005,24,CL-2601-005-A5,24,11,7
BS-2601-004,18,1,6,DT-EQP-01_20260515T0000_T13,11,6,WF.010524,CL-2601-005,24,CL-2601-005-A5,24,1,4
BS-2601-004,18,0,6,DT-EQP-01_20260515T0000_T13,12,6,WF.010524,CL-2601-005,24,CL-2601-005-A5,24,5,6
BS-2601-004,19,12,6,DT-EQP-01_20260515T0000_T14,0,6,WF.010521,CL-2601-005,21,CL-2601-005-A5,21,4,3
BS-2601-004,19,12,5,DT-EQP-01_20260515T0000_T14,0,7,WF.010521,CL-2601-005,21,CL-2601-005-A5,21,11,3
BS-2601-004,19,11,8,DT-EQP-01_20260515T0000_T14,1,4,WF.010521,CL-2601-005,21,CL-2601-005-A5,21,1,8
BS-2601-004,19,11,7,DT-EQP-01_20260515T0000_T14,1,5,WF.010521,CL-2601-005,21,CL-2601-005-A5,21,5,12
BS-2601-004,19,10,10,DT-EQP-01_20260515T0000_T14,2,2,WF.010521,CL-2601-005,21,CL-2601-005-A5,21,7,0
BS-2601-004,19,10,5,DT-EQP-01_20260515T0000_T14,2,7,WF.010521,CL-2601-005,21,CL-2601-005-A5,21,9,9
BS-2601-004,19,10,4,DT-EQP-01_20260515T0000_T14,2,8,WF.010521,CL-2601-005,21,CL-2601-005-A5,21,2,7
BS-2601-004,19,10,2,DT-EQP-01_20260515T0000_T14,2,10,WF.010521,CL-2601-005,21,CL-2601-005-A5,21,7,1
BS-2601-004,19,9,4,DT-EQP-01_20260515T0000_T14,3,8,WF.010521,CL-2601-005,21,CL-2601-005-A5,21,3,5
BS-2601-004,19,9,3,DT-EQP-01_20260515T0000_T14,3,9,WF.010521,CL-2601-005,21,CL-2601-005-A5,21,10,3
BS-2601-004,19,9,1,DT-EQP-01_20260515T0000_T14,3,11,WF.010521,CL-2601-005,21,CL-2601-005-A5,21,8,2
BS-2601-004,19,8,8,DT-EQP-01_20260515T0000_T14,4,4,WF.010521,CL-2601-005,21,CL-2601-005-A5,21,11,6
BS-2601-004,19,8,7,DT-EQP-01_20260515T0000_T14,4,5,WF.010521,CL-2601-005,21,CL-2601-005-A5,21,6,2
BS-2601-004,19,8,5,DT-EQP-01_20260515T0000_T14,4,7,WF.010521,CL-2601-005,21,CL-2601-005-A5,21,3,4
BS-2601-004,19,8,4,DT-EQP-01_20260515T0000_T14,4,8,WF.010521,CL-2601-005,21,CL-2601-005-A5,21,6,10
BS-2601-004,19,8,3,DT-EQP-01_20260515T0000_T14,4,9,WF.010521,CL-2601-005,21,CL-2601-005-A5,21,8,8
BS-2601-004,19,7,11,DT-EQP-01_20260515T0000_T14,5,1,WF.010521,CL-2601-005,21,CL-2601-005-A5,21,6,1
BS-2601-004,19,7,10,DT-EQP-01_20260515T0000_T14,5,2,WF.010521,CL-2601-005,21,CL-2601-005-A5,21,5,9
BS-2601-004,19,7,6,DT-EQP-01_20260515T0000_T14,5,6,WF.010521,CL-2601-005,21,CL-2601-005-A5,21,4,9
BS-2601-004,19,7,5,DT-EQP-01_20260515T0000_T14,5,7,WF.010521,CL-2601-005,21,CL-2601-005-A5,21,5,8
BS-2601-004,19,6,12,DT-EQP-01_20260515T0000_T14,6,0,WF.010521,CL-2601-005,21,CL-2601-005-A5,21,8,11
BS-2601-004,19,6,9,DT-EQP-01_20260515T0000_T14,6,3,WF.010521,CL-2601-005,21,CL-2601-005-A5,21,5,3
BS-2601-004,19,6,6,DT-EQP-01_20260515T0000_T14,6,6,WF.010521,CL-2601-005,21,CL-2601-005-A5,21,1,6
BS-2601-004,19,6,5,DT-EQP-01_20260515T0000_T14,6,7,WF.010521,CL-2601-005,21,CL-2601-005-A5,21,10,10
BS-2601-004,19,6,2,DT-EQP-01_20260515T0000_T14,6,10,WF.010521,CL-2601-005,21,CL-2601-005-A5,21,6,12
BS-2601-004,19,5,12,DT-EQP-01_20260515T0000_T14,7,0,WF.010521,CL-2601-005,21,CL-2601-005-A5,21,9,8
BS-2601-004,19,5,11,DT-EQP-01_20260515T0000_T14,7,1,WF.010521,CL-2601-005,21,CL-2601-005-A5,21,7,6
BS-2601-004,19,5,9,DT-EQP-01_20260515T0000_T14,7,3,WF.010521,CL-2601-005,21,CL-2601-005-A5,21,3,1
BS-2601-004,19,5,8,DT-EQP-01_20260515T0000_T14,7,4,WF.010521,CL-2601-005,21,CL-2601-005-A5,21,4,10
BS-2601-004,19,5,7,DT-EQP-01_20260515T0000_T14,7,5,WF.010521,CL-2601-005,21,CL-2601-005-A5,21,3,3
BS-2601-004,19,5,5,DT-EQP-01_20260515T0000_T14,7,7,WF.010521,CL-2601-005,21,CL-2601-005-A5,21,9,7
BS-2601-004,19,5,3,DT-EQP-01_20260515T0000_T14,7,9,WF.010521,CL-2601-005,21,CL-2601-005-A5,21,5,1
BS-2601-004,19,5,0,DT-EQP-01_20260515T0000_T14,7,12,WF.010521,CL-2601-005,21,CL-2601-005-A5,21,7,3
BS-2601-004,19,4,11,DT-EQP-01_20260515T0000_T14,8,1,WF.010521,CL-2601-005,21,CL-2601-005-A5,21,8,4
BS-2601-004,19,4,10,DT-EQP-01_20260515T0000_T14,8,2,WF.010521,CL-2601-005,21,CL-2601-005-A5,21,3,8
BS-2601-004,19,4,9,DT-EQP-01_20260515T0000_T14,8,3,WF.010521,CL-2601-005,21,CL-2601-005-A5,21,2,5
BS-2601-004,19,4,8,DT-EQP-01_20260515T0000_T14,8,4,WF.010521,CL-2601-005,21,CL-2601-005-A5,21,1,4
BS-2601-004,19,4,7,DT-EQP-01_20260515T0000_T14,8,5,WF.010521,CL-2601-005,21,CL-2601-005-A5,21,11,7
BS-2601-004,19,4,4,DT-EQP-01_20260515T0000_T14,8,8,WF.010521,CL-2601-005,21,CL-2601-005-A5,21,12,7
BS-2601-004,19,4,3,DT-EQP-01_20260515T0000_T14,8,9,WF.010521,CL-2601-005,21,CL-2601-005-A5,21,4,1
BS-2601-004,19,4,2,DT-EQP-01_20260515T0000_T14,8,10,WF.010521,CL-2601-005,21,CL-2601-005-A5,21,9,1
BS-2601-004,19,4,1,DT-EQP-01_20260515T0000_T14,8,11,WF.010521,CL-2601-005,21,CL-2601-005-A5,21,6,11
BS-2601-004,19,3,10,DT-EQP-01_20260515T0000_T14,9,2,WF.010521,CL-2601-005,21,CL-2601-005-A5,21,9,3
BS-2601-004,19,3,9,DT-EQP-01_20260515T0000_T14,9,3,WF.010521,CL-2601-005,21,CL-2601-005-A5,21,10,6
BS-2601-004,19,3,4,DT-EQP-01_20260515T0000_T14,9,8,WF.010521,CL-2601-005,21,CL-2601-005-A5,21,4,7
BS-2601-004,19,3,2,DT-EQP-01_20260515T0000_T14,9,10,WF.010521,CL-2601-005,21,CL-2601-005-A5,21,0,7
BS-2601-004,19,2,10,DT-EQP-01_20260515T0000_T14,10,2,WF.010521,CL-2601-005,21,CL-2601-005-A5,21,1,7
BS-2601-004,19,2,6,DT-EQP-01_20260515T0000_T14,10,6,WF.010521,CL-2601-005,21,CL-2601-005-A5,21,7,2
BS-2601-004,19,1,9,DT-EQP-01_20260515T0000_T14,11,3,WF.010521,CL-2601-005,21,CL-2601-005-A5,21,8,1
BS-2601-004,19,1,6,DT-EQP-01_20260515T0000_T14,11,6,WF.010521,CL-2601-005,21,CL-2601-005-A5,21,3,7
BS-2601-004,19,1,4,DT-EQP-01_20260515T0000_T14,11,8,WF.010521,CL-2601-005,21,CL-2601-005-A5,21,11,8
BS-2601-004,19,0,6,DT-EQP-01_20260515T0000_T14,12,6,WF.010521,CL-2601-005,21,CL-2601-005-A5,21,6,5
BS-2601-004,20,12,6,DT-EQP-01_20260515T0000_T15,0,6,WF.010108,CL-2601-001,08,CL-2601-001,08,0,6
BS-2601-004,20,11,5,DT-EQP-01_20260515T0000_T15,1,7,WF.010108,CL-2601-001,08,CL-2601-001,08,9,10
BS-2601-004,20,10,9,DT-EQP-01_20260515T0000_T15,2,3,WF.010108,CL-2601-001,08,CL-2601-001,08,6,11
BS-2601-004,20,10,8,DT-EQP-01_20260515T0000_T15,2,4,WF.010108,CL-2601-001,08,CL-2601-001,08,2,6
BS-2601-004,20,9,3,DT-EQP-01_20260515T0000_T15,3,9,WF.010108,CL-2601-001,08,CL-2601-001,08,4,11
BS-2601-004,20,9,1,DT-EQP-01_20260515T0000_T15,3,11,WF.010108,CL-2601-001,08,CL-2601-001,08,10,6
BS-2601-004,20,8,10,DT-EQP-01_20260515T0000_T15,4,2,WF.010108,CL-2601-001,08,CL-2601-001,08,9,2
BS-2601-004,20,8,7,DT-EQP-01_20260515T0000_T15,4,5,WF.010108,CL-2601-001,08,CL-2601-001,08,10,9
BS-2601-004,20,8,3,DT-EQP-01_20260515T0000_T15,4,9,WF.010108,CL-2601-001,08,CL-2601-001,08,3,6
BS-2601-004,20,8,2,DT-EQP-01_20260515T0000_T15,4,10,WF.010108,CL-2601-001,08,CL-2601-001,08,9,4
BS-2601-004,20,7,10,DT-EQP-01_20260515T0000_T15,5,2,WF.010108,CL-2601-001,08,CL-2601-001,08,7,9
BS-2601-004,20,7,7,DT-EQP-01_20260515T0000_T15,5,5,WF.010108,CL-2601-001,08,CL-2601-001,08,6,0
BS-2601-004,20,7,4,DT-EQP-01_20260515T0000_T15,5,8,WF.010108,CL-2601-001,08,CL-2601-001,08,2,5
BS-2601-004,20,7,2,DT-EQP-01_20260515T0000_T15,5,10,WF.010108,CL-2601-001,08,CL-2601-001,08,1,9
BS-2601-004,20,7,1,DT-EQP-01_20260515T0000_T15,5,11,WF.010108,CL-2601-001,08,CL-2601-001,08,10,5
BS-2601-004,20,7,0,DT-EQP-01_20260515T0000_T15,5,12,WF.010108,CL-2601-001,08,CL-2601-001,08,12,6
BS-2601-004,20,6,12,DT-EQP-01_20260515T0000_T15,6,0,WF.010108,CL-2601-001,08,CL-2601-001,08,8,10
BS-2601-004,20,6,11,DT-EQP-01_20260515T0000_T15,6,1,WF.010108,CL-2601-001,08,CL-2601-001,08,3,8
BS-2601-004,20,6,9,DT-EQP-01_20260515T0000_T15,6,3,WF.010108,CL-2601-001,08,CL-2601-001,08,8,5
BS-2601-004,20,6,6,DT-EQP-01_20260515T0000_T15,6,6,WF.010108,CL-2601-001,08,CL-2601-001,08,9,11
BS-2601-004,20,6,5,DT-EQP-01_20260515T0000_T15,6,7,WF.010108,CL-2601-001,08,CL-2601-001,08,11,3
BS-2601-004,20,6,2,DT-EQP-01_20260515T0000_T15,6,10,WF.010108,CL-2601-001,08,CL-2601-001,08,2,3
BS-2601-004,20,5,7,DT-EQP-01_20260515T0000_T15,7,5,WF.010108,CL-2601-001,08,CL-2601-001,08,5,0
BS-2601-004,20,5,2,DT-EQP-01_20260515T0000_T15,7,10,WF.010108,CL-2601-001,08,CL-2601-001,08,3,4
BS-2601-004,20,4,8,DT-EQP-01_20260515T0000_T15,8,4,WF.010108,CL-2601-001,08,CL-2601-001,08,7,5
BS-2601-004,20,4,7,DT-EQP-01_20260515T0000_T15,8,5,WF.010108,CL-2601-001,08,CL-2601-001,08,10,4
BS-2601-004,20,4,1,DT-EQP-01_20260515T0000_T15,8,11,WF.010108,CL-2601-001,08,CL-2601-001,08,5,12
BS-2601-004,20,3,11,DT-EQP-01_20260515T0000_T15,9,1,WF.010108,CL-2601-001,08,CL-2601-001,08,6,5
BS-2601-004,20,3,8,DT-EQP-01_20260515T0000_T15,9,4,WF.010108,CL-2601-001,08,CL-2601-001,08,5,6
BS-2601-004,20,3,7,DT-EQP-01_20260515T0000_T15,9,5,WF.010108,CL-2601-001,08,CL-2601-001,08,6,6
BS-2601-004,20,3,3,DT-EQP-01_20260515T0000_T15,9,9,WF.010108,CL-2601-001,08,CL-2601-001,08,8,3
BS-2601-004,20,3,2,DT-EQP-01_20260515T0000_T15,9,10,WF.010108,CL-2601-001,08,CL-2601-001,08,4,1
BS-2601-004,20,3,1,DT-EQP-01_20260515T0000_T15,9,11,WF.010108,CL-2601-001,08,CL-2601-001,08,6,2
BS-2601-004,20,2,10,DT-EQP-01_20260515T0000_T15,10,2,WF.010108,CL-2601-001,08,CL-2601-001,08,10,7
BS-2601-004,20,2,9,DT-EQP-01_20260515T0000_T15,10,3,WF.010108,CL-2601-001,08,CL-2601-001,08,3,11
BS-2601-004,20,2,6,DT-EQP-01_20260515T0000_T15,10,6,WF.010108,CL-2601-001,08,CL-2601-001,08,3,5
BS-2601-004,20,2,4,DT-EQP-01_20260515T0000_T15,10,8,WF.010108,CL-2601-001,08,CL-2601-001,08,6,8
BS-2601-004,20,1,6,DT-EQP-01_20260515T0000_T15,11,6,WF.010108,CL-2601-001,08,CL-2601-001,08,8,1
BS-2601-004,21,12,7,DT-EQP-01_20260515T0000_T16,0,5,WF.010723,CL-2601-007,23,CL-2601-007-A2-A6,23,9,4
BS-2601-004,21,12,6,DT-EQP-01_20260515T0000_T16,0,6,WF.010406,CL-2601-004,06,CL-2601-004,06,7,10
BS-2601-004,21,12,5,DT-EQP-01_20260515T0000_T16,0,7,WF.010723,CL-2601-007,23,CL-2601-007-A2-A6,23,3,5
BS-2601-004,21,11,4,DT-EQP-01_20260515T0000_T16,1,8,WF.010723,CL-2601-007,23,CL-2601-007-A2-A6,23,11,9
BS-2601-004,21,10,10,DT-EQP-01_20260515T0000_T16,2,2,WF.010406,CL-2601-004,06,CL-2601-004,06,6,1
BS-2601-004,21,10,6,DT-EQP-01_20260515T0000_T16,2,6,WF.010723,CL-2601-007,23,CL-2601-007-A2-A6,23,5,7
BS-2601-004,21,10,5,DT-EQP-01_20260515T0000_T16,2,7,WF.010406,CL-2601-004,06,CL-2601-004,06,2,10
BS-2601-004,21,10,2,DT-EQP-01_20260515T0000_T16,2,10,WF.010406,CL-2601-004,06,CL-2601-004,06,8,11
BS-2601-004,21,9,6,DT-EQP-01_20260515T0000_T16,3,6,WF.010406,CL-2601-004,06,CL-2601-004,06,8,2
BS-2601-004,21,9,4,DT-EQP-01_20260515T0000_T16,3,8,WF.010406,CL-2601-004,06,CL-2601-004,06,5,0
BS-2601-004,21,9,1,DT-EQP-01_20260515T0000_T16,3,11,WF.010723,CL-2601-007,23,CL-2601-007-A2-A6,23,9,9
BS-2601-004,21,8,11,DT-EQP-01_20260515T0000_T16,4,1,WF.010723,CL-2601-007,23,CL-2601-007-A2-A6,23,0,5
BS-2601-004,21,8,9,DT-EQP-01_20260515T0000_T16,4,3,WF.010723,CL-2601-007,23,CL-2601-007-A2-A6,23,8,7
BS-2601-004,21,8,7,DT-EQP-01_20260515T0000_T16,4,5,WF.010406,CL-2601-004,06,CL-2601-004,06,10,7
BS-2601-004,21,8,6,DT-EQP-01_20260515T0000_T16,4,6,WF.010723,CL-2601-007,23,CL-2601-007-A2-A6,23,3,7
BS-2601-004,21,8,2,DT-EQP-01_20260515T0000_T16,4,10,WF.010723,CL-2601-007,23,CL-2601-007-A2-A6,23,8,10
BS-2601-004,21,7,8,DT-EQP-01_20260515T0000_T16,5,4,WF.010723,CL-2601-007,23,CL-2601-007-A2-A6,23,8,11
BS-2601-004,21,7,5,DT-EQP-01_20260515T0000_T16,5,7,WF.010723,CL-2601-007,23,CL-2601-007-A2-A6,23,1,5
BS-2601-004,21,7,1,DT-EQP-01_20260515T0000_T16,5,11,WF.010723,CL-2601-007,23,CL-2601-007-A2-A6,23,7,0
BS-2601-004,21,6,12,DT-EQP-01_20260515T0000_T16,6,0,WF.010406,CL-2601-004,06,CL-2601-004,06,12,5
BS-2601-004,21,6,6,DT-EQP-01_20260515T0000_T16,6,6,WF.010723,CL-2601-007,23,CL-2601-007-A2-A6,23,11,5
BS-2601-004,21,6,5,DT-EQP-01_20260515T0000_T16,6,7,WF.010723,CL-2601-007,23,CL-2601-007-A2-A6,23,6,0
BS-2601-004,21,6,3,DT-EQP-01_20260515T0000_T16,6,9,WF.010723,CL-2601-007,23,CL-2601-007-A2-A6,23,5,2
BS-2601-004,21,5,9,DT-EQP-01_20260515T0000_T16,7,3,WF.010406,CL-2601-004,06,CL-2601-004,06,11,4
BS-2601-004,21,5,8,DT-EQP-01_20260515T0000_T16,7,4,WF.010406,CL-2601-004,06,CL-2601-004,06,9,4
BS-2601-004,21,5,7,DT-EQP-01_20260515T0000_T16,7,5,WF.010406,CL-2601-004,06,CL-2601-004,06,4,3
BS-2601-004,21,5,5,DT-EQP-01_20260515T0000_T16,7,7,WF.010406,CL-2601-004,06,CL-2601-004,06,10,8
BS-2601-004,21,5,0,DT-EQP-01_20260515T0000_T16,7,12,WF.010406,CL-2601-004,06,CL-2601-004,06,8,1
BS-2601-004,21,4,6,DT-EQP-01_20260515T0000_T16,8,6,WF.010723,CL-2601-007,23,CL-2601-007-A2-A6,23,12,7
BS-2601-004,21,4,4,DT-EQP-01_20260515T0000_T16,8,8,WF.010723,CL-2601-007,23,CL-2601-007-A2-A6,23,6,4
BS-2601-004,21,4,2,DT-EQP-01_20260515T0000_T16,8,10,WF.010723,CL-2601-007,23,CL-2601-007-A2-A6,23,11,4
BS-2601-004,21,3,10,DT-EQP-01_20260515T0000_T16,9,2,WF.010406,CL-2601-004,06,CL-2601-004,06,6,8
BS-2601-004,21,3,8,DT-EQP-01_20260515T0000_T16,9,4,WF.010723,CL-2601-007,23,CL-2601-007-A2-A6,23,7,7
BS-2601-004,21,3,7,DT-EQP-01_20260515T0000_T16,9,5,WF.010406,CL-2601-004,06,CL-2601-004,06,3,10
BS-2601-004,21,2,7,DT-EQP-01_20260515T0000_T16,10,5,WF.010406,CL-2601-004,06,CL-2601-004,06,7,0
BS-2601-004,21,2,6,DT-EQP-01_20260515T0000_T16,10,6,WF.010406,CL-2601-004,06,CL-2601-004,06,5,10
BS-2601-004,21,2,4,DT-EQP-01_20260515T0000_T16,10,8,WF.010723,CL-2601-007,23,CL-2601-007-A2-A6,23,9,7
BS-2601-004,21,2,2,DT-EQP-01_20260515T0000_T16,10,10,WF.010723,CL-2601-007,23,CL-2601-007-A2-A6,23,11,3
BS-2601-004,21,1,9,DT-EQP-01_20260515T0000_T16,11,3,WF.010406,CL-2601-004,06,CL-2601-004,06,5,11
BS-2601-004,21,1,7,DT-EQP-01_20260515T0000_T16,11,5,WF.010406,CL-2601-004,06,CL-2601-004,06,4,2
BS-2601-004,21,1,3,DT-EQP-01_20260515T0000_T16,11,9,WF.010723,CL-2601-007,23,CL-2601-007-A2-A6,23,10,9
BS-2601-004,21,0,7,DT-EQP-01_20260515T0000_T16,12,5,WF.010406,CL-2601-004,06,CL-2601-004,06,6,3
BS-2601-004,21,0,6,DT-EQP-01_20260515T0000_T16,12,6,WF.010723,CL-2601-007,23,CL-2601-007-A2-A6,23,8,5
BS-2601-004,21,0,5,DT-EQP-01_20260515T0000_T16,12,7,WF.010406,CL-2601-004,06,CL-2601-004,06,3,8
BS-2601-004,22,11,5,DT-EQP-01_20260515T0000_T17,1,7,WF.010420,CL-2601-004,20,CL-2601-004,20,9,1
BS-2601-004,22,11,4,DT-EQP-01_20260515T0000_T17,1,8,WF.010420,CL-2601-004,20,CL-2601-004,20,2,9
BS-2601-004,22,10,9,DT-EQP-01_20260515T0000_T17,2,3,WF.010420,CL-2601-004,20,CL-2601-004,20,2,6
BS-2601-004,22,10,8,DT-EQP-01_20260515T0000_T17,2,4,WF.010624,CL-2601-006,24,CL-2601-006,24,11,8
BS-2601-004,22,10,7,DT-EQP-01_20260515T0000_T17,2,5,WF.010420,CL-2601-004,20,CL-2601-004,20,5,2
BS-2601-004,22,10,5,DT-EQP-01_20260515T0000_T17,2,7,WF.010624,CL-2601-006,24,CL-2601-006,24,11,6
BS-2601-004,22,10,2,DT-EQP-01_20260515T0000_T17,2,10,WF.010420,CL-2601-004,20,CL-2601-004,20,6,12
BS-2601-004,22,9,11,DT-EQP-01_20260515T0000_T17,3,1,WF.010420,CL-2601-004,20,CL-2601-004,20,3,7
BS-2601-004,22,9,9,DT-EQP-01_20260515T0000_T17,3,3,WF.010420,CL-2601-004,20,CL-2601-004,20,5,10
BS-2601-004,22,9,7,DT-EQP-01_20260515T0000_T17,3,5,WF.010420,CL-2601-004,20,CL-2601-004,20,3,10
BS-2601-004,22,9,6,DT-EQP-01_20260515T0000_T17,3,6,WF.010420,CL-2601-004,20,CL-2601-004,20,4,9
BS-2601-004,22,9,4,DT-EQP-01_20260515T0000_T17,3,8,WF.010420,CL-2601-004,20,CL-2601-004,20,11,6
BS-2601-004,22,8,5,DT-EQP-01_20260515T0000_T17,4,7,WF.010420,CL-2601-004,20,CL-2601-004,20,5,9
BS-2601-004,22,8,4,DT-EQP-01_20260515T0000_T17,4,8,WF.010420,CL-2601-004,20,CL-2601-004,20,7,11
BS-2601-004,22,7,9,DT-EQP-01_20260515T0000_T17,5,3,WF.010624,CL-2601-006,24,CL-2601-006,24,2,6
BS-2601-004,22,7,7,DT-EQP-01_20260515T0000_T17,5,5,WF.010624,CL-2601-006,24,CL-2601-006,24,3,5
BS-2601-004,22,7,6,DT-EQP-01_20260515T0000_T17,5,6,WF.010420,CL-2601-004,20,CL-2601-004,20,1,8
BS-2601-004,22,7,4,DT-EQP-01_20260515T0000_T17,5,8,WF.010420,CL-2601-004,20,CL-2601-004,20,8,4
BS-2601-004,22,7,1,DT-EQP-01_20260515T0000_T17,5,11,WF.010420,CL-2601-004,20,CL-2601-004,20,10,3
BS-2601-004,22,7,0,DT-EQP-01_20260515T0000_T17,5,12,WF.010420,CL-2601-004,20,CL-2601-004,20,1,3
BS-2601-004,22,6,12,DT-EQP-01_20260515T0000_T17,6,0,WF.010420,CL-2601-004,20,CL-2601-004,20,11,5
BS-2601-004,22,6,11,DT-EQP-01_20260515T0000_T17,6,1,WF.010624,CL-2601-006,24,CL-2601-006,24,3,11
BS-2601-004,22,6,8,DT-EQP-01_20260515T0000_T17,6,4,WF.010624,CL-2601-006,24,CL-2601-006,24,0,7
BS-2601-004,22,6,6,DT-EQP-01_20260515T0000_T17,6,6,WF.010624,CL-2601-006,24,CL-2601-006,24,11,7
BS-2601-004,22,6,5,DT-EQP-01_20260515T0000_T17,6,7,WF.010420,CL-2601-004,20,CL-2601-004,20,4,5
BS-2601-004,22,6,0,DT-EQP-01_20260515T0000_T17,6,12,WF.010420,CL-2601-004,20,CL-2601-004,20,7,7
BS-2601-004,22,5,12,DT-EQP-01_20260515T0000_T17,7,0,WF.010624,CL-2601-006,24,CL-2601-006,24,1,3
BS-2601-004,22,5,6,DT-EQP-01_20260515T0000_T17,7,6,WF.010624,CL-2601-006,24,CL-2601-006,24,9,4
BS-2601-004,22,4,10,DT-EQP-01_20260515T0000_T17,8,2,WF.010420,CL-2601-004,20,CL-2601-004,20,8,1
BS-2601-004,22,4,6,DT-EQP-01_20260515T0000_T17,8,6,WF.010420,CL-2601-004,20,CL-2601-004,20,1,9
BS-2601-004,22,4,3,DT-EQP-01_20260515T0000_T17,8,9,WF.010420,CL-2601-004,20,CL-2601-004,20,3,9
BS-2601-004,22,4,1,DT-EQP-01_20260515T0000_T17,8,11,WF.010624,CL-2601-006,24,CL-2601-006,24,9,11
BS-2601-004,22,3,8,DT-EQP-01_20260515T0000_T17,9,4,WF.010420,CL-2601-004,20,CL-2601-004,20,3,11
BS-2601-004,22,3,6,DT-EQP-01_20260515T0000_T17,9,6,WF.010624,CL-2601-006,24,CL-2601-006,24,1,5
BS-2601-004,22,3,4,DT-EQP-01_20260515T0000_T17,9,8,WF.010420,CL-2601-004,20,CL-2601-004,20,10,5
BS-2601-004,22,3,3,DT-EQP-01_20260515T0000_T17,9,9,WF.010420,CL-2601-004,20,CL-2601-004,20,8,5
BS-2601-004,22,3,1,DT-EQP-01_20260515T0000_T17,9,11,WF.010624,CL-2601-006,24,CL-2601-006,24,7,1
BS-2601-004,22,2,2,DT-EQP-01_20260515T0000_T17,10,10,WF.010624,CL-2601-006,24,CL-2601-006,24,8,10
BS-2601-004,22,1,9,DT-EQP-01_20260515T0000_T17,11,3,WF.010624,CL-2601-006,24,CL-2601-006,24,9,9
BS-2601-004,22,1,8,DT-EQP-01_20260515T0000_T17,11,4,WF.010420,CL-2601-004,20,CL-2601-004,20,10,4
BS-2601-004,22,1,5,DT-EQP-01_20260515T0000_T17,11,7,WF.010624,CL-2601-006,24,CL-2601-006,24,6,2
BS-2601-004,22,1,4,DT-EQP-01_20260515T0000_T17,11,8,WF.010420,CL-2601-004,20,CL-2601-004,20,4,2
BS-2601-004,22,1,3,DT-EQP-01_20260515T0000_T17,11,9,WF.010420,CL-2601-004,20,CL-2601-004,20,2,3
BS-2601-004,23,10,10,DT-EQP-01_20260515T0000_T18,2,2,WF.010822,CL-2601-008,22,CL-2601-008,22,2,2
BS-2601-004,23,10,6,DT-EQP-01_20260515T0000_T18,2,6,WF.010822,CL-2601-008,22,CL-2601-008,22,8,11
BS-2601-004,23,10,5,DT-EQP-01_20260515T0000_T18,2,7,WF.010822,CL-2601-008,22,CL-2601-008,22,5,7
BS-2601-004,23,10,4,DT-EQP-01_20260515T0000_T18,2,8,WF.010822,CL-2601-008,22,CL-2601-008,22,5,6
BS-2601-004,23,9,11,DT-EQP-01_20260515T0000_T18,3,1,WF.010822,CL-2601-008,22,CL-2601-008,22,7,7
BS-2601-004,23,9,3,DT-EQP-01_20260515T0000_T18,3,9,WF.010822,CL-2601-008,22,CL-2601-008,22,10,2
BS-2601-004,23,9,2,DT-EQP-01_20260515T0000_T18,3,10,WF.010822,CL-2601-008,22,CL-2601-008,22,6,9
BS-2601-004,23,8,9,DT-EQP-01_20260515T0000_T18,4,3,WF.010822,CL-2601-008,22,CL-2601-008,22,11,4
BS-2601-004,23,8,7,DT-EQP-01_20260515T0000_T18,4,5,WF.010822,CL-2601-008,22,CL-2601-008,22,3,8
BS-2601-004,23,8,4,DT-EQP-01_20260515T0000_T18,4,8,WF.010822,CL-2601-008,22,CL-2601-008,22,2,5
BS-2601-004,23,7,10,DT-EQP-01_20260515T0000_T18,5,2,WF.010822,CL-2601-008,22,CL-2601-008,22,2,6
BS-2601-004,23,7,9,DT-EQP-01_20260515T0000_T18,5,3,WF.010822,CL-2601-008,22,CL-2601-008,22,8,5
BS-2601-004,23,7,7,DT-EQP-01_20260515T0000_T18,5,5,WF.010822,CL-2601-008,22,CL-2601-008,22,4,1
BS-2601-004,23,7,5,DT-EQP-01_20260515T0000_T18,5,7,WF.010822,CL-2601-008,22,CL-2601-008,22,3,10
BS-2601-004,23,7,4,DT-EQP-01_20260515T0000_T18,5,8,WF.010822,CL-2601-008,22,CL-2601-008,22,2,8
BS-2601-004,23,7,2,DT-EQP-01_20260515T0000_T18,5,10,WF.010822,CL-2601-008,22,CL-2601-008,22,5,10
BS-2601-004,23,7,1,DT-EQP-01_20260515T0000_T18,5,11,WF.010822,CL-2601-008,22,CL-2601-008,22,7,2
BS-2601-004,23,6,12,DT-EQP-01_20260515T0000_T18,6,0,WF.010822,CL-2601-008,22,CL-2601-008,22,4,4
BS-2601-004,23,6,11,DT-EQP-01_20260515T0000_T18,6,1,WF.010822,CL-2601-008,22,CL-2601-008,22,1,3
BS-2601-004,23,6,10,DT-EQP-01_20260515T0000_T18,6,2,WF.010822,CL-2601-008,22,CL-2601-008,22,3,5
BS-2601-004,23,6,9,DT-EQP-01_20260515T0000_T18,6,3,WF.010822,CL-2601-008,22,CL-2601-008,22,1,7
BS-2601-004,23,6,7,DT-EQP-01_20260515T0000_T18,6,5,WF.010822,CL-2601-008,22,CL-2601-008,22,10,7
BS-2601-004,23,6,6,DT-EQP-01_20260515T0000_T18,6,6,WF.010822,CL-2601-008,22,CL-2601-008,22,0,7
BS-2601-004,23,6,5,DT-EQP-01_20260515T0000_T18,6,7,WF.010822,CL-2601-008,22,CL-2601-008,22,3,6
BS-2601-004,23,6,2,DT-EQP-01_20260515T0000_T18,6,10,WF.010822,CL-2601-008,22,CL-2601-008,22,8,9
BS-2601-004,23,6,0,DT-EQP-01_20260515T0000_T18,6,12,WF.010822,CL-2601-008,22,CL-2601-008,22,12,6
BS-2601-004,23,5,11,DT-EQP-01_20260515T0000_T18,7,1,WF.010822,CL-2601-008,22,CL-2601-008,22,10,10
BS-2601-004,23,5,6,DT-EQP-01_20260515T0000_T18,7,6,WF.010822,CL-2601-008,22,CL-2601-008,22,5,4
BS-2601-004,23,5,4,DT-EQP-01_20260515T0000_T18,7,8,WF.010822,CL-2601-008,22,CL-2601-008,22,10,9
BS-2601-004,23,5,1,DT-EQP-01_20260515T0000_T18,7,11,WF.010822,CL-2601-008,22,CL-2601-008,22,11,9
BS-2601-004,23,4,5,DT-EQP-01_20260515T0000_T18,8,7,WF.010822,CL-2601-008,22,CL-2601-008,22,8,10
BS-2601-004,23,4,4,DT-EQP-01_20260515T0000_T18,8,8,WF.010822,CL-2601-008,22,CL-2601-008,22,7,10
BS-2601-004,23,4,3,DT-EQP-01_20260515T0000_T18,8,9,WF.010822,CL-2601-008,22,CL-2601-008,22,8,6
BS-2601-004,23,4,2,DT-EQP-01_20260515T0000_T18,8,10,WF.010822,CL-2601-008,22,CL-2601-008,22,6,0
BS-2601-004,23,3,9,DT-EQP-01_20260515T0000_T18,9,3,WF.010822,CL-2601-008,22,CL-2601-008,22,0,5
BS-2601-004,23,3,2,DT-EQP-01_20260515T0000_T18,9,10,WF.010822,CL-2601-008,22,CL-2601-008,22,6,10
BS-2601-004,23,2,10,DT-EQP-01_20260515T0000_T18,10,2,WF.010822,CL-2601-008,22,CL-2601-008,22,3,4
BS-2601-004,23,2,9,DT-EQP-01_20260515T0000_T18,10,3,WF.010822,CL-2601-008,22,CL-2601-008,22,5,8
BS-2601-004,23,2,8,DT-EQP-01_20260515T0000_T18,10,4,WF.010822,CL-2601-008,22,CL-2601-008,22,11,5
BS-2601-004,23,2,3,DT-EQP-01_20260515T0000_T18,10,9,WF.010822,CL-2601-008,22,CL-2601-008,22,9,9
BS-2601-004,23,1,9,DT-EQP-01_20260515T0000_T18,11,3,WF.010822,CL-2601-008,22,CL-2601-008,22,11,7
BS-2601-004,23,1,8,DT-EQP-01_20260515T0000_T18,11,4,WF.010822,CL-2601-008,22,CL-2601-008,22,8,8
BS-2601-004,23,1,6,DT-EQP-01_20260515T0000_T18,11,6,WF.010822,CL-2601-008,22,CL-2601-008,22,9,10
BS-2601-004,23,1,4,DT-EQP-01_20260515T0000_T18,11,8,WF.010822,CL-2601-008,22,CL-2601-008,22,10,3
BS-2601-004,23,1,3,DT-EQP-01_20260515T0000_T18,11,9,WF.010822,CL-2601-008,22,CL-2601-008,22,5,2
BS-2601-004,23,0,6,DT-EQP-01_20260515T0000_T18,12,6,WF.010822,CL-2601-008,22,CL-2601-008,22,9,2
BS-2601-004,24,12,7,DT-EQP-01_20260515T0000_T19,0,5,WF.010506,CL-2601-005,06,CL-2601-005-A5,06,7,6
BS-2601-004,24,11,7,DT-EQP-01_20260515T0000_T19,1,5,WF.010506,CL-2601-005,06,CL-2601-005-A5,06,1,5
BS-2601-004,24,11,4,DT-EQP-01_20260515T0000_T19,1,8,WF.010506,CL-2601-005,06,CL-2601-005-A5,06,6,5
BS-2601-004,24,10,9,DT-EQP-01_20260515T0000_T19,2,3,WF.010506,CL-2601-005,06,CL-2601-005-A5,06,3,9
BS-2601-004,24,9,7,DT-EQP-01_20260515T0000_T19,3,5,WF.010506,CL-2601-005,06,CL-2601-005-A5,06,7,12
BS-2601-004,24,9,5,DT-EQP-01_20260515T0000_T19,3,7,WF.010506,CL-2601-005,06,CL-2601-005-A5,06,10,4
BS-2601-004,24,9,3,DT-EQP-01_20260515T0000_T19,3,9,WF.010506,CL-2601-005,06,CL-2601-005-A5,06,4,11
BS-2601-004,24,8,8,DT-EQP-01_20260515T0000_T19,4,4,WF.010506,CL-2601-005,06,CL-2601-005-A5,06,11,5
BS-2601-004,24,8,7,DT-EQP-01_20260515T0000_T19,4,5,WF.010506,CL-2601-005,06,CL-2601-005-A5,06,10,6
BS-2601-004,24,8,4,DT-EQP-01_20260515T0000_T19,4,8,WF.010506,CL-2601-005,06,CL-2601-005-A5,06,8,4
BS-2601-004,24,8,2,DT-EQP-01_20260515T0000_T19,4,10,WF.010506,CL-2601-005,06,CL-2601-005-A5,06,2,7
BS-2601-004,24,8,1,DT-EQP-01_20260515T0000_T19,4,11,WF.010506,CL-2601-005,06,CL-2601-005-A5,06,12,6
BS-2601-004,24,7,12,DT-EQP-01_20260515T0000_T19,5,0,WF.010506,CL-2601-005,06,CL-2601-005-A5,06,0,7
BS-2601-004,24,7,9,DT-EQP-01_20260515T0000_T19,5,3,WF.010506,CL-2601-005,06,CL-2601-005-A5,06,6,4
BS-2601-004,24,7,4,DT-EQP-01_20260515T0000_T19,5,8,WF.010506,CL-2601-005,06,CL-2601-005-A5,06,10,7
BS-2601-004,24,7,0,DT-EQP-01_20260515T0000_T19,5,12,WF.010506,CL-2601-005,06,CL-2601-005-A5,06,9,2
BS-2601-004,24,6,12,DT-EQP-01_20260515T0000_T19,6,0,WF.010506,CL-2601-005,06,CL-2601-005-A5,06,8,3
BS-2601-004,24,6,9,DT-EQP-01_20260515T0000_T19,6,3,WF.010506,CL-2601-005,06,CL-2601-005-A5,06,2,8
BS-2601-004,24,6,7,DT-EQP-01_20260515T0000_T19,6,5,WF.010506,CL-2601-005,06,CL-2601-005-A5,06,3,10
BS-2601-004,24,6,5,DT-EQP-01_20260515T0000_T19,6,7,WF.010506,CL-2601-005,06,CL-2601-005-A5,06,4,4
BS-2601-004,24,6,4,DT-EQP-01_20260515T0000_T19,6,8,WF.010506,CL-2601-005,06,CL-2601-005-A5,06,8,9
BS-2601-004,24,5,9,DT-EQP-01_20260515T0000_T19,7,3,WF.010506,CL-2601-005,06,CL-2601-005-A5,06,3,3
BS-2601-004,24,5,8,DT-EQP-01_20260515T0000_T19,7,4,WF.010506,CL-2601-005,06,CL-2601-005-A5,06,3,2
BS-2601-004,24,5,4,DT-EQP-01_20260515T0000_T19,7,8,WF.010506,CL-2601-005,06,CL-2601-005-A5,06,7,3
BS-2601-004,24,5,3,DT-EQP-01_20260515T0000_T19,7,9,WF.010506,CL-2601-005,06,CL-2601-005-A5,06,6,7
BS-2601-004,24,5,2,DT-EQP-01_20260515T0000_T19,7,10,WF.010506,CL-2601-005,06,CL-2601-005-A5,06,6,1
BS-2601-004,24,5,0,DT-EQP-01_20260515T0000_T19,7,12,WF.010506,CL-2601-005,06,CL-2601-005-A5,06,3,1
BS-2601-004,24,4,11,DT-EQP-01_20260515T0000_T19,8,1,WF.010506,CL-2601-005,06,CL-2601-005-A5,06,11,3
BS-2601-004,24,4,3,DT-EQP-01_20260515T0000_T19,8,9,WF.010506,CL-2601-005,06,CL-2601-005-A5,06,6,6
BS-2601-004,24,4,1,DT-EQP-01_20260515T0000_T19,8,11,WF.010506,CL-2601-005,06,CL-2601-005-A5,06,5,0
BS-2601-004,24,3,8,DT-EQP-01_20260515T0000_T19,9,4,WF.010506,CL-2601-005,06,CL-2601-005-A5,06,5,6
BS-2601-004,24,3,3,DT-EQP-01_20260515T0000_T19,9,9,WF.010506,CL-2601-005,06,CL-2601-005-A5,06,7,9
BS-2601-004,24,3,1,DT-EQP-01_20260515T0000_T19,9,11,WF.010506,CL-2601-005,06,CL-2601-005-A5,06,2,9
BS-2601-004,24,2,10,DT-EQP-01_20260515T0000_T19,10,2,WF.010506,CL-2601-005,06,CL-2601-005-A5,06,7,11
BS-2601-004,24,2,7,DT-EQP-01_20260515T0000_T19,10,5,WF.010506,CL-2601-005,06,CL-2601-005-A5,06,9,1
BS-2601-004,24,2,6,DT-EQP-01_20260515T0000_T19,10,6,WF.010506,CL-2601-005,06,CL-2601-005-A5,06,1,4
BS-2601-004,24,2,5,DT-EQP-01_20260515T0000_T19,10,7,WF.010506,CL-2601-005,06,CL-2601-005-A5,06,9,6
BS-2601-004,24,2,4,DT-EQP-01_20260515T0000_T19,10,8,WF.010506,CL-2601-005,06,CL-2601-005-A5,06,6,12
BS-2601-004,24,2,3,DT-EQP-01_20260515T0000_T19,10,9,WF.010506,CL-2601-005,06,CL-2601-005-A5,06,2,10
BS-2601-004,24,2,2,DT-EQP-01_20260515T0000_T19,10,10,WF.010506,CL-2601-005,06,CL-2601-005-A5,06,8,8
BS-2601-004,24,1,9,DT-EQP-01_20260515T0000_T19,11,3,WF.010506,CL-2601-005,06,CL-2601-005-A5,06,10,9
BS-2601-004,24,1,8,DT-EQP-01_20260515T0000_T19,11,4,WF.010506,CL-2601-005,06,CL-2601-005-A5,06,7,7
BS-2601-004,24,1,7,DT-EQP-01_20260515T0000_T19,11,5,WF.010506,CL-2601-005,06,CL-2601-005-A5,06,8,5
BS-2601-004,24,1,5,DT-EQP-01_20260515T0000_T19,11,7,WF.010506,CL-2601-005,06,CL-2601-005-A5,06,7,4
BS-2601-004,24,1,3,DT-EQP-01_20260515T0000_T19,11,9,WF.010506,CL-2601-005,06,CL-2601-005-A5,06,7,2
BS-2601-004,24,0,6,DT-EQP-01_20260515T0000_T19,12,6,WF.010506,CL-2601-005,06,CL-2601-005-A5,06,4,6
BS-2601-004,24,0,5,DT-EQP-01_20260515T0000_T19,12,7,WF.010506,CL-2601-005,06,CL-2601-005-A5,06,9,10
BS-2601-004,25,12,5,DT-EQP-01_20260515T0000_T20,0,7,WF.010804,CL-2601-008,04,CL-2601-008,04,4,5
BS-2601-004,25,11,8,DT-EQP-01_20260515T0000_T20,1,4,WF.010804,CL-2601-008,04,CL-2601-008,04,8,5
BS-2601-004,25,11,7,DT-EQP-01_20260515T0000_T20,1,5,WF.010804,CL-2601-008,04,CL-2601-008,04,1,5
BS-2601-004,25,11,4,DT-EQP-01_20260515T0000_T20,1,8,WF.010804,CL-2601-008,04,CL-2601-008,04,1,8
BS-2601-004,25,10,6,DT-EQP-01_20260515T0000_T20,2,6,WF.010804,CL-2601-008,04,CL-2601-008,04,3,3
BS-2601-004,25,10,5,DT-EQP-01_20260515T0000_T20,2,7,WF.010212,CL-2601-002,12,CL-2601-002,12,2,9
BS-2601-004,25,9,7,DT-EQP-01_20260515T0000_T20,3,5,WF.010212,CL-2601-002,12,CL-2601-002,12,2,6
BS-2601-004,25,9,1,DT-EQP-01_20260515T0000_T20,3,11,WF.010212,CL-2601-002,12,CL-2601-002,12,5,11
BS-2601-004,25,8,11,DT-EQP-01_20260515T0000_T20,4,1,WF.010804,CL-2601-008,04,CL-2601-008,04,3,7
BS-2601-004,25,8,7,DT-EQP-01_20260515T0000_T20,4,5,WF.010804,CL-2601-008,04,CL-2601-008,04,3,2
BS-2601-004,25,8,5,DT-EQP-01_20260515T0000_T20,4,7,WF.010212,CL-2601-002,12,CL-2601-002,12,4,11
BS-2601-004,25,8,4,DT-EQP-01_20260515T0000_T20,4,8,WF.010804,CL-2601-008,04,CL-2601-008,04,4,7
BS-2601-004,25,7,12,DT-EQP-01_20260515T0000_T20,5,0,WF.010804,CL-2601-008,04,CL-2601-008,04,5,9
BS-2601-004,25,7,9,DT-EQP-01_20260515T0000_T20,5,3,WF.010804,CL-2601-008,04,CL-2601-008,04,8,10
BS-2601-004,25,7,6,DT-EQP-01_20260515T0000_T20,5,6,WF.010804,CL-2601-008,04,CL-2601-008,04,11,3
BS-2601-004,25,7,5,DT-EQP-01_20260515T0000_T20,5,7,WF.010804,CL-2601-008,04,CL-2601-008,04,4,11
BS-2601-004,25,7,3,DT-EQP-01_20260515T0000_T20,5,9,WF.010804,CL-2601-008,04,CL-2601-008,04,7,9
BS-2601-004,25,7,0,DT-EQP-01_20260515T0000_T20,5,12,WF.010804,CL-2601-008,04,CL-2601-008,04,9,4
BS-2601-004,25,6,12,DT-EQP-01_20260515T0000_T20,6,0,WF.010804,CL-2601-008,04,CL-2601-008,04,6,10
BS-2601-004,25,6,11,DT-EQP-01_20260515T0000_T20,6,1,WF.010804,CL-2601-008,04,CL-2601-008,04,2,5
BS-2601-004,25,6,10,DT-EQP-01_20260515T0000_T20,6,2,WF.010804,CL-2601-008,04,CL-2601-008,04,7,4
BS-2601-004,25,6,9,DT-EQP-01_20260515T0000_T20,6,3,WF.010804,CL-2601-008,04,CL-2601-008,04,5,7
BS-2601-004,25,6,7,DT-EQP-01_20260515T0000_T20,6,5,WF.010804,CL-2601-008,04,CL-2601-008,04,8,11
BS-2601-004,25,6,6,DT-EQP-01_20260515T0000_T20,6,6,WF.010212,CL-2601-002,12,CL-2601-002,12,3,11
BS-2601-004,25,6,5,DT-EQP-01_20260515T0000_T20,6,7,WF.010804,CL-2601-008,04,CL-2601-008,04,9,11
BS-2601-004,25,6,4,DT-EQP-01_20260515T0000_T20,6,8,WF.010212,CL-2601-002,12,CL-2601-002,12,12,7
BS-2601-004,25,6,3,DT-EQP-01_20260515T0000_T20,6,9,WF.010804,CL-2601-008,04,CL-2601-008,04,1,9
BS-2601-004,25,6,2,DT-EQP-01_20260515T0000_T20,6,10,WF.010804,CL-2601-008,04,CL-2601-008,04,8,6
BS-2601-004,25,5,12,DT-EQP-01_20260515T0000_T20,7,0,WF.010212,CL-2601-002,12,CL-2601-002,12,5,9
BS-2601-004,25,5,11,DT-EQP-01_20260515T0000_T20,7,1,WF.010804,CL-2601-008,04,CL-2601-008,04,7,2
BS-2601-004,25,5,9,DT-EQP-01_20260515T0000_T20,7,3,WF.010804,CL-2601-008,04,CL-2601-008,04,4,9
BS-2601-004,25,5,8,DT-EQP-01_20260515T0000_T20,7,4,WF.010804,CL-2601-008,04,CL-2601-008,04,6,12
BS-2601-004,25,4,11,DT-EQP-01_20260515T0000_T20,8,1,WF.010804,CL-2601-008,04,CL-2601-008,04,5,3
BS-2601-004,25,4,4,DT-EQP-01_20260515T0000_T20,8,8,WF.010804,CL-2601-008,04,CL-2601-008,04,7,7
BS-2601-004,25,4,1,DT-EQP-01_20260515T0000_T20,8,11,WF.010804,CL-2601-008,04,CL-2601-008,04,2,9
BS-2601-004,25,3,10,DT-EQP-01_20260515T0000_T20,9,2,WF.010804,CL-2601-008,04,CL-2601-008,04,2,4
BS-2601-004,25,3,5,DT-EQP-01_20260515T0000_T20,9,7,WF.010804,CL-2601-008,04,CL-2601-008,04,5,1
BS-2601-004,25,2,8,DT-EQP-01_20260515T0000_T20,10,4,WF.010212,CL-2601-002,12,CL-2601-002,12,8,6
BS-2601-004,25,2,7,DT-EQP-01_20260515T0000_T20,10,5,WF.010212,CL-2601-002,12,CL-2601-002,12,11,8
BS-2601-004,25,2,5,DT-EQP-01_20260515T0000_T20,10,7,WF.010804,CL-2601-008,04,CL-2601-008,04,2,8
BS-2601-004,25,2,4,DT-EQP-01_20260515T0000_T20,10,8,WF.010212,CL-2601-002,12,CL-2601-002,12,8,5
BS-2601-004,25,1,7,DT-EQP-01_20260515T0000_T20,11,5,WF.010212,CL-2601-002,12,CL-2601-002,12,2,10
BS-2601-004,25,1,4,DT-EQP-01_20260515T0000_T20,11,8,WF.010804,CL-2601-008,04,CL-2601-008,04,10,3
BS-2601-005,01,12,6,DT-EQP-02_20260516T0000_T01,0,6,WF.010101,CL-2601-001,01,CL-2601-001,01,1,7
BS-2601-005,01,12,5,DT-EQP-02_20260516T0000_T01,0,7,WF.010425,CL-2601-004,25,CL-2601-004,25,3,10
BS-2601-005,01,11,9,DT-EQP-02_20260516T0000_T01,1,3,WF.010425,CL-2601-004,25,CL-2601-004,25,2,6
BS-2601-005,01,11,8,DT-EQP-02_20260516T0000_T01,1,4,WF.010101,CL-2601-001,01,CL-2601-001,01,9,5
BS-2601-005,01,11,7,DT-EQP-02_20260516T0000_T01,1,5,WF.010425,CL-2601-004,25,CL-2601-004,25,3,9
BS-2601-005,01,10,10,DT-EQP-02_20260516T0000_T01,2,2,WF.010425,CL-2601-004,25,CL-2601-004,25,10,6
BS-2601-005,01,10,9,DT-EQP-02_20260516T0000_T01,2,3,WF.010425,CL-2601-004,25,CL-2601-004,25,7,0
BS-2601-005,01,10,7,DT-EQP-02_20260516T0000_T01,2,5,WF.010425,CL-2601-004,25,CL-2601-004,25,7,11
BS-2601-005,01,10,6,DT-EQP-02_20260516T0000_T01,2,6,WF.010425,CL-2601-004,25,CL-2601-004,25,10,3
BS-2601-005,01,10,5,DT-EQP-02_20260516T0000_T01,2,7,WF.010425,CL-2601-004,25,CL-2601-004,25,9,2
BS-2601-005,01,10,4,DT-EQP-02_20260516T0000_T01,2,8,WF.010425,CL-2601-004,25,CL-2601-004,25,7,8
BS-2601-005,01,9,9,DT-EQP-02_20260516T0000_T01,3,3,WF.010425,CL-2601-004,25,CL-2601-004,25,6,4
BS-2601-005,01,9,6,DT-EQP-02_20260516T0000_T01,3,6,WF.010425,CL-2601-004,25,CL-2601-004,25,6,3
BS-2601-005,01,9,3,DT-EQP-02_20260516T0000_T01,3,9,WF.010425,CL-2601-004,25,CL-2601-004,25,5,12
BS-2601-005,01,8,8,DT-EQP-02_20260516T0000_T01,4,4,WF.010425,CL-2601-004,25,CL-2601-004,25,4,10
BS-2601-005,01,8,6,DT-EQP-02_20260516T0000_T01,4,6,WF.010425,CL-2601-004,25,CL-2601-004,25,3,6
BS-2601-005,01,8,5,DT-EQP-02_20260516T0000_T01,4,7,WF.010425,CL-2601-004,25,CL-2601-004,25,7,1
BS-2601-005,01,8,4,DT-EQP-02_20260516T0000_T01,4,8,WF.010425,CL-2601-004,25,CL-2601-004,25,7,12
BS-2601-005,01,8,2,DT-EQP-02_20260516T0000_T01,4,10,WF.010425,CL-2601-004,25,CL-2601-004,25,10,10
BS-2601-005,01,8,1,DT-EQP-02_20260516T0000_T01,4,11,WF.010425,CL-2601-004,25,CL-2601-004,25,7,5
BS-2601-005,01,7,10,DT-EQP-02_20260516T0000_T01,5,2,WF.010425,CL-2601-004,25,CL-2601-004,25,9,1
BS-2601-005,01,7,8,DT-EQP-02_20260516T0000_T01,5,4,WF.010425,CL-2601-004,25,CL-2601-004,25,11,9
BS-2601-005,01,7,7,DT-EQP-02_20260516T0000_T01,5,5,WF.010425,CL-2601-004,25,CL-2601-004,25,2,9
BS-2601-005,01,7,4,DT-EQP-02_20260516T0000_T01,5,8,WF.010425,CL-2601-004,25,CL-2601-004,25,9,8
BS-2601-005,01,6,8,DT-EQP-02_20260516T0000_T01,6,4,WF.010425,CL-2601-004,25,CL-2601-004,25,10,2
BS-2601-005,01,6,7,DT-EQP-02_20260516T0000_T01,6,5,WF.010425,CL-2601-004,25,CL-2601-004,25,7,2
BS-2601-005,01,6,6,DT-EQP-02_20260516T0000_T01,6,6,WF.010425,CL-2601-004,25,CL-2601-004,25,9,4
BS-2601-005,01,6,4,DT-EQP-02_20260516T0000_T01,6,8,WF.010425,CL-2601-004,25,CL-2601-004,25,8,11
BS-2601-005,01,6,3,DT-EQP-02_20260516T0000_T01,6,9,WF.010425,CL-2601-004,25,CL-2601-004,25,6,7
BS-2601-005,01,6,1,DT-EQP-02_20260516T0000_T01,6,11,WF.010425,CL-2601-004,25,CL-2601-004,25,2,4
BS-2601-005,01,5,8,DT-EQP-02_20260516T0000_T01,7,4,WF.010425,CL-2601-004,25,CL-2601-004,25,8,5
BS-2601-005,01,5,6,DT-EQP-02_20260516T0000_T01,7,6,WF.010101,CL-2601-001,01,CL-2601-001,01,7,12
BS-2601-005,01,5,5,DT-EQP-02_20260516T0000_T01,7,7,WF.010425,CL-2601-004,25,CL-2601-004,25,5,1
BS-2601-005,01,5,4,DT-EQP-02_20260516T0000_T01,7,8,WF.010425,CL-2601-004,25,CL-2601-004,25,12,5
BS-2601-005,01,4,10,DT-EQP-02_20260516T0000_T01,8,2,WF.010425,CL-2601-004,25,CL-2601-004,25,2,10
BS-2601-005,01,4,9,DT-EQP-02_20260516T0000_T01,8,3,WF.010425,CL-2601-004,25,CL-2601-004,25,3,2
BS-2601-005,01,4,7,DT-EQP-02_20260516T0000_T01,8,5,WF.010425,CL-2601-004,25,CL-2601-004,25,4,6
BS-2601-005,01,4,5,DT-EQP-02_20260516T0000_T01,8,7,WF.010101,CL-2601-001,01,CL-2601-001,01,1,6
BS-2601-005,01,4,1,DT-EQP-02_20260516T0000_T01,8,11,WF.010425,CL-2601-004,25,CL-2601-004,25,4,4
BS-2601-005,01,3,11,DT-EQP-02_20260516T0000_T01,9,1,WF.010425,CL-2601-004,25,CL-2601-004,25,1,8
BS-2601-005,01,3,10,DT-EQP-02_20260516T0000_T01,9,2,WF.010425,CL-2601-004,25,CL-2601-004,25,1,9
BS-2601-005,01,3,1,DT-EQP-02_20260516T0000_T01,9,11,WF.010425,CL-2601-004,25,CL-2601-004,25,9,3
BS-2601-005,01,2,9,DT-EQP-02_20260516T0000_T01,10,3,WF.010425,CL-2601-004,25,CL-2601-004,25,12,7
BS-2601-005,01,1,9,DT-EQP-02_20260516T0000_T01,11,3,WF.010425,CL-2601-004,25,CL-2601-004,25,6,9
BS-2601-005,01,1,4,DT-EQP-02_20260516T0000_T01,11,8,WF.010101,CL-2601-001,01,CL-2601-001,01,6,5
BS-2601-005,02,12,7,DT-EQP-02_20260516T0000_T02,0,5,WF.010114,CL-2601-001,14,CL-2601-001,14,9,3
BS-2601-005,02,12,5,DT-EQP-02_20260516T0000_T02,0,7,WF.010114,CL-2601-001,14,CL-2601-001,14,6,2
BS-2601-005,02,11,6,DT-EQP-02_20260516T0000_T02,1,6,WF.010114,CL-2601-001,14,CL-2601-001,14,3,11
BS-2601-005,02,11,4,DT-EQP-02_20260516T0000_T02,1,8,WF.010112,CL-2601-001,12,CL-2601-001,12,2,10
BS-2601-005,02,10,10,DT-EQP-02_20260516T0000_T02,2,2,WF.010114,CL-2601-001,14,CL-2601-001,14,1,6
BS-2601-005,02,10,9,DT-EQP-02_20260516T0000_T02,2,3,WF.010114,CL-2601-001,14,CL-2601-001,14,7,2
BS-2601-005,02,10,6,DT-EQP-02_20260516T0000_T02,2,6,WF.010112,CL-2601-001,12,CL-2601-001,12,8,10
BS-2601-005,02,10,4,DT-EQP-02_20260516T0000_T02,2,8,WF.010114,CL-2601-001,14,CL-2601-001,14,2,7
BS-2601-005,02,10,3,DT-EQP-02_20260516T0000_T02,2,9,WF.010114,CL-2601-001,14,CL-2601-001,14,8,10
BS-2601-005,02,9,8,DT-EQP-02_20260516T0000_T02,3,4,WF.010301,CL-2601-003,01,CL-2601-003,01,10,7
BS-2601-005,02,8,10,DT-EQP-02_20260516T0000_T02,4,2,WF.010301,CL-2601-003,01,CL-2601-003,01,10,9
BS-2601-005,02,8,3,DT-EQP-02_20260516T0000_T02,4,9,WF.010114,CL-2601-001,14,CL-2601-001,14,7,7
BS-2601-005,02,7,10,DT-EQP-02_20260516T0000_T02,5,2,WF.010301,CL-2601-003,01,CL-2601-003,01,7,12
BS-2601-005,02,7,4,DT-EQP-02_20260516T0000_T02,5,8,WF.010114,CL-2601-001,14,CL-2601-001,14,0,5
BS-2601-005,02,7,3,DT-EQP-02_20260516T0000_T02,5,9,WF.010114,CL-2601-001,14,CL-2601-001,14,8,2
BS-2601-005,02,7,2,DT-EQP-02_20260516T0000_T02,5,10,WF.010114,CL-2601-001,14,CL-2601-001,14,4,8
BS-2601-005,02,6,10,DT-EQP-02_20260516T0000_T02,6,2,WF.010301,CL-2601-003,01,CL-2601-003,01,3,2
BS-2601-005,02,6,8,DT-EQP-02_20260516T0000_T02,6,4,WF.010301,CL-2601-003,01,CL-2601-003,01,11,4
BS-2601-005,02,6,3,DT-EQP-02_20260516T0000_T02,6,9,WF.010301,CL-2601-003,01,CL-2601-003,01,9,8
BS-2601-005,02,6,0,DT-EQP-02_20260516T0000_T02,6,12,WF.010114,CL-2601-001,14,CL-2601-001,14,7,8
BS-2601-005,02,5,7,DT-EQP-02_20260516T0000_T02,7,5,WF.010112,CL-2601-001,12,CL-2601-001,12,7,9
BS-2601-005,02,5,6,DT-EQP-02_20260516T0000_T02,7,6,WF.010112,CL-2601-001,12,CL-2601-001,12,3,6
BS-2601-005,02,5,3,DT-EQP-02_20260516T0000_T02,7,9,WF.010114,CL-2601-001,14,CL-2601-001,14,7,12
BS-2601-005,02,5,2,DT-EQP-02_20260516T0000_T02,7,10,WF.010114,CL-2601-001,14,CL-2601-001,14,10,6
BS-2601-005,02,5,1,DT-EQP-02_20260516T0000_T02,7,11,WF.010112,CL-2601-001,12,CL-2601-001,12,9,8
BS-2601-005,02,5,0,DT-EQP-02_20260516T0000_T02,7,12,WF.010112,CL-2601-001,12,CL-2601-001,12,8,1
BS-2601-005,02,4,11,DT-EQP-02_20260516T0000_T02,8,1,WF.010112,CL-2601-001,12,CL-2601-001,12,4,5
BS-2601-005,02,4,4,DT-EQP-02_20260516T0000_T02,8,8,WF.010112,CL-2601-001,12,CL-2601-001,12,11,5
BS-2601-005,02,4,3,DT-EQP-02_20260516T0000_T02,8,9,WF.010301,CL-2601-003,01,CL-2601-003,01,2,8
BS-2601-005,02,4,1,DT-EQP-02_20260516T0000_T02,8,11,WF.010112,CL-2601-001,12,CL-2601-001,12,9,11
BS-2601-005,02,3,10,DT-EQP-02_20260516T0000_T02,9,2,WF.010114,CL-2601-001,14,CL-2601-001,14,0,7
BS-2601-005,02,3,8,DT-EQP-02_20260516T0000_T02,9,4,WF.010114,CL-2601-001,14,CL-2601-001,14,6,0
BS-2601-005,02,3,4,DT-EQP-02_20260516T0000_T02,9,8,WF.010112,CL-2601-001,12,CL-2601-001,12,9,10
BS-2601-005,02,2,9,DT-EQP-02_20260516T0000_T02,10,3,WF.010301,CL-2601-003,01,CL-2601-003,01,4,3
BS-2601-005,02,2,8,DT-EQP-02_20260516T0000_T02,10,4,WF.010112,CL-2601-001,12,CL-2601-001,12,5,9
BS-2601-005,02,2,7,DT-EQP-02_20260516T0000_T02,10,5,WF.010112,CL-2601-001,12,CL-2601-001,12,7,3
BS-2601-005,02,2,4,DT-EQP-02_20260516T0000_T02,10,8,WF.010114,CL-2601-001,14,CL-2601-001,14,3,2
BS-2601-005,02,2,3,DT-EQP-02_20260516T0000_T02,10,9,WF.010112,CL-2601-001,12,CL-2601-001,12,5,8
BS-2601-005,02,2,2,DT-EQP-02_20260516T0000_T02,10,10,WF.010112,CL-2601-001,12,CL-2601-001,12,12,6
BS-2601-005,02,1,9,DT-EQP-02_20260516T0000_T02,11,3,WF.010114,CL-2601-001,14,CL-2601-001,14,7,4
BS-2601-005,02,1,3,DT-EQP-02_20260516T0000_T02,11,9,WF.010114,CL-2601-001,14,CL-2601-001,14,9,5
BS-2601-005,02,0,5,DT-EQP-02_20260516T0000_T02,12,7,WF.010114,CL-2601-001,14,CL-2601-001,14,4,11
BS-2601-005,03,12,7,DT-EQP-02_20260516T0000_T03,0,5,WF.010824,CL-2601-008,24,CL-2601-008,24,10,5
BS-2601-005,03,12,5,DT-EQP-02_20260516T0000_T03,0,7,WF.010311,CL-2601-003,11,CL-2601-003,11,5,3
BS-2601-005,03,11,8,DT-EQP-02_20260516T0000_T03,1,4,WF.010824,CL-2601-008,24,CL-2601-008,24,9,6
BS-2601-005,03,11,4,DT-EQP-02_20260516T0000_T03,1,8,WF.010311,CL-2601-003,11,CL-2601-003,11,8,3
BS-2601-005,03,10,10,DT-EQP-02_20260516T0000_T03,2,2,WF.010824,CL-2601-008,24,CL-2601-008,24,11,7
BS-2601-005,03,10,5,DT-EQP-02_20260516T0000_T03,2,7,WF.010311,CL-2601-003,11,CL-2601-003,11,7,3
BS-2601-005,03,10,4,DT-EQP-02_20260516T0000_T03,2,8,WF.010824,CL-2601-008,24,CL-2601-008,24,3,11
BS-2601-005,03,10,3,DT-EQP-02_20260516T0000_T03,2,9,WF.010824,CL-2601-008,24,CL-2601-008,24,3,2
BS-2601-005,03,9,11,DT-EQP-02_20260516T0000_T03,3,1,WF.010311,CL-2601-003,11,CL-2601-003,11,3,9
BS-2601-005,03,9,10,DT-EQP-02_20260516T0000_T03,3,2,WF.010311,CL-2601-003,11,CL-2601-003,11,8,1
BS-2601-005,03,9,8,DT-EQP-02_20260516T0000_T03,3,4,WF.010824,CL-2601-008,24,CL-2601-008,24,1,9
BS-2601-005,03,7,7,DT-EQP-02_20260516T0000_T03,5,5,WF.010824,CL-2601-008,24,CL-2601-008,24,8,11
BS-2601-005,03,7,4,DT-EQP-02_20260516T0000_T03,5,8,WF.010824,CL-2601-008,24,CL-2601-008,24,2,2
BS-2601-005,03,7,2,DT-EQP-02_20260516T0000_T03,5,10,WF.010311,CL-2601-003,11,CL-2601-003,11,1,7
BS-2601-005,03,6,11,DT-EQP-02_20260516T0000_T03,6,1,WF.010824,CL-2601-008,24,CL-2601-008,24,2,3
BS-2601-005,03,6,10,DT-EQP-02_20260516T0000_T03,6,2,WF.010311,CL-2601-003,11,CL-2601-003,11,4,3
BS-2601-005,03,6,9,DT-EQP-02_20260516T0000_T03,6,3,WF.010311,CL-2601-003,11,CL-2601-003,11,3,7
BS-2601-005,03,6,6,DT-EQP-02_20260516T0000_T03,6,6,WF.010311,CL-2601-003,11,CL-2601-003,11,8,11
BS-2601-005,03,6,5,DT-EQP-02_20260516T0000_T03,6,7,WF.010824,CL-2601-008,24,CL-2601-008,24,12,5
BS-2601-005,03,6,4,DT-EQP-02_20260516T0000_T03,6,8,WF.010824,CL-2601-008,24,CL-2601-008,24,4,7
BS-2601-005,03,5,10,DT-EQP-02_20260516T0000_T03,7,2,WF.010824,CL-2601-008,24,CL-2601-008,24,5,8
BS-2601-005,03,5,9,DT-EQP-02_20260516T0000_T03,7,3,WF.010824,CL-2601-008,24,CL-2601-008,24,9,2
BS-2601-005,03,5,7,DT-EQP-02_20260516T0000_T03,7,5,WF.010824,CL-2601-008,24,CL-2601-008,24,9,11
BS-2601-005,03,5,6,DT-EQP-02_20260516T0000_T03,7,6,WF.010311,CL-2601-003,11,CL-2601-003,11,7,8
BS-2601-005,03,5,1,DT-EQP-02_20260516T0000_T03,7,11,WF.010311,CL-2601-003,11,CL-2601-003,11,9,11
BS-2601-005,03,4,11,DT-EQP-02_20260516T0000_T03,8,1,WF.010311,CL-2601-003,11,CL-2601-003,11,1,4
BS-2601-005,03,4,9,DT-EQP-02_20260516T0000_T03,8,3,WF.010311,CL-2601-003,11,CL-2601-003,11,9,1
BS-2601-005,03,4,3,DT-EQP-02_20260516T0000_T03,8,9,WF.010311,CL-2601-003,11,CL-2601-003,11,7,12
BS-2601-005,03,4,2,DT-EQP-02_20260516T0000_T03,8,10,WF.010311,CL-2601-003,11,CL-2601-003,11,10,3
BS-2601-005,03,4,1,DT-EQP-02_20260516T0000_T03,8,11,WF.010824,CL-2601-008,24,CL-2601-008,24,2,10
BS-2601-005,03,3,11,DT-EQP-02_20260516T0000_T03,9,1,WF.010311,CL-2601-003,11,CL-2601-003,11,11,9
BS-2601-005,03,3,10,DT-EQP-02_20260516T0000_T03,9,2,WF.010824,CL-2601-008,24,CL-2601-008,24,5,1
BS-2601-005,03,3,9,DT-EQP-02_20260516T0000_T03,9,3,WF.010824,CL-2601-008,24,CL-2601-008,24,3,5
BS-2601-005,03,3,8,DT-EQP-02_20260516T0000_T03,9,4,WF.010311,CL-2601-003,11,CL-2601-003,11,6,3
BS-2601-005,03,3,6,DT-EQP-02_20260516T0000_T03,9,6,WF.010311,CL-2601-003,11,CL-2601-003,11,6,9
BS-2601-005,03,2,10,DT-EQP-02_20260516T0000_T03,10,2,WF.010311,CL-2601-003,11,CL-2601-003,11,10,2
BS-2601-005,03,2,8,DT-EQP-02_20260516T0000_T03,10,4,WF.010824,CL-2601-008,24,CL-2601-008,24,10,10
BS-2601-005,03,2,5,DT-EQP-02_20260516T0000_T03,10,7,WF.010311,CL-2601-003,11,CL-2601-003,11,9,6
BS-2601-005,03,2,2,DT-EQP-02_20260516T0000_T03,10,10,WF.010824,CL-2601-008,24,CL-2601-008,24,5,7
BS-2601-005,03,1,9,DT-EQP-02_20260516T0000_T03,11,3,WF.010311,CL-2601-003,11,CL-2601-003,11,9,8
BS-2601-005,03,1,4,DT-EQP-02_20260516T0000_T03,11,8,WF.010311,CL-2601-003,11,CL-2601-003,11,1,9
BS-2601-005,03,0,7,DT-EQP-02_20260516T0000_T03,12,5,WF.010824,CL-2601-008,24,CL-2601-008,24,6,5
BS-2601-005,03,0,6,DT-EQP-02_20260516T0000_T03,12,6,WF.010311,CL-2601-003,11,CL-2601-003,11,9,4
BS-2601-005,04,11,5,DT-EQP-02_20260516T0000_T04,1,7,WF.010304,CL-2601-003,04,CL-2601-003,04,9,11
BS-2601-005,04,11,3,DT-EQP-02_20260516T0000_T04,1,9,WF.010304,CL-2601-003,04,CL-2601-003,04,11,7
BS-2601-005,04,10,10,DT-EQP-02_20260516T0000_T04,2,2,WF.010223,CL-2601-002,23,CL-2601-002,23,4,7
BS-2601-005,04,10,6,DT-EQP-02_20260516T0000_T04,2,6,WF.010223,CL-2601-002,23,CL-2601-002,23,8,3
BS-2601-005,04,10,4,DT-EQP-02_20260516T0000_T04,2,8,WF.010304,CL-2601-003,04,CL-2601-003,04,12,6
BS-2601-005,04,9,8,DT-EQP-02_20260516T0000_T04,3,4,WF.010304,CL-2601-003,04,CL-2601-003,04,3,1
BS-2601-005,04,9,6,DT-EQP-02_20260516T0000_T04,3,6,WF.010223,CL-2601-002,23,CL-2601-002,23,3,3
BS-2601-005,04,9,5,DT-EQP-02_20260516T0000_T04,3,7,WF.010304,CL-2601-003,04,CL-2601-003,04,12,5
BS-2601-005,04,9,1,DT-EQP-02_20260516T0000_T04,3,11,WF.010304,CL-2601-003,04,CL-2601-003,04,4,8
BS-2601-005,04,8,6,DT-EQP-02_20260516T0000_T04,4,6,WF.010223,CL-2601-002,23,CL-2601-002,23,6,12
BS-2601-005,04,8,1,DT-EQP-02_20260516T0000_T04,4,11,WF.010223,CL-2601-002,23,CL-2601-002,23,8,10
BS-2601-005,04,7,9,DT-EQP-02_20260516T0000_T04,5,3,WF.010304,CL-2601-003,04,CL-2601-003,04,5,5
BS-2601-005,04,7,4,DT-EQP-02_20260516T0000_T04,5,8,WF.010223,CL-2601-002,23,CL-2601-002,23,8,1
BS-2601-005,04,7,2,DT-EQP-02_20260516T0000_T04,5,10,WF.010304,CL-2601-003,04,CL-2601-003,04,11,5
BS-2601-005,04,7,0,DT-EQP-02_20260516T0000_T04,5,12,WF.010304,CL-2601-003,04,CL-2601-003,04,8,11
BS-2601-005,04,6,12,DT-EQP-02_20260516T0000_T04,6,0,WF.010223,CL-2601-002,23,CL-2601-002,23,9,2
BS-2601-005,04,6,11,DT-EQP-02_20260516T0000_T04,6,1,WF.010223,CL-2601-002,23,CL-2601-002,23,6,7
BS-2601-005,04,6,10,DT-EQP-02_20260516T0000_T04,6,2,WF.010304,CL-2601-003,04,CL-2601-003,04,7,1
BS-2601-005,04,6,6,DT-EQP-02_20260516T0000_T04,6,6,WF.010223,CL-2601-002,23,CL-2601-002,23,5,3
BS-2601-005,04,6,3,DT-EQP-02_20260516T0000_T04,6,9,WF.010304,CL-2601-003,04,CL-2601-003,04,2,9
BS-2601-005,04,6,2,DT-EQP-02_20260516T0000_T04,6,10,WF.010223,CL-2601-002,23,CL-2601-002,23,7,0
BS-2601-005,04,6,1,DT-EQP-02_20260516T0000_T04,6,11,WF.010304,CL-2601-003,04,CL-2601-003,04,6,9
BS-2601-005,04,6,0,DT-EQP-02_20260516T0000_T04,6,12,WF.010304,CL-2601-003,04,CL-2601-003,04,9,3
BS-2601-005,04,5,12,DT-EQP-02_20260516T0000_T04,7,0,WF.010223,CL-2601-002,23,CL-2601-002,23,2,10
BS-2601-005,04,5,7,DT-EQP-02_20260516T0000_T04,7,5,WF.010223,CL-2601-002,23,CL-2601-002,23,1,6
BS-2601-005,04,5,1,DT-EQP-02_20260516T0000_T04,7,11,WF.010304,CL-2601-003,04,CL-2601-003,04,7,9
BS-2601-005,04,4,3,DT-EQP-02_20260516T0000_T04,8,9,WF.010223,CL-2601-002,23,CL-2601-002,23,12,6
BS-2601-005,04,3,11,DT-EQP-02_20260516T0000_T04,9,1,WF.010304,CL-2601-003,04,CL-2601-003,04,4,2
BS-2601-005,04,3,10,DT-EQP-02_20260516T0000_T04,9,2,WF.010223,CL-2601-002,23,CL-2601-002,23,6,11
BS-2601-005,04,3,8,DT-EQP-02_20260516T0000_T04,9,4,WF.010223,CL-2601-002,23,CL-2601-002,23,4,3
BS-2601-005,04,3,5,DT-EQP-02_20260516T0000_T04,9,7,WF.010304,CL-2601-003,04,CL-2601-003,04,2,6
BS-2601-005,04,2,10,DT-EQP-02_20260516T0000_T04,10,2,WF.010304,CL-2601-003,04,CL-2601-003,04,2,4
BS-2601-005,04,2,6,DT-EQP-02_20260516T0000_T04,10,6,WF.010223,CL-2601-002,23,CL-2601-002,23,11,3
BS-2601-005,04,2,5,DT-EQP-02_20260516T0000_T04,10,7,WF.010223,CL-2601-002,23,CL-2601-002,23,1,4
BS-2601-005,04,2,3,DT-EQP-02_20260516T0000_T04,10,9,WF.010304,CL-2601-003,04,CL-2601-003,04,4,5
BS-2601-005,04,1,5,DT-EQP-02_20260516T0000_T04,11,7,WF.010304,CL-2601-003,04,CL-2601-003,04,4,7
BS-2601-005,04,1,4,DT-EQP-02_20260516T0000_T04,11,8,WF.010223,CL-2601-002,23,CL-2601-002,23,0,7
BS-2601-005,05,11,9,DT-EQP-02_20260516T0000_T05,1,3,WF.010411,CL-2601-004,11,CL-2601-004,11,9,3
BS-2601-005,05,11,3,DT-EQP-02_20260516T0000_T05,1,9,WF.010411,CL-2601-004,11,CL-2601-004,11,4,6
BS-2601-005,05,10,4,DT-EQP-02_20260516T0000_T05,2,8,WF.010411,CL-2601-004,11,CL-2601-004,11,10,9
BS-2601-005,05,9,8,DT-EQP-02_20260516T0000_T05,3,4,WF.010411,CL-2601-004,11,CL-2601-004,11,2,6
BS-2601-005,05,9,5,DT-EQP-02_20260516T0000_T05,3,7,WF.010411,CL-2601-004,11,CL-2601-004,11,8,6
BS-2601-005,05,9,4,DT-EQP-02_20260516T0000_T05,3,8,WF.010219,CL-2601-002,19,CL-2601-002-A4,19,3,2
BS-2601-005,05,9,3,DT-EQP-02_20260516T0000_T05,3,9,WF.010219,CL-2601-002,19,CL-2601-002-A4,19,2,5
BS-2601-005,05,8,11,DT-EQP-02_20260516T0000_T05,4,1,WF.010411,CL-2601-004,11,CL-2601-004,11,1,6
BS-2601-005,05,8,9,DT-EQP-02_20260516T0000_T05,4,3,WF.010411,CL-2601-004,11,CL-2601-004,11,4,1
BS-2601-005,05,8,7,DT-EQP-02_20260516T0000_T05,4,5,WF.010411,CL-2601-004,11,CL-2601-004,11,9,5
BS-2601-005,05,7,12,DT-EQP-02_20260516T0000_T05,5,0,WF.010219,CL-2601-002,19,CL-2601-002-A4,19,4,6
BS-2601-005,05,7,11,DT-EQP-02_20260516T0000_T05,5,1,WF.010411,CL-2601-004,11,CL-2601-004,11,7,1
BS-2601-005,05,7,9,DT-EQP-02_20260516T0000_T05,5,3,WF.010411,CL-2601-004,11,CL-2601-004,11,4,8
BS-2601-005,05,7,8,DT-EQP-02_20260516T0000_T05,5,4,WF.010219,CL-2601-002,19,CL-2601-002-A4,19,6,10
BS-2601-005,05,7,4,DT-EQP-02_20260516T0000_T05,5,8,WF.010219,CL-2601-002,19,CL-2601-002-A4,19,5,11
BS-2601-005,05,6,11,DT-EQP-02_20260516T0000_T05,6,1,WF.010219,CL-2601-002,19,CL-2601-002-A4,19,6,1
BS-2601-005,05,6,10,DT-EQP-02_20260516T0000_T05,6,2,WF.010219,CL-2601-002,19,CL-2601-002-A4,19,5,1
BS-2601-005,05,6,8,DT-EQP-02_20260516T0000_T05,6,4,WF.010219,CL-2601-002,19,CL-2601-002-A4,19,8,7
BS-2601-005,05,6,5,DT-EQP-02_20260516T0000_T05,6,7,WF.010411,CL-2601-004,11,CL-2601-004,11,5,3
BS-2601-005,05,6,4,DT-EQP-02_20260516T0000_T05,6,8,WF.010411,CL-2601-004,11,CL-2601-004,11,10,7
BS-2601-005,05,6,3,DT-EQP-02_20260516T0000_T05,6,9,WF.010219,CL-2601-002,19,CL-2601-002-A4,19,6,2
BS-2601-005,05,5,12,DT-EQP-02_20260516T0000_T05,7,0,WF.010219,CL-2601-002,19,CL-2601-002-A4,19,1,7
BS-2601-005,05,5,8,DT-EQP-02_20260516T0000_T05,7,4,WF.010411,CL-2601-004,11,CL-2601-004,11,10,10
BS-2601-005,05,5,6,DT-EQP-02_20260516T0000_T05,7,6,WF.010411,CL-2601-004,11,CL-2601-004,11,7,8
BS-2601-005,05,5,5,DT-EQP-02_20260516T0000_T05,7,7,WF.010219,CL-2601-002,19,CL-2601-002-A4,19,7,5
BS-2601-005,05,4,11,DT-EQP-02_20260516T0000_T05,8,1,WF.010219,CL-2601-002,19,CL-2601-002-A4,19,7,9
BS-2601-005,05,4,10,DT-EQP-02_20260516T0000_T05,8,2,WF.010219,CL-2601-002,19,CL-2601-002-A4,19,10,5
BS-2601-005,05,4,7,DT-EQP-02_20260516T0000_T05,8,5,WF.010411,CL-2601-004,11,CL-2601-004,11,5,8
BS-2601-005,05,4,4,DT-EQP-02_20260516T0000_T05,8,8,WF.010219,CL-2601-002,19,CL-2601-002-A4,19,4,1
BS-2601-005,05,4,2,DT-EQP-02_20260516T0000_T05,8,10,WF.010219,CL-2601-002,19,CL-2601-002-A4,19,0,5
BS-2601-005,05,3,11,DT-EQP-02_20260516T0000_T05,9,1,WF.010219,CL-2601-002,19,CL-2601-002-A4,19,2,9
BS-2601-005,05,3,10,DT-EQP-02_20260516T0000_T05,9,2,WF.010219,CL-2601-002,19,CL-2601-002-A4,19,2,10
BS-2601-005,05,3,4,DT-EQP-02_20260516T0000_T05,9,8,WF.010411,CL-2601-004,11,CL-2601-004,11,7,3
BS-2601-005,05,3,2,DT-EQP-02_20260516T0000_T05,9,10,WF.010411,CL-2601-004,11,CL-2601-004,11,8,4
BS-2601-005,05,3,1,DT-EQP-02_20260516T0000_T05,9,11,WF.010411,CL-2601-004,11,CL-2601-004,11,11,3
BS-2601-005,05,2,9,DT-EQP-02_20260516T0000_T05,10,3,WF.010411,CL-2601-004,11,CL-2601-004,11,10,4
BS-2601-005,05,2,3,DT-EQP-02_20260516T0000_T05,10,9,WF.010219,CL-2601-002,19,CL-2601-002-A4,19,4,8
BS-2601-005,05,2,2,DT-EQP-02_20260516T0000_T05,10,10,WF.010219,CL-2601-002,19,CL-2601-002-A4,19,5,2
BS-2601-005,05,1,8,DT-EQP-02_20260516T0000_T05,11,4,WF.010411,CL-2601-004,11,CL-2601-004,11,8,2
BS-2601-005,05,1,7,DT-EQP-02_20260516T0000_T05,11,5,WF.010411,CL-2601-004,11,CL-2601-004,11,7,7
BS-2601-005,05,1,6,DT-EQP-02_20260516T0000_T05,11,6,WF.010219,CL-2601-002,19,CL-2601-002-A4,19,7,4
BS-2601-005,05,0,6,DT-EQP-02_20260516T0000_T05,12,6,WF.010219,CL-2601-002,19,CL-2601-002-A4,19,8,2
BS-2601-005,06,12,5,DT-EQP-02_20260516T0000_T06,0,7,WF.010613,CL-2601-006,13,CL-2601-006,13,1,7
BS-2601-005,06,11,9,DT-EQP-02_20260516T0000_T06,1,3,WF.010513,CL-2601-005,13,CL-2601-005-A5,13,10,10
BS-2601-005,06,11,7,DT-EQP-02_20260516T0000_T06,1,5,WF.010513,CL-2601-005,13,CL-2601-005-A5,13,11,7
BS-2601-005,06,11,6,DT-EQP-02_20260516T0000_T06,1,6,WF.010513,CL-2601-005,13,CL-2601-005-A5,13,1,7
BS-2601-005,06,11,5,DT-EQP-02_20260516T0000_T06,1,7,WF.010513,CL-2601-005,13,CL-2601-005-A5,13,5,10
BS-2601-005,06,11,3,DT-EQP-02_20260516T0000_T06,1,9,WF.010613,CL-2601-006,13,CL-2601-006,13,7,5
BS-2601-005,06,10,7,DT-EQP-02_20260516T0000_T06,2,5,WF.010513,CL-2601-005,13,CL-2601-005-A5,13,11,4
BS-2601-005,06,10,4,DT-EQP-02_20260516T0000_T06,2,8,WF.010613,CL-2601-006,13,CL-2601-006,13,5,8
BS-2601-005,06,10,3,DT-EQP-02_20260516T0000_T06,2,9,WF.010513,CL-2601-005,13,CL-2601-005-A5,13,4,1
BS-2601-005,06,9,11,DT-EQP-02_20260516T0000_T06,3,1,WF.010513,CL-2601-005,13,CL-2601-005-A5,13,12,6
BS-2601-005,06,9,10,DT-EQP-02_20260516T0000_T06,3,2,WF.010513,CL-2601-005,13,CL-2601-005-A5,13,4,5
BS-2601-005,06,9,5,DT-EQP-02_20260516T0000_T06,3,7,WF.010613,CL-2601-006,13,CL-2601-006,13,8,9
BS-2601-005,06,8,9,DT-EQP-02_20260516T0000_T06,4,3,WF.010513,CL-2601-005,13,CL-2601-005-A5,13,5,12
BS-2601-005,06,8,8,DT-EQP-02_20260516T0000_T06,4,4,WF.010513,CL-2601-005,13,CL-2601-005-A5,13,5,8
BS-2601-005,06,8,7,DT-EQP-02_20260516T0000_T06,4,5,WF.010513,CL-2601-005,13,CL-2601-005-A5,13,6,2
BS-2601-005,06,8,5,DT-EQP-02_20260516T0000_T06,4,7,WF.010613,CL-2601-006,13,CL-2601-006,13,6,0
BS-2601-005,06,8,4,DT-EQP-02_20260516T0000_T06,4,8,WF.010613,CL-2601-006,13,CL-2601-006,13,8,10
BS-2601-005,06,7,5,DT-EQP-02_20260516T0000_T06,5,7,WF.010513,CL-2601-005,13,CL-2601-005-A5,13,2,4
BS-2601-005,06,7,2,DT-EQP-02_20260516T0000_T06,5,10,WF.010613,CL-2601-006,13,CL-2601-006,13,7,1
BS-2601-005,06,7,1,DT-EQP-02_20260516T0000_T06,5,11,WF.010613,CL-2601-006,13,CL-2601-006,13,3,5
BS-2601-005,06,6,11,DT-EQP-02_20260516T0000_T06,6,1,WF.010513,CL-2601-005,13,CL-2601-005-A5,13,2,3
BS-2601-005,06,6,8,DT-EQP-02_20260516T0000_T06,6,4,WF.010613,CL-2601-006,13,CL-2601-006,13,9,11
BS-2601-005,06,6,6,DT-EQP-02_20260516T0000_T06,6,6,WF.010613,CL-2601-006,13,CL-2601-006,13,1,5
BS-2601-005,06,6,5,DT-EQP-02_20260516T0000_T06,6,7,WF.010613,CL-2601-006,13,CL-2601-006,13,5,7
BS-2601-005,06,6,2,DT-EQP-02_20260516T0000_T06,6,10,WF.010513,CL-2601-005,13,CL-2601-005-A5,13,3,1
BS-2601-005,06,5,5,DT-EQP-02_20260516T0000_T06,7,7,WF.010513,CL-2601-005,13,CL-2601-005-A5,13,10,3
BS-2601-005,06,4,4,DT-EQP-02_20260516T0000_T06,8,8,WF.010513,CL-2601-005,13,CL-2601-005-A5,13,6,1
BS-2601-005,06,4,3,DT-EQP-02_20260516T0000_T06,8,9,WF.010613,CL-2601-006,13,CL-2601-006,13,1,8
BS-2601-005,06,4,2,DT-EQP-02_20260516T0000_T06,8,10,WF.010613,CL-2601-006,13,CL-2601-006,13,0,6
BS-2601-005,06,4,1,DT-EQP-02_20260516T0000_T06,8,11,WF.010513,CL-2601-005,13,CL-2601-005-A5,13,8,5
BS-2601-005,06,3,6,DT-EQP-02_20260516T0000_T06,9,6,WF.010513,CL-2601-005,13,CL-2601-005-A5,13,7,3
BS-2601-005,06,3,4,DT-EQP-02_20260516T0000_T06,9,8,WF.010513,CL-2601-005,13,CL-2601-005-A5,13,8,4
BS-2601-005,06,2,7,DT-EQP-02_20260516T0000_T06,10,5,WF.010613,CL-2601-006,13,CL-2601-006,13,8,3
BS-2601-005,06,2,6,DT-EQP-02_20260516T0000_T06,10,6,WF.010513,CL-2601-005,13,CL-2601-005-A5,13,5,3
BS-2601-005,06,2,5,DT-EQP-02_20260516T0000_T06,10,7,WF.010613,CL-2601-006,13,CL-2601-006,13,4,5
BS-2601-005,06,2,4,DT-EQP-02_20260516T0000_T06,10,8,WF.010613,CL-2601-006,13,CL-2601-006,13,7,2
BS-2601-005,06,1,3,DT-EQP-02_20260516T0000_T06,11,9,WF.010613,CL-2601-006,13,CL-2601-006,13,6,3
BS-2601-005,06,0,6,DT-EQP-02_20260516T0000_T06,12,6,WF.010513,CL-2601-005,13,CL-2601-005-A5,13,4,11
BS-2601-005,07,11,9,DT-EQP-02_20260516T0000_T07,1,3,WF.010421,CL-2601-004,21,CL-2601-004,21,10,2
BS-2601-005,07,11,6,DT-EQP-02_20260516T0000_T07,1,6,WF.010502,CL-2601-005,02,CL-2601-005-A5,02,3,7
BS-2601-005,07,11,5,DT-EQP-02_20260516T0000_T07,1,7,WF.010525,CL-2601-005,25,CL-2601-005-A5,25,8,11
BS-2601-005,07,10,7,DT-EQP-02_20260516T0000_T07,2,5,WF.010421,CL-2601-004,21,CL-2601-004,21,6,12
BS-2601-005,07,10,5,DT-EQP-02_20260516T0000_T07,2,7,WF.010502,CL-2601-005,02,CL-2601-005-A5,02,5,7
BS-2601-005,07,10,4,DT-EQP-02_20260516T0000_T07,2,8,WF.010502,CL-2601-005,02,CL-2601-005-A5,02,3,8
BS-2601-005,07,10,2,DT-EQP-02_20260516T0000_T07,2,10,WF.010421,CL-2601-004,21,CL-2601-004,21,1,4
BS-2601-005,07,9,11,DT-EQP-02_20260516T0000_T07,3,1,WF.010525,CL-2601-005,25,CL-2601-005-A5,25,10,7
BS-2601-005,07,9,8,DT-EQP-02_20260516T0000_T07,3,4,WF.010421,CL-2601-004,21,CL-2601-004,21,8,5
BS-2601-005,07,9,7,DT-EQP-02_20260516T0000_T07,3,5,WF.010525,CL-2601-005,25,CL-2601-005-A5,25,5,1
BS-2601-005,07,8,7,DT-EQP-02_20260516T0000_T07,4,5,WF.010421,CL-2601-004,21,CL-2601-004,21,6,3
BS-2601-005,07,7,12,DT-EQP-02_20260516T0000_T07,5,0,WF.010525,CL-2601-005,25,CL-2601-005-A5,25,7,8
BS-2601-005,07,7,11,DT-EQP-02_20260516T0000_T07,5,1,WF.010421,CL-2601-004,21,CL-2601-004,21,3,9
BS-2601-005,07,7,10,DT-EQP-02_20260516T0000_T07,5,2,WF.010525,CL-2601-005,25,CL-2601-005-A5,25,0,6
BS-2601-005,07,7,9,DT-EQP-02_20260516T0000_T07,5,3,WF.010525,CL-2601-005,25,CL-2601-005-A5,25,3,9
BS-2601-005,07,7,6,DT-EQP-02_20260516T0000_T07,5,6,WF.010525,CL-2601-005,25,CL-2601-005-A5,25,4,4
BS-2601-005,07,7,1,DT-EQP-02_20260516T0000_T07,5,11,WF.010525,CL-2601-005,25,CL-2601-005-A5,25,2,2
BS-2601-005,07,6,12,DT-EQP-02_20260516T0000_T07,6,0,WF.010502,CL-2601-005,02,CL-2601-005-A5,02,4,11
BS-2601-005,07,6,11,DT-EQP-02_20260516T0000_T07,6,1,WF.010502,CL-2601-005,02,CL-2601-005-A5,02,1,6
BS-2601-005,07,6,10,DT-EQP-02_20260516T0000_T07,6,2,WF.010421,CL-2601-004,21,CL-2601-004,21,9,9
BS-2601-005,07,6,9,DT-EQP-02_20260516T0000_T07,6,3,WF.010421,CL-2601-004,21,CL-2601-004,21,8,8
BS-2601-005,07,6,7,DT-EQP-02_20260516T0000_T07,6,5,WF.010502,CL-2601-005,02,CL-2601-005-A5,02,10,4
BS-2601-005,07,6,6,DT-EQP-02_20260516T0000_T07,6,6,WF.010421,CL-2601-004,21,CL-2601-004,21,12,7
BS-2601-005,07,6,3,DT-EQP-02_20260516T0000_T07,6,9,WF.010525,CL-2601-005,25,CL-2601-005-A5,25,7,10
BS-2601-005,07,5,11,DT-EQP-02_20260516T0000_T07,7,1,WF.010502,CL-2601-005,02,CL-2601-005-A5,02,10,2
BS-2601-005,07,5,9,DT-EQP-02_20260516T0000_T07,7,3,WF.010502,CL-2601-005,02,CL-2601-005-A5,02,4,9
BS-2601-005,07,5,3,DT-EQP-02_20260516T0000_T07,7,9,WF.010525,CL-2601-005,25,CL-2601-005-A5,25,3,6
BS-2601-005,07,4,11,DT-EQP-02_20260516T0000_T07,8,1,WF.010525,CL-2601-005,25,CL-2601-005-A5,25,8,7
BS-2601-005,07,4,7,DT-EQP-02_20260516T0000_T07,8,5,WF.010421,CL-2601-004,21,CL-2601-004,21,5,3
BS-2601-005,07,4,6,DT-EQP-02_20260516T0000_T07,8,6,WF.010525,CL-2601-005,25,CL-2601-005-A5,25,6,9
BS-2601-005,07,4,5,DT-EQP-02_20260516T0000_T07,8,7,WF.010525,CL-2601-005,25,CL-2601-005-A5,25,1,4
BS-2601-005,07,4,1,DT-EQP-02_20260516T0000_T07,8,11,WF.010421,CL-2601-004,21,CL-2601-004,21,10,10
BS-2601-005,07,3,8,DT-EQP-02_20260516T0000_T07,9,4,WF.010502,CL-2601-005,02,CL-2601-005-A5,02,6,8
BS-2601-005,07,3,6,DT-EQP-02_20260516T0000_T07,9,6,WF.010421,CL-2601-004,21,CL-2601-004,21,4,3
BS-2601-005,07,3,5,DT-EQP-02_20260516T0000_T07,9,7,WF.010525,CL-2601-005,25,CL-2601-005-A5,25,7,2
BS-2601-005,07,3,3,DT-EQP-02_20260516T0000_T07,9,9,WF.010525,CL-2601-005,25,CL-2601-005-A5,25,9,11
BS-2601-005,07,2,10,DT-EQP-02_20260516T0000_T07,10,2,WF.010502,CL-2601-005,02,CL-2601-005-A5,02,11,6
BS-2601-005,07,2,9,DT-EQP-02_20260516T0000_T07,10,3,WF.010502,CL-2601-005,02,CL-2601-005-A5,02,2,9
BS-2601-005,07,2,6,DT-EQP-02_20260516T0000_T07,10,6,WF.010525,CL-2601-005,25,CL-2601-005-A5,25,5,0
BS-2601-005,07,2,5,DT-EQP-02_20260516T0000_T07,10,7,WF.010421,CL-2601-004,21,CL-2601-004,21,10,5
BS-2601-005,07,2,3,DT-EQP-02_20260516T0000_T07,10,9,WF.010502,CL-2601-005,02,CL-2601-005-A5,02,9,4
BS-2601-005,07,2,2,DT-EQP-02_20260516T0000_T07,10,10,WF.010421,CL-2601-004,21,CL-2601-004,21,4,11
BS-2601-005,07,1,8,DT-EQP-02_20260516T0000_T07,11,4,WF.010525,CL-2601-005,25,CL-2601-005-A5,25,5,10
BS-2601-005,07,1,4,DT-EQP-02_20260516T0000_T07,11,8,WF.010502,CL-2601-005,02,CL-2601-005-A5,02,4,8
BS-2601-005,07,0,6,DT-EQP-02_20260516T0000_T07,12,6,WF.010421,CL-2601-004,21,CL-2601-004,21,11,3
BS-2601-005,08,12,6,DT-EQP-02_20260516T0000_T08,0,6,WF.010314,CL-2601-003,14,CL-2601-003,14,9,9
BS-2601-005,08,12,5,DT-EQP-02_20260516T0000_T08,0,7,WF.010113,CL-2601-001,13,CL-2601-001,13,1,3
BS-2601-005,08,11,8,DT-EQP-02_20260516T0000_T08,1,4,WF.010113,CL-2601-001,13,CL-2601-001,13,8,11
BS-2601-005,08,11,6,DT-EQP-02_20260516T0000_T08,1,6,WF.010113,CL-2601-001,13,CL-2601-001,13,11,5
BS-2601-005,08,10,8,DT-EQP-02_20260516T0000_T08,2,4,WF.010314,CL-2601-003,14,CL-2601-003,14,8,4
BS-2601-005,08,10,7,DT-EQP-02_20260516T0000_T08,2,5,WF.010314,CL-2601-003,14,CL-2601-003,14,1,5
BS-2601-005,08,10,6,DT-EQP-02_20260516T0000_T08,2,6,WF.010113,CL-2601-001,13,CL-2601-001,13,12,5
BS-2601-005,08,10,5,DT-EQP-02_20260516T0000_T08,2,7,WF.010314,CL-2601-003,14,CL-2601-003,14,3,2
BS-2601-005,08,9,10,DT-EQP-02_20260516T0000_T08,3,2,WF.010113,CL-2601-001,13,CL-2601-001,13,4,7
BS-2601-005,08,9,9,DT-EQP-02_20260516T0000_T08,3,3,WF.010113,CL-2601-001,13,CL-2601-001,13,10,5
BS-2601-005,08,9,8,DT-EQP-02_20260516T0000_T08,3,4,WF.010113,CL-2601-001,13,CL-2601-001,13,8,1
BS-2601-005,08,9,4,DT-EQP-02_20260516T0000_T08,3,8,WF.010113,CL-2601-001,13,CL-2601-001,13,3,3
BS-2601-005,08,8,11,DT-EQP-02_20260516T0000_T08,4,1,WF.010314,CL-2601-003,14,CL-2601-003,14,4,9
BS-2601-005,08,8,2,DT-EQP-02_20260516T0000_T08,4,10,WF.010113,CL-2601-001,13,CL-2601-001,13,3,9
BS-2601-005,08,8,1,DT-EQP-02_20260516T0000_T08,4,11,WF.010314,CL-2601-003,14,CL-2601-003,14,5,2
BS-2601-005,08,7,7,DT-EQP-02_20260516T0000_T08,5,5,WF.010113,CL-2601-001,13,CL-2601-001,13,8,10
BS-2601-005,08,7,5,DT-EQP-02_20260516T0000_T08,5,7,WF.010113,CL-2601-001,13,CL-2601-001,13,3,7
BS-2601-005,08,7,3,DT-EQP-02_20260516T0000_T08,5,9,WF.010314,CL-2601-003,14,CL-2601-003,14,2,5
BS-2601-005,08,7,1,DT-EQP-02_20260516T0000_T08,5,11,WF.010113,CL-2601-001,13,CL-2601-001,13,2,7
BS-2601-005,08,6,12,DT-EQP-02_20260516T0000_T08,6,0,WF.010314,CL-2601-003,14,CL-2601-003,14,2,7
BS-2601-005,08,6,11,DT-EQP-02_20260516T0000_T08,6,1,WF.010314,CL-2601-003,14,CL-2601-003,14,2,2
BS-2601-005,08,6,9,DT-EQP-02_20260516T0000_T08,6,3,WF.010113,CL-2601-001,13,CL-2601-001,13,3,2
BS-2601-005,08,6,7,DT-EQP-02_20260516T0000_T08,6,5,WF.010314,CL-2601-003,14,CL-2601-003,14,9,2
BS-2601-005,08,6,5,DT-EQP-02_20260516T0000_T08,6,7,WF.010314,CL-2601-003,14,CL-2601-003,14,5,10
BS-2601-005,08,6,3,DT-EQP-02_20260516T0000_T08,6,9,WF.010113,CL-2601-001,13,CL-2601-001,13,11,3
BS-2601-005,08,6,2,DT-EQP-02_20260516T0000_T08,6,10,WF.010314,CL-2601-003,14,CL-2601-003,14,10,7
BS-2601-005,08,6,1,DT-EQP-02_20260516T0000_T08,6,11,WF.010113,CL-2601-001,13,CL-2601-001,13,7,6
BS-2601-005,08,5,12,DT-EQP-02_20260516T0000_T08,7,0,WF.010113,CL-2601-001,13,CL-2601-001,13,10,7
BS-2601-005,08,5,11,DT-EQP-02_20260516T0000_T08,7,1,WF.010113,CL-2601-001,13,CL-2601-001,13,7,8
BS-2601-005,08,5,7,DT-EQP-02_20260516T0000_T08,7,5,WF.010314,CL-2601-003,14,CL-2601-003,14,6,7
BS-2601-005,08,5,2,DT-EQP-02_20260516T0000_T08,7,10,WF.010113,CL-2601-001,13,CL-2601-001,13,1,9
BS-2601-005,08,5,1,DT-EQP-02_20260516T0000_T08,7,11,WF.010314,CL-2601-003,14,CL-2601-003,14,7,1
BS-2601-005,08,4,11,DT-EQP-02_20260516T0000_T08,8,1,WF.010113,CL-2601-001,13,CL-2601-001,13,2,9
BS-2601-005,08,3,11,DT-EQP-02_20260516T0000_T08,9,1,WF.010113,CL-2601-001,13,CL-2601-001,13,12,7
BS-2601-005,08,3,8,DT-EQP-02_20260516T0000_T08,9,4,WF.010113,CL-2601-001,13,CL-2601-001,13,5,0
BS-2601-005,08,3,7,DT-EQP-02_20260516T0000_T08,9,5,WF.010113,CL-2601-001,13,CL-2601-001,13,6,8
BS-2601-005,08,3,6,DT-EQP-02_20260516T0000_T08,9,6,WF.010314,CL-2601-003,14,CL-2601-003,14,7,3
BS-2601-005,08,3,5,DT-EQP-02_20260516T0000_T08,9,7,WF.010314,CL-2601-003,14,CL-2601-003,14,6,10
BS-2601-005,08,2,10,DT-EQP-02_20260516T0000_T08,10,2,WF.010314,CL-2601-003,14,CL-2601-003,14,3,7
BS-2601-005,08,2,8,DT-EQP-02_20260516T0000_T08,10,4,WF.010113,CL-2601-001,13,CL-2601-001,13,0,7
BS-2601-005,08,2,5,DT-EQP-02_20260516T0000_T08,10,7,WF.010314,CL-2601-003,14,CL-2601-003,14,6,6
BS-2601-005,08,2,4,DT-EQP-02_20260516T0000_T08,10,8,WF.010113,CL-2601-001,13,CL-2601-001,13,6,1
BS-2601-005,08,2,3,DT-EQP-02_20260516T0000_T08,10,9,WF.010113,CL-2601-001,13,CL-2601-001,13,2,5
BS-2601-005,08,1,7,DT-EQP-02_20260516T0000_T08,11,5,WF.010314,CL-2601-003,14,CL-2601-003,14,6,11
BS-2601-005,08,1,6,DT-EQP-02_20260516T0000_T08,11,6,WF.010314,CL-2601-003,14,CL-2601-003,14,2,9
BS-2601-005,08,1,3,DT-EQP-02_20260516T0000_T08,11,9,WF.010113,CL-2601-001,13,CL-2601-001,13,4,11
BS-2601-005,09,12,7,DT-EQP-02_20260516T0000_T09,0,5,WF.010315,CL-2601-003,15,CL-2601-003,15,3,7
BS-2601-005,09,12,6,DT-EQP-02_20260516T0000_T09,0,6,WF.010315,CL-2601-003,15,CL-2601-003,15,3,9
BS-2601-005,09,11,6,DT-EQP-02_20260516T0000_T09,1,6,WF.010503,CL-2601-005,03,CL-2601-005-A5,03,6,5
BS-2601-005,09,11,5,DT-EQP-02_20260516T0000_T09,1,7,WF.010503,CL-2601-005,03,CL-2601-005-A5,03,6,9
BS-2601-005,09,10,10,DT-EQP-02_20260516T0000_T09,2,2,WF.010315,CL-2601-003,15,CL-2601-003,15,7,11
BS-2601-005,09,10,6,DT-EQP-02_20260516T0000_T09,2,6,WF.010503,CL-2601-005,03,CL-2601-005-A5,03,2,8
BS-2601-005,09,10,3,DT-EQP-02_20260516T0000_T09,2,9,WF.010315,CL-2601-003,15,CL-2601-003,15,5,7
BS-2601-005,09,10,2,DT-EQP-02_20260516T0000_T09,2,10,WF.010315,CL-2601-003,15,CL-2601-003,15,8,1
BS-2601-005,09,9,7,DT-EQP-02_20260516T0000_T09,3,5,WF.010315,CL-2601-003,15,CL-2601-003,15,4,5
BS-2601-005,09,9,6,DT-EQP-02_20260516T0000_T09,3,6,WF.010503,CL-2601-005,03,CL-2601-005-A5,03,7,0
BS-2601-005,09,9,1,DT-EQP-02_20260516T0000_T09,3,11,WF.010503,CL-2601-005,03,CL-2601-005-A5,03,9,11
BS-2601-005,09,8,10,DT-EQP-02_20260516T0000_T09,4,2,WF.010503,CL-2601-005,03,CL-2601-005-A5,03,1,7
BS-2601-005,09,8,4,DT-EQP-02_20260516T0000_T09,4,8,WF.010315,CL-2601-003,15,CL-2601-003,15,9,2
BS-2601-005,09,8,1,DT-EQP-02_20260516T0000_T09,4,11,WF.010315,CL-2601-003,15,CL-2601-003,15,6,5
BS-2601-005,09,7,11,DT-EQP-02_20260516T0000_T09,5,1,WF.010315,CL-2601-003,15,CL-2601-003,15,7,2
BS-2601-005,09,7,10,DT-EQP-02_20260516T0000_T09,5,2,WF.010315,CL-2601-003,15,CL-2601-003,15,5,1
BS-2601-005,09,7,8,DT-EQP-02_20260516T0000_T09,5,4,WF.010503,CL-2601-005,03,CL-2601-005-A5,03,7,11
BS-2601-005,09,7,7,DT-EQP-02_20260516T0000_T09,5,5,WF.010315,CL-2601-003,15,CL-2601-003,15,3,1
BS-2601-005,09,7,5,DT-EQP-02_20260516T0000_T09,5,7,WF.010503,CL-2601-005,03,CL-2601-005-A5,03,11,3
BS-2601-005,09,7,3,DT-EQP-02_20260516T0000_T09,5,9,WF.010503,CL-2601-005,03,CL-2601-005-A5,03,5,2
BS-2601-005,09,7,1,DT-EQP-02_20260516T0000_T09,5,11,WF.010612,CL-2601-006,12,CL-2601-006,12,7,0
BS-2601-005,09,6,10,DT-EQP-02_20260516T0000_T09,6,2,WF.010612,CL-2601-006,12,CL-2601-006,12,4,2
BS-2601-005,09,6,9,DT-EQP-02_20260516T0000_T09,6,3,WF.010315,CL-2601-003,15,CL-2601-003,15,6,11
BS-2601-005,09,6,7,DT-EQP-02_20260516T0000_T09,6,5,WF.010315,CL-2601-003,15,CL-2601-003,15,3,4
BS-2601-005,09,6,3,DT-EQP-02_20260516T0000_T09,6,9,WF.010503,CL-2601-005,03,CL-2601-005-A5,03,6,12
BS-2601-005,09,6,2,DT-EQP-02_20260516T0000_T09,6,10,WF.010315,CL-2601-003,15,CL-2601-003,15,5,6
BS-2601-005,09,6,1,DT-EQP-02_20260516T0000_T09,6,11,WF.010315,CL-2601-003,15,CL-2601-003,15,1,5
BS-2601-005,09,5,8,DT-EQP-02_20260516T0000_T09,7,4,WF.010315,CL-2601-003,15,CL-2601-003,15,11,7
BS-2601-005,09,5,6,DT-EQP-02_20260516T0000_T09,7,6,WF.010315,CL-2601-003,15,CL-2601-003,15,10,8
BS-2601-005,09,5,2,DT-EQP-02_20260516T0000_T09,7,10,WF.010315,CL-2601-003,15,CL-2601-003,15,10,6
BS-2601-005,09,4,11,DT-EQP-02_20260516T0000_T09,8,1,WF.010315,CL-2601-003,15,CL-2601-003,15,5,2
BS-2601-005,09,4,9,DT-EQP-02_20260516T0000_T09,8,3,WF.010612,CL-2601-006,12,CL-2601-006,12,5,5
BS-2601-005,09,4,4,DT-EQP-02_20260516T0000_T09,8,8,WF.010315,CL-2601-003,15,CL-2601-003,15,0,5
BS-2601-005,09,4,3,DT-EQP-02_20260516T0000_T09,8,9,WF.010503,CL-2601-005,03,CL-2601-005-A5,03,6,1
BS-2601-005,09,4,1,DT-EQP-02_20260516T0000_T09,8,11,WF.010315,CL-2601-003,15,CL-2601-003,15,12,6
BS-2601-005,09,3,9,DT-EQP-02_20260516T0000_T09,9,3,WF.010503,CL-2601-005,03,CL-2601-005-A5,03,5,10
BS-2601-005,09,3,7,DT-EQP-02_20260516T0000_T09,9,5,WF.010612,CL-2601-006,12,CL-2601-006,12,5,0
BS-2601-005,09,3,5,DT-EQP-02_20260516T0000_T09,9,7,WF.010315,CL-2601-003,15,CL-2601-003,15,1,7
BS-2601-005,09,2,7,DT-EQP-02_20260516T0000_T09,10,5,WF.010503,CL-2601-005,03,CL-2601-005-A5,03,4,11
BS-2601-005,09,2,6,DT-EQP-02_20260516T0000_T09,10,6,WF.010612,CL-2601-006,12,CL-2601-006,12,8,3
BS-2601-005,09,2,4,DT-EQP-02_20260516T0000_T09,10,8,WF.010503,CL-2601-005,03,CL-2601-005-A5,03,5,7
BS-2601-005,10,12,7,DT-EQP-02_20260516T0000_T10,0,5,WF.010114,CL-2601-001,14,CL-2601-001,14,6,10
BS-2601-005,10,11,7,DT-EQP-02_20260516T0000_T10,1,5,WF.010114,CL-2601-001,14,CL-2601-001,14,1,8
BS-2601-005,10,11,6,DT-EQP-02_20260516T0000_T10,1,6,WF.010114,CL-2601-001,14,CL-2601-001,14,1,7
BS-2601-005,10,11,3,DT-EQP-02_20260516T0000_T10,1,9,WF.010114,CL-2601-001,14,CL-2601-001,14,5,2
BS-2601-005,10,10,7,DT-EQP-02_20260516T0000_T10,2,5,WF.010114,CL-2601-001,14,CL-2601-001,14,8,4
BS-2601-005,10,10,6,DT-EQP-02_20260516T0000_T10,2,6,WF.010114,CL-2601-001,14,CL-2601-001,14,4,4
BS-2601-005,10,10,2,DT-EQP-02_20260516T0000_T10,2,10,WF.010115,CL-2601-001,15,CL-2601-001,15,3,3
BS-2601-005,10,9,6,DT-EQP-02_20260516T0000_T10,3,6,WF.010114,CL-2601-001,14,CL-2601-001,14,4,6
BS-2601-005,10,9,2,DT-EQP-02_20260516T0000_T10,3,10,WF.010115,CL-2601-001,15,CL-2601-001,15,6,12
BS-2601-005,10,8,1,DT-EQP-02_20260516T0000_T10,4,11,WF.010114,CL-2601-001,14,CL-2601-001,14,11,4
BS-2601-005,10,7,10,DT-EQP-02_20260516T0000_T10,5,2,WF.010114,CL-2601-001,14,CL-2601-001,14,9,7
BS-2601-005,10,7,9,DT-EQP-02_20260516T0000_T10,5,3,WF.010114,CL-2601-001,14,CL-2601-001,14,8,5
BS-2601-005,10,7,6,DT-EQP-02_20260516T0000_T10,5,6,WF.010115,CL-2601-001,15,CL-2601-001,15,9,8
BS-2601-005,10,7,3,DT-EQP-02_20260516T0000_T10,5,9,WF.010115,CL-2601-001,15,CL-2601-001,15,5,4
BS-2601-005,10,6,11,DT-EQP-02_20260516T0000_T10,6,1,WF.010114,CL-2601-001,14,CL-2601-001,14,6,4
BS-2601-005,10,6,6,DT-EQP-02_20260516T0000_T10,6,6,WF.010114,CL-2601-001,14,CL-2601-001,14,6,5
BS-2601-005,10,6,5,DT-EQP-02_20260516T0000_T10,6,7,WF.010115,CL-2601-001,15,CL-2601-001,15,5,5
BS-2601-005,10,6,3,DT-EQP-02_20260516T0000_T10,6,9,WF.010114,CL-2601-001,14,CL-2601-001,14,3,6
BS-2601-005,10,6,2,DT-EQP-02_20260516T0000_T10,6,10,WF.010114,CL-2601-001,14,CL-2601-001,14,2,5
BS-2601-005,10,6,0,DT-EQP-02_20260516T0000_T10,6,12,WF.010114,CL-2601-001,14,CL-2601-001,14,10,3
BS-2601-005,10,5,12,DT-EQP-02_20260516T0000_T10,7,0,WF.010115,CL-2601-001,15,CL-2601-001,15,6,1
BS-2601-005,10,5,11,DT-EQP-02_20260516T0000_T10,7,1,WF.010114,CL-2601-001,14,CL-2601-001,14,3,9
BS-2601-005,10,5,10,DT-EQP-02_20260516T0000_T10,7,2,WF.010115,CL-2601-001,15,CL-2601-001,15,9,3
BS-2601-005,10,5,2,DT-EQP-02_20260516T0000_T10,7,10,WF.010115,CL-2601-001,15,CL-2601-001,15,7,8
BS-2601-005,10,5,1,DT-EQP-02_20260516T0000_T10,7,11,WF.010115,CL-2601-001,15,CL-2601-001,15,1,3
BS-2601-005,10,4,11,DT-EQP-02_20260516T0000_T10,8,1,WF.010115,CL-2601-001,15,CL-2601-001,15,11,4
BS-2601-005,10,4,9,DT-EQP-02_20260516T0000_T10,8,3,WF.010115,CL-2601-001,15,CL-2601-001,15,5,8
BS-2601-005,10,4,8,DT-EQP-02_20260516T0000_T10,8,4,WF.010115,CL-2601-001,15,CL-2601-001,15,2,6
BS-2601-005,10,4,7,DT-EQP-02_20260516T0000_T10,8,5,WF.010115,CL-2601-001,15,CL-2601-001,15,4,8
BS-2601-005,10,4,1,DT-EQP-02_20260516T0000_T10,8,11,WF.010115,CL-2601-001,15,CL-2601-001,15,3,4
BS-2601-005,10,3,8,DT-EQP-02_20260516T0000_T10,9,4,WF.010115,CL-2601-001,15,CL-2601-001,15,9,10
BS-2601-005,10,3,7,DT-EQP-02_20260516T0000_T10,9,5,WF.010115,CL-2601-001,15,CL-2601-001,15,5,1
BS-2601-005,10,3,6,DT-EQP-02_20260516T0000_T10,9,6,WF.010115,CL-2601-001,15,CL-2601-001,15,8,2
BS-2601-005,10,3,5,DT-EQP-02_20260516T0000_T10,9,7,WF.010115,CL-2601-001,15,CL-2601-001,15,2,10
BS-2601-005,10,3,1,DT-EQP-02_20260516T0000_T10,9,11,WF.010114,CL-2601-001,14,CL-2601-001,14,6,6
BS-2601-005,10,2,9,DT-EQP-02_20260516T0000_T10,10,3,WF.010114,CL-2601-001,14,CL-2601-001,14,1,4
BS-2601-005,10,2,8,DT-EQP-02_20260516T0000_T10,10,4,WF.010115,CL-2601-001,15,CL-2601-001,15,7,0
BS-2601-005,10,2,4,DT-EQP-02_20260516T0000_T10,10,8,WF.010115,CL-2601-001,15,CL-2601-001,15,6,8
BS-2601-005,10,2,2,DT-EQP-02_20260516T0000_T10,10,10,WF.010114,CL-2601-001,14,CL-2601-001,14,7,6
BS-2601-005,10,1,9,DT-EQP-02_20260516T0000_T10,11,3,WF.010114,CL-2601-001,14,CL-2601-001,14,6,9
BS-2601-005,10,1,8,DT-EQP-02_20260516T0000_T10,11,4,WF.010115,CL-2601-001,15,CL-2601-001,15,6,6
BS-2601-005,10,1,7,DT-EQP-02_20260516T0000_T10,11,5,WF.010115,CL-2601-001,15,CL-2601-001,15,10,9
BS-2601-005,10,1,5,DT-EQP-02_20260516T0000_T10,11,7,WF.010115,CL-2601-001,15,CL-2601-001,15,6,2
BS-2601-005,10,1,3,DT-EQP-02_20260516T0000_T10,11,9,WF.010115,CL-2601-001,15,CL-2601-001,15,5,0
BS-2601-005,11,12,5,DT-EQP-02_20260516T0000_T11,0,7,WF.010316,CL-2601-003,16,CL-2601-003,16,7,0
BS-2601-005,11,11,9,DT-EQP-02_20260516T0000_T11,1,3,WF.010316,CL-2601-003,16,CL-2601-003,16,9,5
BS-2601-005,11,11,8,DT-EQP-02_20260516T0000_T11,1,4,WF.010316,CL-2601-003,16,CL-2601-003,16,6,1
BS-2601-005,11,11,6,DT-EQP-02_20260516T0000_T11,1,6,WF.010316,CL-2601-003,16,CL-2601-003,16,5,8
BS-2601-005,11,10,7,DT-EQP-02_20260516T0000_T11,2,5,WF.010316,CL-2601-003,16,CL-2601-003,16,3,1
BS-2601-005,11,10,3,DT-EQP-02_20260516T0000_T11,2,9,WF.010316,CL-2601-003,16,CL-2601-003,16,0,6
BS-2601-005,11,9,11,DT-EQP-02_20260516T0000_T11,3,1,WF.010316,CL-2601-003,16,CL-2601-003,16,12,7
BS-2601-005,11,9,10,DT-EQP-02_20260516T0000_T11,3,2,WF.010316,CL-2601-003,16,CL-2601-003,16,10,8
BS-2601-005,11,9,1,DT-EQP-02_20260516T0000_T11,3,11,WF.010316,CL-2601-003,16,CL-2601-003,16,11,7
BS-2601-005,11,8,7,DT-EQP-02_20260516T0000_T11,4,5,WF.010316,CL-2601-003,16,CL-2601-003,16,5,1
BS-2601-005,11,8,1,DT-EQP-02_20260516T0000_T11,4,11,WF.010316,CL-2601-003,16,CL-2601-003,16,6,12
BS-2601-005,11,7,12,DT-EQP-02_20260516T0000_T11,5,0,WF.010316,CL-2601-003,16,CL-2601-003,16,6,6
BS-2601-005,11,7,8,DT-EQP-02_20260516T0000_T11,5,4,WF.010316,CL-2601-003,16,CL-2601-003,16,8,8
BS-2601-005,11,7,6,DT-EQP-02_20260516T0000_T11,5,6,WF.010316,CL-2601-003,16,CL-2601-003,16,4,4
BS-2601-005,11,7,4,DT-EQP-02_20260516T0000_T11,5,8,WF.010316,CL-2601-003,16,CL-2601-003,16,9,8
BS-2601-005,11,7,0,DT-EQP-02_20260516T0000_T11,5,12,WF.010316,CL-2601-003,16,CL-2601-003,16,9,3
BS-2601-005,11,6,7,DT-EQP-02_20260516T0000_T11,6,5,WF.010316,CL-2601-003,16,CL-2601-003,16,8,2
BS-2601-005,11,6,5,DT-EQP-02_20260516T0000_T11,6,7,WF.010316,CL-2601-003,16,CL-2601-003,16,3,6
BS-2601-005,11,6,4,DT-EQP-02_20260516T0000_T11,6,8,WF.010316,CL-2601-003,16,CL-2601-003,16,6,8
BS-2601-005,11,6,2,DT-EQP-02_20260516T0000_T11,6,10,WF.010316,CL-2601-003,16,CL-2601-003,16,5,3
BS-2601-005,11,5,12,DT-EQP-02_20260516T0000_T11,7,0,WF.010316,CL-2601-003,16,CL-2601-003,16,9,1
BS-2601-005,11,5,10,DT-EQP-02_20260516T0000_T11,7,2,WF.010316,CL-2601-003,16,CL-2601-003,16,5,5
BS-2601-005,11,5,9,DT-EQP-02_20260516T0000_T11,7,3,WF.010316,CL-2601-003,16,CL-2601-003,16,3,8
BS-2601-005,11,5,8,DT-EQP-02_20260516T0000_T11,7,4,WF.010316,CL-2601-003,16,CL-2601-003,16,9,7
BS-2601-005,11,5,6,DT-EQP-02_20260516T0000_T11,7,6,WF.010316,CL-2601-003,16,CL-2601-003,16,5,0
BS-2601-005,11,5,4,DT-EQP-02_20260516T0000_T11,7,8,WF.010316,CL-2601-003,16,CL-2601-003,16,7,5
BS-2601-005,11,5,2,DT-EQP-02_20260516T0000_T11,7,10,WF.010316,CL-2601-003,16,CL-2601-003,16,2,8
BS-2601-005,11,5,0,DT-EQP-02_20260516T0000_T11,7,12,WF.010316,CL-2601-003,16,CL-2601-003,16,2,7
BS-2601-005,11,4,6,DT-EQP-02_20260516T0000_T11,8,6,WF.010316,CL-2601-003,16,CL-2601-003,16,2,10
BS-2601-005,11,4,5,DT-EQP-02_20260516T0000_T11,8,7,WF.010316,CL-2601-003,16,CL-2601-003,16,1,5
BS-2601-005,11,3,11,DT-EQP-02_20260516T0000_T11,9,1,WF.010316,CL-2601-003,16,CL-2601-003,16,4,1
BS-2601-005,11,3,1,DT-EQP-02_20260516T0000_T11,9,11,WF.010316,CL-2601-003,16,CL-2601-003,16,6,4
BS-2601-005,11,2,5,DT-EQP-02_20260516T0000_T11,10,7,WF.010316,CL-2601-003,16,CL-2601-003,16,9,6
BS-2601-005,11,2,3,DT-EQP-02_20260516T0000_T11,10,9,WF.010316,CL-2601-003,16,CL-2601-003,16,1,3
BS-2601-005,11,1,9,DT-EQP-02_20260516T0000_T11,11,3,WF.010316,CL-2601-003,16,CL-2601-003,16,9,4
BS-2601-005,11,1,4,DT-EQP-02_20260516T0000_T11,11,8,WF.010316,CL-2601-003,16,CL-2601-003,16,7,7
BS-2601-005,11,1,3,DT-EQP-02_20260516T0000_T11,11,9,WF.010316,CL-2601-003,16,CL-2601-003,16,3,10
BS-2601-005,11,0,7,DT-EQP-02_20260516T0000_T11,12,5,WF.010316,CL-2601-003,16,CL-2601-003,16,5,12
BS-2601-005,11,0,5,DT-EQP-02_20260516T0000_T11,12,7,WF.010316,CL-2601-003,16,CL-2601-003,16,4,5
BS-2601-005,12,12,7,DT-EQP-02_20260516T0000_T12,0,5,WF.010815,CL-2601-008,15,CL-2601-008,15,6,7
BS-2601-005,12,12,5,DT-EQP-02_20260516T0000_T12,0,7,WF.010815,CL-2601-008,15,CL-2601-008,15,5,3
BS-2601-005,12,11,9,DT-EQP-02_20260516T0000_T12,1,3,WF.010815,CL-2601-008,15,CL-2601-008,15,5,10
BS-2601-005,12,10,9,DT-EQP-02_20260516T0000_T12,2,3,WF.010815,CL-2601-008,15,CL-2601-008,15,7,12
BS-2601-005,12,10,8,DT-EQP-02_20260516T0000_T12,2,4,WF.010815,CL-2601-008,15,CL-2601-008,15,4,10
BS-2601-005,12,10,3,DT-EQP-02_20260516T0000_T12,2,9,WF.010815,CL-2601-008,15,CL-2601-008,15,9,10
BS-2601-005,12,10,2,DT-EQP-02_20260516T0000_T12,2,10,WF.010815,CL-2601-008,15,CL-2601-008,15,1,9
BS-2601-005,12,9,8,DT-EQP-02_20260516T0000_T12,3,4,WF.010101,CL-2601-001,01,CL-2601-001,01,9,2
BS-2601-005,12,9,3,DT-EQP-02_20260516T0000_T12,3,9,WF.010815,CL-2601-008,15,CL-2601-008,15,3,6
BS-2601-005,12,9,1,DT-EQP-02_20260516T0000_T12,3,11,WF.010815,CL-2601-008,15,CL-2601-008,15,2,5
BS-2601-005,12,8,9,DT-EQP-02_20260516T0000_T12,4,3,WF.010815,CL-2601-008,15,CL-2601-008,15,9,4
BS-2601-005,12,8,4,DT-EQP-02_20260516T0000_T12,4,8,WF.010815,CL-2601-008,15,CL-2601-008,15,5,6
BS-2601-005,12,8,3,DT-EQP-02_20260516T0000_T12,4,9,WF.010815,CL-2601-008,15,CL-2601-008,15,10,8
BS-2601-005,12,7,12,DT-EQP-02_20260516T0000_T12,5,0,WF.010815,CL-2601-008,15,CL-2601-008,15,2,6
BS-2601-005,12,7,11,DT-EQP-02_20260516T0000_T12,5,1,WF.010815,CL-2601-008,15,CL-2601-008,15,4,2
BS-2601-005,12,7,10,DT-EQP-02_20260516T0000_T12,5,2,WF.010815,CL-2601-008,15,CL-2601-008,15,6,9
BS-2601-005,12,7,9,DT-EQP-02_20260516T0000_T12,5,3,WF.010815,CL-2601-008,15,CL-2601-008,15,0,7
BS-2601-005,12,7,7,DT-EQP-02_20260516T0000_T12,5,5,WF.010815,CL-2601-008,15,CL-2601-008,15,9,2
BS-2601-005,12,7,5,DT-EQP-02_20260516T0000_T12,5,7,WF.010815,CL-2601-008,15,CL-2601-008,15,9,1
BS-2601-005,12,7,4,DT-EQP-02_20260516T0000_T12,5,8,WF.010815,CL-2601-008,15,CL-2601-008,15,5,4
BS-2601-005,12,7,1,DT-EQP-02_20260516T0000_T12,5,11,WF.010815,CL-2601-008,15,CL-2601-008,15,10,4
BS-2601-005,12,7,0,DT-EQP-02_20260516T0000_T12,5,12,WF.010815,CL-2601-008,15,CL-2601-008,15,7,6
BS-2601-005,12,6,10,DT-EQP-02_20260516T0000_T12,6,2,WF.010815,CL-2601-008,15,CL-2601-008,15,1,5
BS-2601-005,12,6,8,DT-EQP-02_20260516T0000_T12,6,4,WF.010815,CL-2601-008,15,CL-2601-008,15,4,3
BS-2601-005,12,6,7,DT-EQP-02_20260516T0000_T12,6,5,WF.010815,CL-2601-008,15,CL-2601-008,15,3,8
BS-2601-005,12,6,4,DT-EQP-02_20260516T0000_T12,6,8,WF.010815,CL-2601-008,15,CL-2601-008,15,8,4
BS-2601-005,12,5,10,DT-EQP-02_20260516T0000_T12,7,2,WF.010815,CL-2601-008,15,CL-2601-008,15,5,0
BS-2601-005,12,5,5,DT-EQP-02_20260516T0000_T12,7,7,WF.010815,CL-2601-008,15,CL-2601-008,15,7,4
BS-2601-005,12,5,2,DT-EQP-02_20260516T0000_T12,7,10,WF.010815,CL-2601-008,15,CL-2601-008,15,5,7
BS-2601-005,12,4,9,DT-EQP-02_20260516T0000_T12,8,3,WF.010815,CL-2601-008,15,CL-2601-008,15,0,5
BS-2601-005,12,4,8,DT-EQP-02_20260516T0000_T12,8,4,WF.010815,CL-2601-008,15,CL-2601-008,15,7,5
BS-2601-005,12,4,5,DT-EQP-02_20260516T0000_T12,8,7,WF.010815,CL-2601-008,15,CL-2601-008,15,12,5
BS-2601-005,12,4,4,DT-EQP-02_20260516T0000_T12,8,8,WF.010815,CL-2601-008,15,CL-2601-008,15,1,6
BS-2601-005,12,3,10,DT-EQP-02_20260516T0000_T12,9,2,WF.010815,CL-2601-008,15,CL-2601-008,15,2,7
BS-2601-005,12,3,6,DT-EQP-02_20260516T0000_T12,9,6,WF.010815,CL-2601-008,15,CL-2601-008,15,6,3
BS-2601-005,12,3,3,DT-EQP-02_20260516T0000_T12,9,9,WF.010815,CL-2601-008,15,CL-2601-008,15,7,9
BS-2601-005,12,2,10,DT-EQP-02_20260516T0000_T12,10,2,WF.010101,CL-2601-001,01,CL-2601-001,01,5,3
BS-2601-005,12,2,9,DT-EQP-02_20260516T0000_T12,10,3,WF.010815,CL-2601-008,15,CL-2601-008,15,1,8
BS-2601-005,12,2,7,DT-EQP-02_20260516T0000_T12,10,5,WF.010815,CL-2601-008,15,CL-2601-008,15,12,7
BS-2601-005,12,2,2,DT-EQP-02_20260516T0000_T12,10,10,WF.010815,CL-2601-008,15,CL-2601-008,15,6,5
BS-2601-005,12,1,9,DT-EQP-02_20260516T0000_T12,11,3,WF.010815,CL-2601-008,15,CL-2601-008,15,3,1
BS-2601-005,12,1,3,DT-EQP-02_20260516T0000_T12,11,9,WF.010815,CL-2601-008,15,CL-2601-008,15,8,8
BS-2601-005,13,12,7,DT-EQP-02_20260516T0000_T13,0,5,WF.010719,CL-2601-007,19,CL-2601-007-A2-A6-A8,19,4,8
BS-2601-005,13,11,8,DT-EQP-02_20260516T0000_T13,1,4,WF.010209,CL-2601-002,09,CL-2601-002-A4,09,1,5
BS-2601-005,13,11,6,DT-EQP-02_20260516T0000_T13,1,6,WF.010209,CL-2601-002,09,CL-2601-002-A4,09,0,5
BS-2601-005,13,11,5,DT-EQP-02_20260516T0000_T13,1,7,WF.010719,CL-2601-007,19,CL-2601-007-A2-A6-A8,19,9,6
BS-2601-005,13,10,9,DT-EQP-02_20260516T0000_T13,2,3,WF.010209,CL-2601-002,09,CL-2601-002-A4,09,3,10
BS-2601-005,13,10,8,DT-EQP-02_20260516T0000_T13,2,4,WF.010209,CL-2601-002,09,CL-2601-002-A4,09,2,6
BS-2601-005,13,10,7,DT-EQP-02_20260516T0000_T13,2,5,WF.010209,CL-2601-002,09,CL-2601-002-A4,09,1,4
BS-2601-005,13,10,5,DT-EQP-02_20260516T0000_T13,2,7,WF.010209,CL-2601-002,09,CL-2601-002-A4,09,6,3
BS-2601-005,13,10,3,DT-EQP-02_20260516T0000_T13,2,9,WF.010209,CL-2601-002,09,CL-2601-002-A4,09,3,4
BS-2601-005,13,9,11,DT-EQP-02_20260516T0000_T13,3,1,WF.010209,CL-2601-002,09,CL-2601-002-A4,09,4,1
BS-2601-005,13,9,7,DT-EQP-02_20260516T0000_T13,3,5,WF.010209,CL-2601-002,09,CL-2601-002-A4,09,7,2
BS-2601-005,13,9,5,DT-EQP-02_20260516T0000_T13,3,7,WF.010209,CL-2601-002,09,CL-2601-002-A4,09,8,9
BS-2601-005,13,9,4,DT-EQP-02_20260516T0000_T13,3,8,WF.010209,CL-2601-002,09,CL-2601-002-A4,09,4,3
BS-2601-005,13,9,3,DT-EQP-02_20260516T0000_T13,3,9,WF.010719,CL-2601-007,19,CL-2601-007-A2-A6-A8,19,11,7
BS-2601-005,13,9,2,DT-EQP-02_20260516T0000_T13,3,10,WF.010209,CL-2601-002,09,CL-2601-002-A4,09,7,12
BS-2601-005,13,9,1,DT-EQP-02_20260516T0000_T13,3,11,WF.010209,CL-2601-002,09,CL-2601-002-A4,09,12,7
BS-2601-005,13,8,9,DT-EQP-02_20260516T0000_T13,4,3,WF.010209,CL-2601-002,09,CL-2601-002-A4,09,9,1
BS-2601-005,13,8,8,DT-EQP-02_20260516T0000_T13,4,4,WF.010209,CL-2601-002,09,CL-2601-002-A4,09,5,4
BS-2601-005,13,8,3,DT-EQP-02_20260516T0000_T13,4,9,WF.010719,CL-2601-007,19,CL-2601-007-A2-A6-A8,19,3,10
BS-2601-005,13,8,2,DT-EQP-02_20260516T0000_T13,4,10,WF.010209,CL-2601-002,09,CL-2601-002-A4,09,3,8
BS-2601-005,13,7,12,DT-EQP-02_20260516T0000_T13,5,0,WF.010719,CL-2601-007,19,CL-2601-007-A2-A6-A8,19,4,9
BS-2601-005,13,7,8,DT-EQP-02_20260516T0000_T13,5,4,WF.010719,CL-2601-007,19,CL-2601-007-A2-A6-A8,19,4,6
BS-2601-005,13,7,7,DT-EQP-02_20260516T0000_T13,5,5,WF.010719,CL-2601-007,19,CL-2601-007-A2-A6-A8,19,6,12
BS-2601-005,13,7,1,DT-EQP-02_20260516T0000_T13,5,11,WF.010209,CL-2601-002,09,CL-2601-002-A4,09,8,1
BS-2601-005,13,7,0,DT-EQP-02_20260516T0000_T13,5,12,WF.010209,CL-2601-002,09,CL-2601-002-A4,09,1,9
BS-2601-005,13,6,12,DT-EQP-02_20260516T0000_T13,6,0,WF.010719,CL-2601-007,19,CL-2601-007-A2-A6-A8,19,5,10
BS-2601-005,13,6,11,DT-EQP-02_20260516T0000_T13,6,1,WF.010719,CL-2601-007,19,CL-2601-007-A2-A6-A8,19,5,4
BS-2601-005,13,6,10,DT-EQP-02_20260516T0000_T13,6,2,WF.010509,CL-2601-005,09,CL-2601-005-A5,09,8,2
BS-2601-005,13,6,7,DT-EQP-02_20260516T0000_T13,6,5,WF.010509,CL-2601-005,09,CL-2601-005-A5,09,5,1
BS-2601-005,13,6,6,DT-EQP-02_20260516T0000_T13,6,6,WF.010719,CL-2601-007,19,CL-2601-007-A2-A6-A8,19,6,0
BS-2601-005,13,5,12,DT-EQP-02_20260516T0000_T13,7,0,WF.010719,CL-2601-007,19,CL-2601-007-A2-A6-A8,19,4,7
BS-2601-005,13,5,11,DT-EQP-02_20260516T0000_T13,7,1,WF.010719,CL-2601-007,19,CL-2601-007-A2-A6-A8,19,1,9
BS-2601-005,13,5,10,DT-EQP-02_20260516T0000_T13,7,2,WF.010209,CL-2601-002,09,CL-2601-002-A4,09,9,3
BS-2601-005,13,5,1,DT-EQP-02_20260516T0000_T13,7,11,WF.010209,CL-2601-002,09,CL-2601-002-A4,09,7,11
BS-2601-005,13,4,11,DT-EQP-02_20260516T0000_T13,8,1,WF.010209,CL-2601-002,09,CL-2601-002-A4,09,6,4
BS-2601-005,13,4,8,DT-EQP-02_20260516T0000_T13,8,4,WF.010509,CL-2601-005,09,CL-2601-005-A5,09,9,7
BS-2601-005,13,4,4,DT-EQP-02_20260516T0000_T13,8,8,WF.010719,CL-2601-007,19,CL-2601-007-A2-A6-A8,19,8,7
BS-2601-005,13,3,10,DT-EQP-02_20260516T0000_T13,9,2,WF.010209,CL-2601-002,09,CL-2601-002-A4,09,8,5
BS-2601-005,13,3,9,DT-EQP-02_20260516T0000_T13,9,3,WF.010209,CL-2601-002,09,CL-2601-002-A4,09,9,7
BS-2601-005,13,3,8,DT-EQP-02_20260516T0000_T13,9,4,WF.010719,CL-2601-007,19,CL-2601-007-A2-A6-A8,19,9,10
BS-2601-005,13,3,6,DT-EQP-02_20260516T0000_T13,9,6,WF.010509,CL-2601-005,09,CL-2601-005-A5,09,9,11
BS-2601-005,13,3,3,DT-EQP-02_20260516T0000_T13,9,9,WF.010209,CL-2601-002,09,CL-2601-002-A4,09,12,5
BS-2601-005,13,3,2,DT-EQP-02_20260516T0000_T13,9,10,WF.010719,CL-2601-007,19,CL-2601-007-A2-A6-A8,19,12,5
BS-2601-005,13,2,9,DT-EQP-02_20260516T0000_T13,10,3,WF.010209,CL-2601-002,09,CL-2601-002-A4,09,7,8
BS-2601-005,13,2,8,DT-EQP-02_20260516T0000_T13,10,4,WF.010719,CL-2601-007,19,CL-2601-007-A2-A6-A8,19,9,11
BS-2601-005,13,2,5,DT-EQP-02_20260516T0000_T13,10,7,WF.010209,CL-2601-002,09,CL-2601-002-A4,09,11,4
BS-2601-005,13,2,2,DT-EQP-02_20260516T0000_T13,10,10,WF.010209,CL-2601-002,09,CL-2601-002-A4,09,6,5
BS-2601-005,13,1,7,DT-EQP-02_20260516T0000_T13,11,5,WF.010209,CL-2601-002,09,CL-2601-002-A4,09,1,6
BS-2601-005,13,1,6,DT-EQP-02_20260516T0000_T13,11,6,WF.010719,CL-2601-007,19,CL-2601-007-A2-A6-A8,19,8,2
BS-2601-005,13,0,7,DT-EQP-02_20260516T0000_T13,12,5,WF.010719,CL-2601-007,19,CL-2601-007-A2-A6-A8,19,2,2
BS-2601-005,14,11,7,DT-EQP-02_20260516T0000_T14,1,5,WF.010115,CL-2601-001,15,CL-2601-001,15,7,12
BS-2601-005,14,11,6,DT-EQP-02_20260516T0000_T14,1,6,WF.010115,CL-2601-001,15,CL-2601-001,15,1,7
BS-2601-005,14,11,5,DT-EQP-02_20260516T0000_T14,1,7,WF.010115,CL-2601-001,15,CL-2601-001,15,4,5
BS-2601-005,14,10,4,DT-EQP-02_20260516T0000_T14,2,8,WF.010115,CL-2601-001,15,CL-2601-001,15,10,10
BS-2601-005,14,9,10,DT-EQP-02_20260516T0000_T14,3,2,WF.010115,CL-2601-001,15,CL-2601-001,15,5,12
BS-2601-005,14,9,7,DT-EQP-02_20260516T0000_T14,3,5,WF.010115,CL-2601-001,15,CL-2601-001,15,5,10
BS-2601-005,14,9,6,DT-EQP-02_20260516T0000_T14,3,6,WF.010115,CL-2601-001,15,CL-2601-001,15,4,9
BS-2601-005,14,9,5,DT-EQP-02_20260516T0000_T14,3,7,WF.010115,CL-2601-001,15,CL-2601-001,15,10,8
BS-2601-005,14,9,4,DT-EQP-02_20260516T0000_T14,3,8,WF.010115,CL-2601-001,15,CL-2601-001,15,2,9
BS-2601-005,14,9,2,DT-EQP-02_20260516T0000_T14,3,10,WF.010115,CL-2601-001,15,CL-2601-001,15,5,9
BS-2601-005,14,8,9,DT-EQP-02_20260516T0000_T14,4,3,WF.010115,CL-2601-001,15,CL-2601-001,15,4,4
BS-2601-005,14,8,6,DT-EQP-02_20260516T0000_T14,4,6,WF.010115,CL-2601-001,15,CL-2601-001,15,10,5
BS-2601-005,14,8,5,DT-EQP-02_20260516T0000_T14,4,7,WF.010115,CL-2601-001,15,CL-2601-001,15,2,4
BS-2601-005,14,8,3,DT-EQP-02_20260516T0000_T14,4,9,WF.010115,CL-2601-001,15,CL-2601-001,15,10,2
BS-2601-005,14,8,2,DT-EQP-02_20260516T0000_T14,4,10,WF.010115,CL-2601-001,15,CL-2601-001,15,11,7
BS-2601-005,14,7,11,DT-EQP-02_20260516T0000_T14,5,1,WF.010115,CL-2601-001,15,CL-2601-001,15,6,4
BS-2601-005,14,7,9,DT-EQP-02_20260516T0000_T14,5,3,WF.010115,CL-2601-001,15,CL-2601-001,15,1,6
BS-2601-005,14,7,2,DT-EQP-02_20260516T0000_T14,5,10,WF.010115,CL-2601-001,15,CL-2601-001,15,7,3
BS-2601-005,14,7,1,DT-EQP-02_20260516T0000_T14,5,11,WF.010115,CL-2601-001,15,CL-2601-001,15,9,11
BS-2601-005,14,6,12,DT-EQP-02_20260516T0000_T14,6,0,WF.010115,CL-2601-001,15,CL-2601-001,15,5,2
BS-2601-005,14,6,11,DT-EQP-02_20260516T0000_T14,6,1,WF.010115,CL-2601-001,15,CL-2601-001,15,7,10
BS-2601-005,14,6,10,DT-EQP-02_20260516T0000_T14,6,2,WF.010115,CL-2601-001,15,CL-2601-001,15,3,7
BS-2601-005,14,6,4,DT-EQP-02_20260516T0000_T14,6,8,WF.010115,CL-2601-001,15,CL-2601-001,15,7,5
BS-2601-005,14,6,2,DT-EQP-02_20260516T0000_T14,6,10,WF.010115,CL-2601-001,15,CL-2601-001,15,9,4
BS-2601-005,14,6,0,DT-EQP-02_20260516T0000_T14,6,12,WF.010115,CL-2601-001,15,CL-2601-001,15,1,8
BS-2601-005,14,5,11,DT-EQP-02_20260516T0000_T14,7,1,WF.010115,CL-2601-001,15,CL-2601-001,15,4,6
BS-2601-005,14,5,9,DT-EQP-02_20260516T0000_T14,7,3,WF.010115,CL-2601-001,15,CL-2601-001,15,7,2
BS-2601-005,14,5,6,DT-EQP-02_20260516T0000_T14,7,6,WF.010115,CL-2601-001,15,CL-2601-001,15,5,11
BS-2601-005,14,5,2,DT-EQP-02_20260516T0000_T14,7,10,WF.010115,CL-2601-001,15,CL-2601-001,15,9,2
BS-2601-005,14,5,1,DT-EQP-02_20260516T0000_T14,7,11,WF.010115,CL-2601-001,15,CL-2601-001,15,2,7
BS-2601-005,14,5,0,DT-EQP-02_20260516T0000_T14,7,12,WF.010115,CL-2601-001,15,CL-2601-001,15,3,9
BS-2601-005,14,4,10,DT-EQP-02_20260516T0000_T14,8,2,WF.010115,CL-2601-001,15,CL-2601-001,15,3,8
BS-2601-005,14,4,6,DT-EQP-02_20260516T0000_T14,8,6,WF.010115,CL-2601-001,15,CL-2601-001,15,4,11
BS-2601-005,14,4,5,DT-EQP-02_20260516T0000_T14,8,7,WF.010115,CL-2601-001,15,CL-2601-001,15,1,9
BS-2601-005,14,4,4,DT-EQP-02_20260516T0000_T14,8,8,WF.010115,CL-2601-001,15,CL-2601-001,15,9,6
BS-2601-005,14,4,3,DT-EQP-02_20260516T0000_T14,8,9,WF.010115,CL-2601-001,15,CL-2601-001,15,6,9
BS-2601-005,14,4,1,DT-EQP-02_20260516T0000_T14,8,11,WF.010115,CL-2601-001,15,CL-2601-001,15,0,7
BS-2601-005,14,3,10,DT-EQP-02_20260516T0000_T14,9,2,WF.010115,CL-2601-001,15,CL-2601-001,15,8,8
BS-2601-005,14,3,2,DT-EQP-02_20260516T0000_T14,9,10,WF.010115,CL-2601-001,15,CL-2601-001,15,7,9
BS-2601-005,14,2,9,DT-EQP-02_20260516T0000_T14,10,3,WF.010115,CL-2601-001,15,CL-2601-001,15,8,6
BS-2601-005,14,2,6,DT-EQP-02_20260516T0000_T14,10,6,WF.010115,CL-2601-001,15,CL-2601-001,15,0,5
BS-2601-005,14,2,5,DT-EQP-02_20260516T0000_T14,10,7,WF.010115,CL-2601-001,15,CL-2601-001,15,3,6
BS-2601-005,14,2,4,DT-EQP-02_20260516T0000_T14,10,8,WF.010115,CL-2601-001,15,CL-2601-001,15,12,6
BS-2601-005,14,2,2,DT-EQP-02_20260516T0000_T14,10,10,WF.010115,CL-2601-001,15,CL-2601-001,15,7,1
BS-2601-005,14,1,5,DT-EQP-02_20260516T0000_T14,11,7,WF.010115,CL-2601-001,15,CL-2601-001,15,4,7
BS-2601-005,14,1,4,DT-EQP-02_20260516T0000_T14,11,8,WF.010115,CL-2601-001,15,CL-2601-001,15,6,10
BS-2601-005,14,1,3,DT-EQP-02_20260516T0000_T14,11,9,WF.010115,CL-2601-001,15,CL-2601-001,15,12,5
BS-2601-005,15,12,6,DT-EQP-02_20260516T0000_T15,0,6,WF.010105,CL-2601-001,05,CL-2601-001,05,7,4
BS-2601-005,15,11,9,DT-EQP-02_20260516T0000_T15,1,3,WF.010105,CL-2601-001,05,CL-2601-001,05,4,1
BS-2601-005,15,11,7,DT-EQP-02_20260516T0000_T15,1,5,WF.010105,CL-2601-001,05,CL-2601-001,05,7,3
BS-2601-005,15,11,6,DT-EQP-02_20260516T0000_T15,1,6,WF.010105,CL-2601-001,05,CL-2601-001,05,3,3
BS-2601-005,15,11,5,DT-EQP-02_20260516T0000_T15,1,7,WF.010105,CL-2601-001,05,CL-2601-001,05,7,0
BS-2601-005,15,10,5,DT-EQP-02_20260516T0000_T15,2,7,WF.010105,CL-2601-001,05,CL-2601-001,05,4,5
BS-2601-005,15,10,4,DT-EQP-02_20260516T0000_T15,2,8,WF.010105,CL-2601-001,05,CL-2601-001,05,7,7
BS-2601-005,15,10,2,DT-EQP-02_20260516T0000_T15,2,10,WF.010105,CL-2601-001,05,CL-2601-001,05,9,10
BS-2601-005,15,9,8,DT-EQP-02_20260516T0000_T15,3,4,WF.010105,CL-2601-001,05,CL-2601-001,05,5,4
BS-2601-005,15,9,6,DT-EQP-02_20260516T0000_T15,3,6,WF.010105,CL-2601-001,05,CL-2601-001,05,7,6
BS-2601-005,15,9,4,DT-EQP-02_20260516T0000_T15,3,8,WF.010105,CL-2601-001,05,CL-2601-001,05,7,11
BS-2601-005,15,9,2,DT-EQP-02_20260516T0000_T15,3,10,WF.010105,CL-2601-001,05,CL-2601-001,05,2,7
BS-2601-005,15,9,1,DT-EQP-02_20260516T0000_T15,3,11,WF.010105,CL-2601-001,05,CL-2601-001,05,10,4
BS-2601-005,15,8,9,DT-EQP-02_20260516T0000_T15,4,3,WF.010105,CL-2601-001,05,CL-2601-001,05,2,9
BS-2601-005,15,8,4,DT-EQP-02_20260516T0000_T15,4,8,WF.010105,CL-2601-001,05,CL-2601-001,05,8,5
BS-2601-005,15,7,6,DT-EQP-02_20260516T0000_T15,5,6,WF.010105,CL-2601-001,05,CL-2601-001,05,8,9
BS-2601-005,15,7,5,DT-EQP-02_20260516T0000_T15,5,7,WF.010105,CL-2601-001,05,CL-2601-001,05,10,7
BS-2601-005,15,7,1,DT-EQP-02_20260516T0000_T15,5,11,WF.010105,CL-2601-001,05,CL-2601-001,05,1,6
BS-2601-005,15,7,0,DT-EQP-02_20260516T0000_T15,5,12,WF.010105,CL-2601-001,05,CL-2601-001,05,9,1
BS-2601-005,15,6,12,DT-EQP-02_20260516T0000_T15,6,0,WF.010105,CL-2601-001,05,CL-2601-001,05,3,9
BS-2601-005,15,6,11,DT-EQP-02_20260516T0000_T15,6,1,WF.010105,CL-2601-001,05,CL-2601-001,05,4,2
BS-2601-005,15,6,10,DT-EQP-02_20260516T0000_T15,6,2,WF.010105,CL-2601-001,05,CL-2601-001,05,3,5
BS-2601-005,15,6,8,DT-EQP-02_20260516T0000_T15,6,4,WF.010105,CL-2601-001,05,CL-2601-001,05,10,10
BS-2601-005,15,6,6,DT-EQP-02_20260516T0000_T15,6,6,WF.010105,CL-2601-001,05,CL-2601-001,05,7,2
BS-2601-005,15,6,3,DT-EQP-02_20260516T0000_T15,6,9,WF.010105,CL-2601-001,05,CL-2601-001,05,11,3
BS-2601-005,15,6,1,DT-EQP-02_20260516T0000_T15,6,11,WF.010105,CL-2601-001,05,CL-2601-001,05,12,5
BS-2601-005,15,5,12,DT-EQP-02_20260516T0000_T15,7,0,WF.010105,CL-2601-001,05,CL-2601-001,05,11,9
BS-2601-005,15,5,4,DT-EQP-02_20260516T0000_T15,7,8,WF.010105,CL-2601-001,05,CL-2601-001,05,2,4
BS-2601-005,15,4,11,DT-EQP-02_20260516T0000_T15,8,1,WF.010105,CL-2601-001,05,CL-2601-001,05,8,4
BS-2601-005,15,4,10,DT-EQP-02_20260516T0000_T15,8,2,WF.010105,CL-2601-001,05,CL-2601-001,05,6,0
BS-2601-005,15,4,5,DT-EQP-02_20260516T0000_T15,8,7,WF.010105,CL-2601-001,05,CL-2601-001,05,4,7
BS-2601-005,15,4,3,DT-EQP-02_20260516T0000_T15,8,9,WF.010105,CL-2601-001,05,CL-2601-001,05,7,8
BS-2601-005,15,4,1,DT-EQP-02_20260516T0000_T15,8,11,WF.010105,CL-2601-001,05,CL-2601-001,05,4,9
BS-2601-005,15,3,4,DT-EQP-02_20260516T0000_T15,9,8,WF.010105,CL-2601-001,05,CL-2601-001,05,3,6
BS-2601-005,15,3,2,DT-EQP-02_20260516T0000_T15,9,10,WF.010105,CL-2601-001,05,CL-2601-001,05,9,9
BS-2601-005,15,3,1,DT-EQP-02_20260516T0000_T15,9,11,WF.010105,CL-2601-001,05,CL-2601-001,05,7,5
BS-2601-005,15,2,9,DT-EQP-02_20260516T0000_T15,10,3,WF.010105,CL-2601-001,05,CL-2601-001,05,5,9
BS-2601-005,15,2,8,DT-EQP-02_20260516T0000_T15,10,4,WF.010105,CL-2601-001,05,CL-2601-001,05,11,6
BS-2601-005,15,2,5,DT-EQP-02_20260516T0000_T15,10,7,WF.010105,CL-2601-001,05,CL-2601-001,05,1,7
BS-2601-005,15,1,9,DT-EQP-02_20260516T0000_T15,11,3,WF.010105,CL-2601-001,05,CL-2601-001,05,4,10
BS-2601-005,15,1,8,DT-EQP-02_20260516T0000_T15,11,4,WF.010105,CL-2601-001,05,CL-2601-001,05,12,6
BS-2601-005,15,1,5,DT-EQP-02_20260516T0000_T15,11,7,WF.010105,CL-2601-001,05,CL-2601-001,05,5,5
BS-2601-005,15,1,4,DT-EQP-02_20260516T0000_T15,11,8,WF.010105,CL-2601-001,05,CL-2601-001,05,6,8
BS-2601-005,16,12,5,DT-EQP-02_20260516T0000_T16,0,7,WF.010508,CL-2601-005,08,CL-2601-005-A5,08,12,7
BS-2601-005,16,11,8,DT-EQP-02_20260516T0000_T16,1,4,WF.010508,CL-2601-005,08,CL-2601-005-A5,08,5,6
BS-2601-005,16,10,7,DT-EQP-02_20260516T0000_T16,2,5,WF.010706,CL-2601-007,06,CL-2601-007-A2-A6-A8,06,2,8
BS-2601-005,16,9,9,DT-EQP-02_20260516T0000_T16,3,3,WF.010706,CL-2601-007,06,CL-2601-007-A2-A6-A8,06,5,12
BS-2601-005,16,9,7,DT-EQP-02_20260516T0000_T16,3,5,WF.010706,CL-2601-007,06,CL-2601-007-A2-A6-A8,06,5,1
BS-2601-005,16,8,9,DT-EQP-02_20260516T0000_T16,4,3,WF.010508,CL-2601-005,08,CL-2601-005-A5,08,11,7
BS-2601-005,16,8,7,DT-EQP-02_20260516T0000_T16,4,5,WF.010706,CL-2601-007,06,CL-2601-007-A2-A6-A8,06,9,4
BS-2601-005,16,8,6,DT-EQP-02_20260516T0000_T16,4,6,WF.010706,CL-2601-007,06,CL-2601-007-A2-A6-A8,06,8,8
BS-2601-005,16,8,3,DT-EQP-02_20260516T0000_T16,4,9,WF.010706,CL-2601-007,06,CL-2601-007-A2-A6-A8,06,1,4
BS-2601-005,16,8,2,DT-EQP-02_20260516T0000_T16,4,10,WF.010508,CL-2601-005,08,CL-2601-005-A5,08,8,4
BS-2601-005,16,7,11,DT-EQP-02_20260516T0000_T16,5,1,WF.010508,CL-2601-005,08,CL-2601-005-A5,08,5,3
BS-2601-005,16,7,9,DT-EQP-02_20260516T0000_T16,5,3,WF.010402,CL-2601-004,02,CL-2601-004,02,8,5
BS-2601-005,16,7,8,DT-EQP-02_20260516T0000_T16,5,4,WF.010508,CL-2601-005,08,CL-2601-005-A5,08,7,12
BS-2601-005,16,7,7,DT-EQP-02_20260516T0000_T16,5,5,WF.010508,CL-2601-005,08,CL-2601-005-A5,08,8,6
BS-2601-005,16,7,2,DT-EQP-02_20260516T0000_T16,5,10,WF.010706,CL-2601-007,06,CL-2601-007-A2-A6-A8,06,5,8
BS-2601-005,16,6,12,DT-EQP-02_20260516T0000_T16,6,0,WF.010706,CL-2601-007,06,CL-2601-007-A2-A6-A8,06,5,2
BS-2601-005,16,6,10,DT-EQP-02_20260516T0000_T16,6,2,WF.010706,CL-2601-007,06,CL-2601-007-A2-A6-A8,06,7,11
BS-2601-005,16,6,9,DT-EQP-02_20260516T0000_T16,6,3,WF.010706,CL-2601-007,06,CL-2601-007-A2-A6-A8,06,5,5
BS-2601-005,16,6,8,DT-EQP-02_20260516T0000_T16,6,4,WF.010508,CL-2601-005,08,CL-2601-005-A5,08,9,7
BS-2601-005,16,6,7,DT-EQP-02_20260516T0000_T16,6,5,WF.010706,CL-2601-007,06,CL-2601-007-A2-A6-A8,06,6,9
BS-2601-005,16,6,2,DT-EQP-02_20260516T0000_T16,6,10,WF.010508,CL-2601-005,08,CL-2601-005-A5,08,12,6
BS-2601-005,16,6,0,DT-EQP-02_20260516T0000_T16,6,12,WF.010508,CL-2601-005,08,CL-2601-005-A5,08,6,12
BS-2601-005,16,5,12,DT-EQP-02_20260516T0000_T16,7,0,WF.010706,CL-2601-007,06,CL-2601-007-A2-A6-A8,06,8,2
BS-2601-005,16,5,11,DT-EQP-02_20260516T0000_T16,7,1,WF.010706,CL-2601-007,06,CL-2601-007-A2-A6-A8,06,8,1
BS-2601-005,16,5,10,DT-EQP-02_20260516T0000_T16,7,2,WF.010706,CL-2601-007,06,CL-2601-007-A2-A6-A8,06,9,10
BS-2601-005,16,5,7,DT-EQP-02_20260516T0000_T16,7,5,WF.010508,CL-2601-005,08,CL-2601-005-A5,08,3,5
BS-2601-005,16,5,5,DT-EQP-02_20260516T0000_T16,7,7,WF.010508,CL-2601-005,08,CL-2601-005-A5,08,2,3
BS-2601-005,16,5,4,DT-EQP-02_20260516T0000_T16,7,8,WF.010706,CL-2601-007,06,CL-2601-007-A2-A6-A8,06,2,4
BS-2601-005,16,5,1,DT-EQP-02_20260516T0000_T16,7,11,WF.010402,CL-2601-004,02,CL-2601-004,02,11,3
BS-2601-005,16,5,0,DT-EQP-02_20260516T0000_T16,7,12,WF.010508,CL-2601-005,08,CL-2601-005-A5,08,9,2
BS-2601-005,16,4,6,DT-EQP-02_20260516T0000_T16,8,6,WF.010508,CL-2601-005,08,CL-2601-005-A5,08,8,2
BS-2601-005,16,4,3,DT-EQP-02_20260516T0000_T16,8,9,WF.010508,CL-2601-005,08,CL-2601-005-A5,08,10,5
BS-2601-005,16,4,2,DT-EQP-02_20260516T0000_T16,8,10,WF.010402,CL-2601-004,02,CL-2601-004,02,4,10
BS-2601-005,16,4,1,DT-EQP-02_20260516T0000_T16,8,11,WF.010706,CL-2601-007,06,CL-2601-007-A2-A6-A8,06,4,11
BS-2601-005,16,3,4,DT-EQP-02_20260516T0000_T16,9,8,WF.010706,CL-2601-007,06,CL-2601-007-A2-A6-A8,06,6,0
BS-2601-005,16,2,10,DT-EQP-02_20260516T0000_T16,10,2,WF.010508,CL-2601-005,08,CL-2601-005-A5,08,7,6
BS-2601-005,16,1,8,DT-EQP-02_20260516T0000_T16,11,4,WF.010508,CL-2601-005,08,CL-2601-005-A5,08,0,6
BS-2601-005,16,1,6,DT-EQP-02_20260516T0000_T16,11,6,WF.010508,CL-2601-005,08,CL-2601-005-A5,08,3,3
BS-2601-005,16,0,6,DT-EQP-02_20260516T0000_T16,12,6,WF.010706,CL-2601-007,06,CL-2601-007-A2-A6-A8,06,3,2
BS-2601-005,17,12,5,DT-EQP-02_20260516T0000_T17,0,7,WF.010102,CL-2601-001,02,CL-2601-001,02,10,9
BS-2601-005,17,11,9,DT-EQP-02_20260516T0000_T17,1,3,WF.010102,CL-2601-001,02,CL-2601-001,02,10,2
BS-2601-005,17,11,6,DT-EQP-02_20260516T0000_T17,1,6,WF.010708,CL-2601-007,08,CL-2601-007-A2-A3,08,4,8
BS-2601-005,17,10,10,DT-EQP-02_20260516T0000_T17,2,2,WF.010708,CL-2601-007,08,CL-2601-007-A2-A3,08,8,8
BS-2601-005,17,10,6,DT-EQP-02_20260516T0000_T17,2,6,WF.010708,CL-2601-007,08,CL-2601-007-A2-A3,08,8,9
BS-2601-005,17,10,5,DT-EQP-02_20260516T0000_T17,2,7,WF.010708,CL-2601-007,08,CL-2601-007-A2-A3,08,8,1
BS-2601-005,17,10,4,DT-EQP-02_20260516T0000_T17,2,8,WF.010708,CL-2601-007,08,CL-2601-007-A2-A3,08,9,6
BS-2601-005,17,10,3,DT-EQP-02_20260516T0000_T17,2,9,WF.010708,CL-2601-007,08,CL-2601-007-A2-A3,08,1,8
BS-2601-005,17,9,11,DT-EQP-02_20260516T0000_T17,3,1,WF.010102,CL-2601-001,02,CL-2601-001,02,10,3
BS-2601-005,17,9,6,DT-EQP-02_20260516T0000_T17,3,6,WF.010708,CL-2601-007,08,CL-2601-007-A2-A3,08,8,4
BS-2601-005,17,9,5,DT-EQP-02_20260516T0000_T17,3,7,WF.010102,CL-2601-001,02,CL-2601-001,02,10,8
BS-2601-005,17,9,3,DT-EQP-02_20260516T0000_T17,3,9,WF.010102,CL-2601-001,02,CL-2601-001,02,4,5
BS-2601-005,17,9,2,DT-EQP-02_20260516T0000_T17,3,10,WF.010706,CL-2601-007,06,CL-2601-007-A2-A6-A8,06,6,7
BS-2601-005,17,9,1,DT-EQP-02_20260516T0000_T17,3,11,WF.010708,CL-2601-007,08,CL-2601-007-A2-A3,08,5,7
BS-2601-005,17,8,11,DT-EQP-02_20260516T0000_T17,4,1,WF.010102,CL-2601-001,02,CL-2601-001,02,4,4
BS-2601-005,17,8,9,DT-EQP-02_20260516T0000_T17,4,3,WF.010706,CL-2601-007,06,CL-2601-007-A2-A6-A8,06,7,7
BS-2601-005,17,8,6,DT-EQP-02_20260516T0000_T17,4,6,WF.010708,CL-2601-007,08,CL-2601-007-A2-A3,08,5,3
BS-2601-005,17,8,5,DT-EQP-02_20260516T0000_T17,4,7,WF.010102,CL-2601-001,02,CL-2601-001,02,6,9
BS-2601-005,17,7,10,DT-EQP-02_20260516T0000_T17,5,2,WF.010708,CL-2601-007,08,CL-2601-007-A2-A3,08,5,5
BS-2601-005,17,7,9,DT-EQP-02_20260516T0000_T17,5,3,WF.010102,CL-2601-001,02,CL-2601-001,02,9,10
BS-2601-005,17,7,6,DT-EQP-02_20260516T0000_T17,5,6,WF.010102,CL-2601-001,02,CL-2601-001,02,2,2
BS-2601-005,17,7,3,DT-EQP-02_20260516T0000_T17,5,9,WF.010708,CL-2601-007,08,CL-2601-007-A2-A3,08,4,3
BS-2601-005,17,7,2,DT-EQP-02_20260516T0000_T17,5,10,WF.010708,CL-2601-007,08,CL-2601-007-A2-A3,08,10,2
BS-2601-005,17,7,0,DT-EQP-02_20260516T0000_T17,5,12,WF.010708,CL-2601-007,08,CL-2601-007-A2-A3,08,6,9
BS-2601-005,17,6,11,DT-EQP-02_20260516T0000_T17,6,1,WF.010706,CL-2601-007,06,CL-2601-007-A2-A6-A8,06,3,3
BS-2601-005,17,6,9,DT-EQP-02_20260516T0000_T17,6,3,WF.010708,CL-2601-007,08,CL-2601-007-A2-A3,08,3,2
BS-2601-005,17,6,8,DT-EQP-02_20260516T0000_T17,6,4,WF.010102,CL-2601-001,02,CL-2601-001,02,12,7
BS-2601-005,17,6,5,DT-EQP-02_20260516T0000_T17,6,7,WF.010706,CL-2601-007,06,CL-2601-007-A2-A6-A8,06,2,6
BS-2601-005,17,6,3,DT-EQP-02_20260516T0000_T17,6,9,WF.010708,CL-2601-007,08,CL-2601-007-A2-A3,08,3,5
BS-2601-005,17,6,1,DT-EQP-02_20260516T0000_T17,6,11,WF.010706,CL-2601-007,06,CL-2601-007-A2-A6-A8,06,4,5
BS-2601-005,17,5,11,DT-EQP-02_20260516T0000_T17,7,1,WF.010102,CL-2601-001,02,CL-2601-001,02,7,3
BS-2601-005,17,5,8,DT-EQP-02_20260516T0000_T17,7,4,WF.010102,CL-2601-001,02,CL-2601-001,02,9,11
BS-2601-005,17,5,7,DT-EQP-02_20260516T0000_T17,7,5,WF.010708,CL-2601-007,08,CL-2601-007-A2-A3,08,2,3
BS-2601-005,17,5,3,DT-EQP-02_20260516T0000_T17,7,9,WF.010102,CL-2601-001,02,CL-2601-001,02,8,9
BS-2601-005,17,5,0,DT-EQP-02_20260516T0000_T17,7,12,WF.010708,CL-2601-007,08,CL-2601-007-A2-A3,08,7,6
BS-2601-005,17,4,10,DT-EQP-02_20260516T0000_T17,8,2,WF.010708,CL-2601-007,08,CL-2601-007-A2-A3,08,11,3
BS-2601-005,17,4,9,DT-EQP-02_20260516T0000_T17,8,3,WF.010708,CL-2601-007,08,CL-2601-007-A2-A3,08,6,2
BS-2601-005,17,4,5,DT-EQP-02_20260516T0000_T17,8,7,WF.010102,CL-2601-001,02,CL-2601-001,02,11,4
BS-2601-005,17,4,4,DT-EQP-02_20260516T0000_T17,8,8,WF.010708,CL-2601-007,08,CL-2601-007-A2-A3,08,2,9
BS-2601-005,17,4,2,DT-EQP-02_20260516T0000_T17,8,10,WF.010706,CL-2601-007,06,CL-2601-007-A2-A6-A8,06,5,7
BS-2601-005,17,3,11,DT-EQP-02_20260516T0000_T17,9,1,WF.010102,CL-2601-001,02,CL-2601-001,02,2,6
BS-2601-005,17,2,10,DT-EQP-02_20260516T0000_T17,10,2,WF.010102,CL-2601-001,02,CL-2601-001,02,4,8
BS-2601-005,17,2,6,DT-EQP-02_20260516T0000_T17,10,6,WF.010708,CL-2601-007,08,CL-2601-007-A2-A3,08,6,4
BS-2601-005,17,2,3,DT-EQP-02_20260516T0000_T17,10,9,WF.010706,CL-2601-007,06,CL-2601-007-A2-A6-A8,06,11,4
BS-2601-005,17,2,2,DT-EQP-02_20260516T0000_T17,10,10,WF.010706,CL-2601-007,06,CL-2601-007-A2-A6-A8,06,4,9
BS-2601-005,17,1,9,DT-EQP-02_20260516T0000_T17,11,3,WF.010708,CL-2601-007,08,CL-2601-007-A2-A3,08,5,8
BS-2601-005,17,0,6,DT-EQP-02_20260516T0000_T17,12,6,WF.010102,CL-2601-001,02,CL-2601-001,02,1,6
BS-2601-005,18,12,5,DT-EQP-02_20260516T0000_T18,0,7,WF.010213,CL-2601-002,13,CL-2601-002,13,9,1
BS-2601-005,18,11,5,DT-EQP-02_20260516T0000_T18,1,7,WF.010213,CL-2601-002,13,CL-2601-002,13,3,8
BS-2601-005,18,10,10,DT-EQP-02_20260516T0000_T18,2,2,WF.010213,CL-2601-002,13,CL-2601-002,13,7,12
BS-2601-005,18,10,8,DT-EQP-02_20260516T0000_T18,2,4,WF.010213,CL-2601-002,13,CL-2601-002,13,7,3
BS-2601-005,18,10,4,DT-EQP-02_20260516T0000_T18,2,8,WF.010213,CL-2601-002,13,CL-2601-002,13,2,4
BS-2601-005,18,10,3,DT-EQP-02_20260516T0000_T18,2,9,WF.010115,CL-2601-001,15,CL-2601-001,15,3,10
BS-2601-005,18,9,8,DT-EQP-02_20260516T0000_T18,3,4,WF.010213,CL-2601-002,13,CL-2601-002,13,9,6
BS-2601-005,18,8,8,DT-EQP-02_20260516T0000_T18,4,4,WF.010213,CL-2601-002,13,CL-2601-002,13,7,7
BS-2601-005,18,8,7,DT-EQP-02_20260516T0000_T18,4,5,WF.010612,CL-2601-006,12,CL-2601-006,12,7,6
BS-2601-005,18,8,5,DT-EQP-02_20260516T0000_T18,4,7,WF.010612,CL-2601-006,12,CL-2601-006,12,4,6
BS-2601-005,18,8,4,DT-EQP-02_20260516T0000_T18,4,8,WF.010213,CL-2601-002,13,CL-2601-002,13,10,5
BS-2601-005,18,8,3,DT-EQP-02_20260516T0000_T18,4,9,WF.010213,CL-2601-002,13,CL-2601-002,13,5,7
BS-2601-005,18,7,7,DT-EQP-02_20260516T0000_T18,5,5,WF.010213,CL-2601-002,13,CL-2601-002,13,7,11
BS-2601-005,18,7,6,DT-EQP-02_20260516T0000_T18,5,6,WF.010612,CL-2601-006,12,CL-2601-006,12,9,4
BS-2601-005,18,7,2,DT-EQP-02_20260516T0000_T18,5,10,WF.010213,CL-2601-002,13,CL-2601-002,13,12,5
BS-2601-005,18,7,1,DT-EQP-02_20260516T0000_T18,5,11,WF.010213,CL-2601-002,13,CL-2601-002,13,5,12
BS-2601-005,18,6,10,DT-EQP-02_20260516T0000_T18,6,2,WF.010612,CL-2601-006,12,CL-2601-006,12,3,8
BS-2601-005,18,6,7,DT-EQP-02_20260516T0000_T18,6,5,WF.010213,CL-2601-002,13,CL-2601-002,13,10,10
BS-2601-005,18,6,5,DT-EQP-02_20260516T0000_T18,6,7,WF.010213,CL-2601-002,13,CL-2601-002,13,11,6
BS-2601-005,18,6,4,DT-EQP-02_20260516T0000_T18,6,8,WF.010213,CL-2601-002,13,CL-2601-002,13,1,8
BS-2601-005,18,6,2,DT-EQP-02_20260516T0000_T18,6,10,WF.010213,CL-2601-002,13,CL-2601-002,13,4,4
BS-2601-005,18,6,0,DT-EQP-02_20260516T0000_T18,6,12,WF.010213,CL-2601-002,13,CL-2601-002,13,6,3
BS-2601-005,18,5,9,DT-EQP-02_20260516T0000_T18,7,3,WF.010213,CL-2601-002,13,CL-2601-002,13,4,6
BS-2601-005,18,5,8,DT-EQP-02_20260516T0000_T18,7,4,WF.010612,CL-2601-006,12,CL-2601-006,12,7,11
BS-2601-005,18,5,7,DT-EQP-02_20260516T0000_T18,7,5,WF.010213,CL-2601-002,13,CL-2601-002,13,3,2
BS-2601-005,18,5,5,DT-EQP-02_20260516T0000_T18,7,7,WF.010612,CL-2601-006,12,CL-2601-006,12,7,9
BS-2601-005,18,5,3,DT-EQP-02_20260516T0000_T18,7,9,WF.010213,CL-2601-002,13,CL-2601-002,13,8,2
BS-2601-005,18,4,10,DT-EQP-02_20260516T0000_T18,8,2,WF.010612,CL-2601-006,12,CL-2601-006,12,5,9
BS-2601-005,18,4,6,DT-EQP-02_20260516T0000_T18,8,6,WF.010213,CL-2601-002,13,CL-2601-002,13,11,4
BS-2601-005,18,4,3,DT-EQP-02_20260516T0000_T18,8,9,WF.010213,CL-2601-002,13,CL-2601-002,13,4,5
BS-2601-005,18,4,2,DT-EQP-02_20260516T0000_T18,8,10,WF.010213,CL-2601-002,13,CL-2601-002,13,11,5
BS-2601-005,18,4,1,DT-EQP-02_20260516T0000_T18,8,11,WF.010213,CL-2601-002,13,CL-2601-002,13,3,10
BS-2601-005,18,3,10,DT-EQP-02_20260516T0000_T18,9,2,WF.010213,CL-2601-002,13,CL-2601-002,13,11,3
BS-2601-005,18,3,9,DT-EQP-02_20260516T0000_T18,9,3,WF.010213,CL-2601-002,13,CL-2601-002,13,5,3
BS-2601-005,18,3,7,DT-EQP-02_20260516T0000_T18,9,5,WF.010213,CL-2601-002,13,CL-2601-002,13,10,9
BS-2601-005,18,2,10,DT-EQP-02_20260516T0000_T18,10,2,WF.010213,CL-2601-002,13,CL-2601-002,13,10,6
BS-2601-005,18,2,9,DT-EQP-02_20260516T0000_T18,10,3,WF.010213,CL-2601-002,13,CL-2601-002,13,10,8
BS-2601-005,18,2,4,DT-EQP-02_20260516T0000_T18,10,8,WF.010213,CL-2601-002,13,CL-2601-002,13,8,3
BS-2601-005,18,2,3,DT-EQP-02_20260516T0000_T18,10,9,WF.010115,CL-2601-001,15,CL-2601-001,15,6,5
BS-2601-005,18,2,2,DT-EQP-02_20260516T0000_T18,10,10,WF.010213,CL-2601-002,13,CL-2601-002,13,9,2
BS-2601-005,18,1,9,DT-EQP-02_20260516T0000_T18,11,3,WF.010213,CL-2601-002,13,CL-2601-002,13,5,8
BS-2601-005,18,0,7,DT-EQP-02_20260516T0000_T18,12,5,WF.010213,CL-2601-002,13,CL-2601-002,13,2,8
BS-2601-005,18,0,6,DT-EQP-02_20260516T0000_T18,12,6,WF.010612,CL-2601-006,12,CL-2601-006,12,3,1
BS-2601-005,19,11,9,DT-EQP-02_20260516T0000_T19,1,3,WF.010507,CL-2601-005,07,CL-2601-005-A5,07,4,6
BS-2601-005,19,11,8,DT-EQP-02_20260516T0000_T19,1,4,WF.010211,CL-2601-002,11,CL-2601-002-A4,11,8,8
BS-2601-005,19,11,7,DT-EQP-02_20260516T0000_T19,1,5,WF.010507,CL-2601-005,07,CL-2601-005-A5,07,9,8
BS-2601-005,19,11,3,DT-EQP-02_20260516T0000_T19,1,9,WF.010507,CL-2601-005,07,CL-2601-005-A5,07,2,10
BS-2601-005,19,10,8,DT-EQP-02_20260516T0000_T19,2,4,WF.010211,CL-2601-002,11,CL-2601-002-A4,11,10,5
BS-2601-005,19,10,5,DT-EQP-02_20260516T0000_T19,2,7,WF.010507,CL-2601-005,07,CL-2601-005-A5,07,4,5
BS-2601-005,19,10,2,DT-EQP-02_20260516T0000_T19,2,10,WF.010507,CL-2601-005,07,CL-2601-005-A5,07,5,6
BS-2601-005,19,9,9,DT-EQP-02_20260516T0000_T19,3,3,WF.010211,CL-2601-002,11,CL-2601-002-A4,11,10,3
BS-2601-005,19,9,8,DT-EQP-02_20260516T0000_T19,3,4,WF.010507,CL-2601-005,07,CL-2601-005-A5,07,9,9
BS-2601-005,19,9,3,DT-EQP-02_20260516T0000_T19,3,9,WF.010507,CL-2601-005,07,CL-2601-005-A5,07,5,9
BS-2601-005,19,9,1,DT-EQP-02_20260516T0000_T19,3,11,WF.010507,CL-2601-005,07,CL-2601-005-A5,07,10,10
BS-2601-005,19,8,11,DT-EQP-02_20260516T0000_T19,4,1,WF.010507,CL-2601-005,07,CL-2601-005-A5,07,9,10
BS-2601-005,19,8,10,DT-EQP-02_20260516T0000_T19,4,2,WF.010507,CL-2601-005,07,CL-2601-005-A5,07,9,6
BS-2601-005,19,8,9,DT-EQP-02_20260516T0000_T19,4,3,WF.010507,CL-2601-005,07,CL-2601-005-A5,07,6,5
BS-2601-005,19,8,5,DT-EQP-02_20260516T0000_T19,4,7,WF.010507,CL-2601-005,07,CL-2601-005-A5,07,9,3
BS-2601-005,19,8,3,DT-EQP-02_20260516T0000_T19,4,9,WF.010211,CL-2601-002,11,CL-2601-002-A4,11,3,6
BS-2601-005,19,8,2,DT-EQP-02_20260516T0000_T19,4,10,WF.010211,CL-2601-002,11,CL-2601-002-A4,11,4,7
BS-2601-005,19,8,1,DT-EQP-02_20260516T0000_T19,4,11,WF.010507,CL-2601-005,07,CL-2601-005-A5,07,7,0
BS-2601-005,19,7,10,DT-EQP-02_20260516T0000_T19,5,2,WF.010211,CL-2601-002,11,CL-2601-002-A4,11,5,5
BS-2601-005,19,7,8,DT-EQP-02_20260516T0000_T19,5,4,WF.010507,CL-2601-005,07,CL-2601-005-A5,07,10,2
BS-2601-005,19,7,6,DT-EQP-02_20260516T0000_T19,5,6,WF.010507,CL-2601-005,07,CL-2601-005-A5,07,7,5
BS-2601-005,19,7,5,DT-EQP-02_20260516T0000_T19,5,7,WF.010507,CL-2601-005,07,CL-2601-005-A5,07,9,4
BS-2601-005,19,7,4,DT-EQP-02_20260516T0000_T19,5,8,WF.010211,CL-2601-002,11,CL-2601-002-A4,11,3,10
BS-2601-005,19,7,2,DT-EQP-02_20260516T0000_T19,5,10,WF.010507,CL-2601-005,07,CL-2601-005-A5,07,7,3
BS-2601-005,19,6,7,DT-EQP-02_20260516T0000_T19,6,5,WF.010507,CL-2601-005,07,CL-2601-005-A5,07,5,0
BS-2601-005,19,6,3,DT-EQP-02_20260516T0000_T19,6,9,WF.010211,CL-2601-002,11,CL-2601-002-A4,11,5,8
BS-2601-005,19,5,10,DT-EQP-02_20260516T0000_T19,7,2,WF.010507,CL-2601-005,07,CL-2601-005-A5,07,10,6
BS-2601-005,19,5,5,DT-EQP-02_20260516T0000_T19,7,7,WF.010211,CL-2601-002,11,CL-2601-002-A4,11,2,3
BS-2601-005,19,5,2,DT-EQP-02_20260516T0000_T19,7,10,WF.010211,CL-2601-002,11,CL-2601-002-A4,11,5,4
BS-2601-005,19,5,1,DT-EQP-02_20260516T0000_T19,7,11,WF.010507,CL-2601-005,07,CL-2601-005-A5,07,8,4
BS-2601-005,19,4,11,DT-EQP-02_20260516T0000_T19,8,1,WF.010211,CL-2601-002,11,CL-2601-002-A4,11,1,3
BS-2601-005,19,4,10,DT-EQP-02_20260516T0000_T19,8,2,WF.010507,CL-2601-005,07,CL-2601-005-A5,07,2,8
BS-2601-005,19,4,9,DT-EQP-02_20260516T0000_T19,8,3,WF.010507,CL-2601-005,07,CL-2601-005-A5,07,4,2
BS-2601-005,19,4,7,DT-EQP-02_20260516T0000_T19,8,5,WF.010507,CL-2601-005,07,CL-2601-005-A5,07,6,12
BS-2601-005,19,4,5,DT-EQP-02_20260516T0000_T19,8,7,WF.010507,CL-2601-005,07,CL-2601-005-A5,07,3,6
BS-2601-005,19,4,3,DT-EQP-02_20260516T0000_T19,8,9,WF.010507,CL-2601-005,07,CL-2601-005-A5,07,4,8
BS-2601-005,19,3,9,DT-EQP-02_20260516T0000_T19,9,3,WF.010507,CL-2601-005,07,CL-2601-005-A5,07,3,9
BS-2601-005,19,3,8,DT-EQP-02_20260516T0000_T19,9,4,WF.010211,CL-2601-002,11,CL-2601-002-A4,11,9,2
BS-2601-005,19,3,6,DT-EQP-02_20260516T0000_T19,9,6,WF.010507,CL-2601-005,07,CL-2601-005-A5,07,2,4
BS-2601-005,19,3,4,DT-EQP-02_20260516T0000_T19,9,8,WF.010211,CL-2601-002,11,CL-2601-002-A4,11,10,4
BS-2601-005,19,3,1,DT-EQP-02_20260516T0000_T19,9,11,WF.010211,CL-2601-002,11,CL-2601-002-A4,11,4,9
BS-2601-005,19,2,10,DT-EQP-02_20260516T0000_T19,10,2,WF.010211,CL-2601-002,11,CL-2601-002-A4,11,3,1
BS-2601-005,19,2,7,DT-EQP-02_20260516T0000_T19,10,5,WF.010211,CL-2601-002,11,CL-2601-002-A4,11,7,11
BS-2601-005,19,2,5,DT-EQP-02_20260516T0000_T19,10,7,WF.010507,CL-2601-005,07,CL-2601-005-A5,07,2,3
BS-2601-005,19,2,4,DT-EQP-02_20260516T0000_T19,10,8,WF.010507,CL-2601-005,07,CL-2601-005-A5,07,6,7
BS-2601-005,19,1,8,DT-EQP-02_20260516T0000_T19,11,4,WF.010507,CL-2601-005,07,CL-2601-005-A5,07,5,5
BS-2601-005,19,1,7,DT-EQP-02_20260516T0000_T19,11,5,WF.010211,CL-2601-002,11,CL-2601-002-A4,11,1,7
BS-2601-005,19,1,4,DT-EQP-02_20260516T0000_T19,11,8,WF.010507,CL-2601-005,07,CL-2601-005-A5,07,7,7
BS-2601-005,19,1,3,DT-EQP-02_20260516T0000_T19,11,9,WF.010507,CL-2601-005,07,CL-2601-005-A5,07,3,8
BS-2601-005,20,12,6,DT-EQP-02_20260516T0000_T20,0,6,WF.010606,CL-2601-006,06,CL-2601-006,06,5,3
BS-2601-005,20,11,8,DT-EQP-02_20260516T0000_T20,1,4,WF.010110,CL-2601-001,10,CL-2601-001,10,1,7
BS-2601-005,20,11,7,DT-EQP-02_20260516T0000_T20,1,5,WF.010110,CL-2601-001,10,CL-2601-001,10,1,4
BS-2601-005,20,11,6,DT-EQP-02_20260516T0000_T20,1,6,WF.010119,CL-2601-001,19,CL-2601-001,19,3,2
BS-2601-005,20,11,3,DT-EQP-02_20260516T0000_T20,1,9,WF.010119,CL-2601-001,19,CL-2601-001,19,2,9
BS-2601-005,20,10,6,DT-EQP-02_20260516T0000_T20,2,6,WF.010606,CL-2601-006,06,CL-2601-006,06,4,6
BS-2601-005,20,9,3,DT-EQP-02_20260516T0000_T20,3,9,WF.010606,CL-2601-006,06,CL-2601-006,06,7,5
BS-2601-005,20,9,2,DT-EQP-02_20260516T0000_T20,3,10,WF.010110,CL-2601-001,10,CL-2601-001,10,8,3
BS-2601-005,20,8,10,DT-EQP-02_20260516T0000_T20,4,2,WF.010119,CL-2601-001,19,CL-2601-001,19,9,2
BS-2601-005,20,8,7,DT-EQP-02_20260516T0000_T20,4,5,WF.010119,CL-2601-001,19,CL-2601-001,19,4,1
BS-2601-005,20,8,6,DT-EQP-02_20260516T0000_T20,4,6,WF.010119,CL-2601-001,19,CL-2601-001,19,10,4
BS-2601-005,20,8,3,DT-EQP-02_20260516T0000_T20,4,9,WF.010110,CL-2601-001,10,CL-2601-001,10,11,4
BS-2601-005,20,7,3,DT-EQP-02_20260516T0000_T20,5,9,WF.010606,CL-2601-006,06,CL-2601-006,06,11,9
BS-2601-005,20,7,2,DT-EQP-02_20260516T0000_T20,5,10,WF.010110,CL-2601-001,10,CL-2601-001,10,11,5
BS-2601-005,20,7,1,DT-EQP-02_20260516T0000_T20,5,11,WF.010119,CL-2601-001,19,CL-2601-001,19,12,6
BS-2601-005,20,7,0,DT-EQP-02_20260516T0000_T20,5,12,WF.010119,CL-2601-001,19,CL-2601-001,19,11,4
BS-2601-005,20,6,11,DT-EQP-02_20260516T0000_T20,6,1,WF.010119,CL-2601-001,19,CL-2601-001,19,3,8
BS-2601-005,20,6,6,DT-EQP-02_20260516T0000_T20,6,6,WF.010119,CL-2601-001,19,CL-2601-001,19,11,8
BS-2601-005,20,6,4,DT-EQP-02_20260516T0000_T20,6,8,WF.010110,CL-2601-001,10,CL-2601-001,10,5,2
BS-2601-005,20,5,12,DT-EQP-02_20260516T0000_T20,7,0,WF.010119,CL-2601-001,19,CL-2601-001,19,6,9
BS-2601-005,20,5,10,DT-EQP-02_20260516T0000_T20,7,2,WF.010606,CL-2601-006,06,CL-2601-006,06,6,8
BS-2601-005,20,5,9,DT-EQP-02_20260516T0000_T20,7,3,WF.010119,CL-2601-001,19,CL-2601-001,19,5,12
BS-2601-005,20,5,8,DT-EQP-02_20260516T0000_T20,7,4,WF.010119,CL-2601-001,19,CL-2601-001,19,6,12
BS-2601-005,20,5,7,DT-EQP-02_20260516T0000_T20,7,5,WF.010119,CL-2601-001,19,CL-2601-001,19,6,2
BS-2601-005,20,5,0,DT-EQP-02_20260516T0000_T20,7,12,WF.010110,CL-2601-001,10,CL-2601-001,10,8,7
BS-2601-005,20,4,5,DT-EQP-02_20260516T0000_T20,8,7,WF.010110,CL-2601-001,10,CL-2601-001,10,7,3
BS-2601-005,20,4,4,DT-EQP-02_20260516T0000_T20,8,8,WF.010606,CL-2601-006,06,CL-2601-006,06,3,7
BS-2601-005,20,4,1,DT-EQP-02_20260516T0000_T20,8,11,WF.010606,CL-2601-006,06,CL-2601-006,06,10,7
BS-2601-005,20,3,11,DT-EQP-02_20260516T0000_T20,9,1,WF.010606,CL-2601-006,06,CL-2601-006,06,10,3
BS-2601-005,20,3,10,DT-EQP-02_20260516T0000_T20,9,2,WF.010606,CL-2601-006,06,CL-2601-006,06,5,5
BS-2601-005,20,3,7,DT-EQP-02_20260516T0000_T20,9,5,WF.010606,CL-2601-006,06,CL-2601-006,06,8,7
BS-2601-005,20,3,5,DT-EQP-02_20260516T0000_T20,9,7,WF.010119,CL-2601-001,19,CL-2601-001,19,4,3
BS-2601-005,20,3,3,DT-EQP-02_20260516T0000_T20,9,9,WF.010119,CL-2601-001,19,CL-2601-001,19,6,3
BS-2601-005,20,3,2,DT-EQP-02_20260516T0000_T20,9,10,WF.010110,CL-2601-001,10,CL-2601-001,10,0,6
BS-2601-005,20,2,8,DT-EQP-02_20260516T0000_T20,10,4,WF.010110,CL-2601-001,10,CL-2601-001,10,5,1
BS-2601-005,20,2,7,DT-EQP-02_20260516T0000_T20,10,5,WF.010110,CL-2601-001,10,CL-2601-001,10,4,8
BS-2601-005,20,2,3,DT-EQP-02_20260516T0000_T20,10,9,WF.010110,CL-2601-001,10,CL-2601-001,10,2,10
BS-2601-005,20,2,2,DT-EQP-02_20260516T0000_T20,10,10,WF.010606,CL-2601-006,06,CL-2601-006,06,7,8
BS-2601-005,20,1,7,DT-EQP-02_20260516T0000_T20,11,5,WF.010110,CL-2601-001,10,CL-2601-001,10,7,10
BS-2601-005,20,1,6,DT-EQP-02_20260516T0000_T20,11,6,WF.010606,CL-2601-006,06,CL-2601-006,06,1,3
BS-2601-005,20,1,5,DT-EQP-02_20260516T0000_T20,11,7,WF.010119,CL-2601-001,19,CL-2601-001,19,1,7
BS-2601-005,20,1,4,DT-EQP-02_20260516T0000_T20,11,8,WF.010119,CL-2601-001,19,CL-2601-001,19,3,11
BS-2601-005,20,1,3,DT-EQP-02_20260516T0000_T20,11,9,WF.010119,CL-2601-001,19,CL-2601-001,19,7,4
BS-2601-005,20,0,5,DT-EQP-02_20260516T0000_T20,12,7,WF.010119,CL-2601-001,19,CL-2601-001,19,6,5
